Customer ID,Customer Name,AR Account,Chain,Phone,Territory,Account Status,Customer Type,Last Month Sales,Product Group,Distribution Area
1535,APPLEJACKS LIQUORS - DENTON,APPLEJACKS LIQUORS,* Independent Fisher59 - TEXAS,(817) 614-1553,Denton,Active,LIQUOR / PACKAGE STORE,"$255,123.42 ",All (Beer/Wine/Spirits),(TX) Denton
950,SPEC'S LIQUORS #123 (DENTON),SPEC'S LIQUOR (D),SPEC'S LIQUOR (TX),,Denton,Active,LIQUOR / PACKAGE STORE,"$129,738.71 ",All (Beer/Wine/Spirits),(TX) Denton
57885,WAL-MART #185 (GAINESVILLE),WAL-MART (D),WAL-MART (TX),(940) 668-6898,Denton,Active,SUPERCENTER,"$122,511.80 ",Beer/Wine,(TX) Cooke
49318,TOTAL WINE SPIRITS BEER & MORE #511,TOTAL WINE #511,TOTAL WINE (TX),(940) 484-9540,Denton,Active,LIQUOR / PACKAGE STORE,"$111,093.36 ",All (Beer/Wine/Spirits),(TX) Denton
789,WAL-MART SUPERCENTER - #5707 (CROSS ROADS),WAL-MART (D),WAL-MART (TX),,Denton,Active,SUPERCENTER,"$97,116.55 ",Beer/Wine,(TX) Denton
52986,WAL-MART SUPERCENTER - #4627 (UNIVERSITY),WAL-MART (D),WAL-MART (TX),(940) 555-1212,Denton,Active,SUPERCENTER,"$95,175.65 ",Beer/Wine,(TX) Denton
12023,WINSTAR CASINO,WINSTAR/TRADITIONS ON PREMISE (L),WINSTAR/TRADITIONS ON PREMISE (OK),(787) 431-4564,Ardmore,Active,CASINO / GAMING,"$91,210.41 ",All (Beer/Wine/Spirits),(OK) Love
49396,BUCEES #37 (HWY 114),BUCEES (D),BUCEES (TX),(682) 831-9947,Denton,Active,C-STORE / GAS,"$90,043.35 ",Beer/Wine,(TX) Denton
46946,WAL-MART SUPERCENTER - #5247 (ROANOKE),WAL-MART (D),WAL-MART (TX),(682) 831-9344,Denton,Active,SUPERCENTER,"$87,055.68 ",Beer/Wine,(TX) Denton
52985,WAL-MART SUPERCENTER - #467 (LOOP 288),WAL-MART (D),WAL-MART (TX),(940) 484-1717,Denton,Active,SUPERCENTER,"$84,850.23 ",Beer/Wine,(TX) Denton
6725,WAL-MART STORE #5071 (QUANAH PARKER),WAL-MART (LAW),WAL-MART (OK),(580) 510-9130,Lawton,Active,SUPERCENTER,"$83,386.25 ",Beer/Wine,(OK) Comanche
56804,WAL-MART SUPERCENTER - #421 (DECATUR),WAL-MART (D),WAL-MART (TX),(817) 609-3569,Denton,Active,SUPERCENTER,"$82,204.71 ",Beer/Wine,(TX) Wise
6710,WAL-MART STORE #1116 (DUNCAN),WAL-MART (LAW),WAL-MART (OK),(580) 255-5455,Lawton,Active,SUPERCENTER,"$81,894.31 ",Beer/Wine,(OK) Stephens
63065,KROGER #493,KROGER (D),KROGER (TX),,Denton,Active,SUPERMARKET,"$80,137.47 ",Beer/Wine,(TX) Denton
53470,WAL-MART SUPERCENTER - #3286 (HICKORY CREEK),WAL-MART (D),WAL-MART (TX),(940) 321-5363,Denton,Active,SUPERCENTER,"$79,059.45 ",Beer/Wine,(TX) Denton
898,TOTAL WINE SPIRITS BEER & MORE #507,TOTAL WINE #507,TOTAL WINE (TX),(214) 488-5713,Denton,Active,LIQUOR / PACKAGE STORE,"$76,357.13 ",All (Beer/Wine/Spirits),(TX) Denton
11010,WAL-MART STORE #129 (ARDMORE),WAL-MART (LAW),WAL-MART (OK),(580) 226-1257,Ardmore,Active,SUPERCENTER,"$76,218.16 ",Beer/Wine,(OK) Carter
334,KROGER #580,KROGER (D),KROGER (TX),(469) 888-5518,Denton,Active,SUPERMARKET,"$75,839.77 ",Beer/Wine,(TX) Denton
47506,WAL-MART SUPERCENTER - #5092 (ROUND GROVE),WAL-MART (D),WAL-MART (TX),(972) 315-3507,Denton,Active,SUPERCENTER,"$74,749.81 ",Beer/Wine,(TX) Denton
2603,H-E-B #789,HEB (TX),HEB (TX),,Denton,Active,SUPERMARKET,"$74,591.57 ",Beer/Wine,(TX) Denton
47472,WAL-MART SUPERCENTER - #217 (LEW MAIN ST),WAL-MART (D),WAL-MART (TX),(972) 436-3099,Denton,Active,SUPERCENTER,"$73,376.57 ",Beer/Wine,(TX) Denton
45881,KROGER #570,KROGER (D),KROGER (TX),(940) 380-4100,Denton,Active,SUPERMARKET,"$72,060.14 ",Beer/Wine,(TX) Denton
1142,KROGER #572,KROGER (D),KROGER (TX),(940) 294-8331,Denton,Active,SUPERMARKET,"$71,629.54 ",Beer/Wine,(TX) Denton
6715,WAL-MART SUPERCENTER #113 (CHICKASHA),WAL-MART (LAW),WAL-MART (OK),(405) 224-1867,Lawton,Active,SUPERCENTER,"$69,800.75 ",Beer/Wine,(OK) Grady
47655,SAM'S CLUB #4905 (DENTON),SAMS CLUB (D),SAM'S CLUB (TX),(940) 898-1807,Denton,Active,WHOLESALE CLUB,"$69,515.40 ",Beer/Wine,(TX) Denton
50625,WAL-MART SUPERCENTER - #426 (THE COLONY),WAL-MART (D),WAL-MART (TX),(972) 625-6628,Denton,Active,SUPERCENTER,"$69,012.82 ",Beer/Wine,(TX) Denton
6745,WAL-MART STORE #269 (NW SHERIDAN),WAL-MART (LAW),WAL-MART (OK),(580) 355-9070,Lawton,Active,SUPERCENTER,"$68,155.93 ",Beer/Wine,(OK) Comanche
2309,7-ELEVEN GROCERY #38993 (FORT WORTH),711 (Denton),711 (TX),,Denton,Active,C-STORE / GAS,"$67,238.40 ",Beer/Wine,(TX) Denton
49700,WAL-MART SUPERCENTER - #4240 (HIGHLAND VILLAGE),WAL-MART (D),WAL-MART (TX),(972) 317-4951,Denton,Active,SUPERCENTER,"$62,523.44 ",Beer/Wine,(TX) Denton
3128,H-E-B #802,HEB (TX),HEB (TX),(979) 251-4716,Denton,Active,SUPERMARKET,"$59,905.83 ",Beer/Wine,(TX) Denton
45872,KROGER #586,KROGER (D),KROGER (TX),(940) 566-6275,Denton,Active,SUPERMARKET,"$59,441.38 ",Beer/Wine,(TX) Denton
47654,SAM'S CLUB #6381 (LEWISVILLE),SAMS CLUB (D),SAM'S CLUB (TX),(972) 436-6684,Denton,Active,WHOLESALE CLUB,"$58,342.10 ",Beer/Wine,(TX) Denton
6735,WAL-MART STORE #479 (ALTUS),WAL-MART (LAW),WAL-MART (OK),(580) 482-8189,Lawton,Active,SUPERCENTER,"$57,741.10 ",Beer/Wine,(OK) Jackson
5621,SAM'S CLUB #8239 (LAWTON),WAL-MART (LAW),SAM'S CLUB (OK),(580) 248-3003,Lawton,Active,WHOLESALE CLUB,"$57,589.68 ",Beer/Wine,(OK) Comanche
1899,RACETRAC #2511,RACETRAC (D),RACETRAC (TX),,Denton,Active,C-STORE / GAS,"$57,049.02 ",Beer/Wine,(TX) Denton
1576,KROGER #589,KROGER (D),KROGER (TX),(972) 346-5243,Denton,Active,SUPERMARKET,"$56,357.94 ",Beer/Wine,(TX) Denton
396,WAL-MART #271 (BOWIE),WAL-MART (D),WAL-MART (TX),,Denton,Active,SUPERCENTER,"$55,488.10 ",Beer/Wine,(TX) Montague
1194,QUIKTRIP #1863 (NORTHLAKE),QUIKTRIP (D),QUIKTRIP (TX),(682) 831-1079,Denton,Active,C-STORE / GAS,"$55,265.71 ",Beer/Wine,(TX) Denton
50203,GOODY GOODY #16 (LITTLE ELM),GOODY GOODY (D),GOODY GOODY (TX),,Denton,Active,LIQUOR / PACKAGE STORE,"$53,965.26 ",All (Beer/Wine/Spirits),(TX) Denton
3047,FIESTA MART (LEWISVILLE),FIESTA MART (LEWISVILLE),FIESTA (TX),,Denton,Active,NEIGHBORHOOD GROC.,"$53,735.91 ",Beer/Wine,(TX) Denton
1164,WINCO FOODS #121 (LEWISVILLE),WINCO (D),WINCO (TX),(469) 645-1669,Denton,Active,SUPERMARKET,"$53,522.74 ",Beer/Wine,(TX) Denton
59584,WAL-MART SUPERCENTER - #3777 (ELDORADO),WAL-MART (D),WAL-MART (TX),(469) 362-8542,Denton,Active,SUPERCENTER,"$52,855.95 ",Beer/Wine,(TX) Denton
5970,SHERIDAN SHOPPETTE #1011921,AAFES ALTUS AFB (L),AAFES FORT SILL (OK),(580) 355-7601,Lawton,Active,MILITARY OFF LIQUOR,"$52,578.86 ",All (Beer/Wine/Spirits),(OK) Comanche
3400,TOM THUMB #12,TOM THUMB-PAGE (D),TOM THUMB (TX),,Denton,Active,SUPERMARKET,"$52,553.59 ",Beer/Wine,(TX) Denton
1843,BUCEES #39 (I35E),BUCEES (D),BUCEES (TX),,Denton,Active,C-STORE / GAS,"$52,357.33 ",Beer/Wine,(TX) Denton
46717,COSTCO WHOLESALE #683,COSTCO (D),COSTCO (TX),(469) 948-1041,Denton,Active,WHOLESALE CLUB,"$51,792.20 ",Beer/Wine,(TX) Denton
54908,KROGER #456,KROGER (D),KROGER (TX),(972) 355-0997,Denton,Active,SUPERMARKET,"$51,273.90 ",Beer/Wine,(TX) Denton
850,7-ELEVEN GROCERY #38149(407),711 (Denton),711 (TX),,Denton,Active,C-STORE / GAS,"$51,016.70 ",Beer/Wine,(TX) Denton
2094,7-ELEVEN GROCERY #38634 (OAK POINT),711 (Denton),711 (TX),,Denton,Active,C-STORE / GAS,"$50,364.16 ",Beer/Wine,(TX) Denton
1587,SPEC'S LIQUORS & WINE #80 (WICHITA FALLS),SPEC'S LIQUOR (D),SPEC'S LIQUOR (TX),,Wichita Falls,Active,LIQUOR / PACKAGE STORE,"$50,105.36 ",All (Beer/Wine/Spirits),"(TX) Archer, Baylor, Wichita, Wilbarger"
1148,WAL-MART #1148 (LAWRENCE),WAL-MART (D),WAL-MART (TX),(940) 696-3393,Wichita Falls,Active,SUPERCENTER,"$50,084.49 ",Beer/Wine,"(TX) Archer, Baylor, Wichita, Wilbarger"
1664,"FLUFFY'S DISCOUNT LIQUOR, BEER & WINE","FLUFFY'S DISCOUNT LIQUOR, BEER & WINE",* Independent Fisher59 - OKLAHOMA,(817) 501-6010,Lawton,Active,LIQUOR / PACKAGE STORE,"$49,543.17 ",All (Beer/Wine/Spirits),(OK) Comanche
420,WAL-MART #420 (I-44),WAL-MART (D),WAL-MART (TX),(940) 851-0629,Wichita Falls,Active,SUPERCENTER,"$49,154.88 ",Beer/Wine,"(TX) Archer, Baylor, Wichita, Wilbarger"
12405,WAL-MART STORE #225 (SULPHUR),WAL-MART (LAW),WAL-MART (OK),(405) 238-1728,Ardmore,Active,SUPERCENTER,"$49,123.02 ",Beer/Wine,(OK) Murray
1652,WAL-MART SUPERCENTER - #2463 (STONEBROOK),WAL-MART (D),WAL-MART (TX),(972) 987-8764,Denton,Active,SUPERCENTER,"$48,935.83 ",Beer/Wine,(TX) Denton
54072,QUIKTRIP #911 (MAYHILL),QUIKTRIP (D),QUIKTRIP (TX),(940) 380-8738,Denton,Active,C-STORE / GAS,"$47,262.66 ",Beer/Wine,(TX) Denton
5198,WAL-MART #414 (SW PKWY),WAL-MART (D),WAL-MART (TX),(940) 397-9650,Wichita Falls,Active,SUPERCENTER,"$45,857.59 ",Beer/Wine,"(TX) Archer, Baylor, Wichita, Wilbarger"
49357,WAL-MART NEIGHBORHOOD MKT #4104 (DENTON),WAL-MART (D),WAL-MART (TX),,Denton,Active,SUPERMARKET,"$44,719.57 ",Beer/Wine,(TX) Denton
8224,SAM'S CLUB #8224 (WICHITA FALLS),SAMS CLUB (D),SAM'S CLUB (TX),(940) 691-2815,Wichita Falls,Active,WHOLESALE CLUB,"$44,102.90 ",Beer/Wine,"(TX) Archer, Baylor, Wichita, Wilbarger"
54866,KROGER #585,KROGER (D),KROGER (TX),(469) 671-5770,Denton,Active,SUPERMARKET,"$43,705.65 ",Beer/Wine,(TX) Denton
404,WAL-MART NEIGHBORHOOD MKT #5963 (FLOWER MOUND),WAL-MART (D),WAL-MART (TX),(469) 549-4400,Denton,Active,SUPERMARKET,"$42,966.53 ",Beer/Wine,(TX) Denton
46334,TOM THUMB #1789 #6,TOM THUMB-PAGE (D),TOM THUMB (TX),(817) 490-6960,Denton,Active,SUPERMARKET,"$42,578.92 ",Beer/Wine,(TX) Denton
47449,WAL-MART NEIGHBORHOOD MKT#3287 (LEWISVILLE),WAL-MART (D),WAL-MART (TX),,Denton,Active,SUPERMARKET,"$41,015.51 ",Beer/Wine,(TX) Denton
1281,WINCO FOODS #140 (DENTON),WINCO (D),WINCO (TX),(940) 703-7022,Denton,Active,SUPERMARKET,"$40,592.87 ",Beer/Wine,(TX) Denton
12408,WAL-MART STORE #1043 (PAULS VALLEY),WAL-MART (LAW),WAL-MART (OK),(405) 238-7353,Ardmore,Active,SUPERCENTER,"$40,440.93 ",Beer/Wine,(OK) Garvin
773,FOOD DEPOT-RANDALL'S #2963,TOM THUMB-PAGE (D),TOM THUMB (TX),(214) 494-6213,Denton,Active,SUPERMARKET,"$40,102.67 ",Beer/Wine,(TX) Denton
2312,7-ELEVEN GROCERY #41170 (PROVIDENCE VILLAGE),711 (Denton),711 (TX),,Denton,Active,C-STORE / GAS,"$39,505.94 ",Beer/Wine,(TX) Denton
6670,CAMPUS QUICK STOP,CAMPUS QUICK STOP,* Independent Fisher59 - OKLAHOMA,(405) 224-0429,Lawton,Active,C-STORE / GAS,"$38,001.07 ",All (Beer/Wine/Spirits),(OK) Grady
796,SPEC'S LIQUORS #163 (THE COLONY),SPEC'S LIQUOR (D),SPEC'S LIQUOR (TX),2.14469E+19,Denton,Active,LIQUOR / PACKAGE STORE,"$37,383.75 ",All (Beer/Wine/Spirits),(TX) Denton
45823,GOOD SPIRITS #4191,ALBERTSONS (GOOD SPIRITS) (D),ALBERTSONS (GOOD SPIRITS) (TX),(940) 321-4540,Denton,Active,SUPERMARKET,"$37,210.02 ",Beer/Wine,(TX) Denton
485,FT SILL NORTH EXPRESS #1011922,AAFES ALTUS AFB (L),AAFES FORT SILL (OK),(580) 250-1204,Lawton,Active,MILITARY OFF LIQUOR,"$36,897.76 ",All (Beer/Wine/Spirits),(OK) Comanche
3365,TOM THUMB #361 (SANGER),TOM THUMB-PAGE (D),TOM THUMB (TX),(817) 568-3983,Denton,Active,SUPERMARKET,"$36,635.03 ",Beer/Wine,(TX) Denton
51250,GOODY GOODY#12 (HIGHLAND VILLAGE),GOODY GOODY (D),GOODY GOODY (TX),,Denton,Active,LIQUOR / PACKAGE STORE,"$36,610.18 ",All (Beer/Wine/Spirits),(TX) Denton
46433,KROGER #546,KROGER (D),KROGER (TX),(972) 377-9001,Denton,Active,SUPERMARKET,"$36,159.30 ",Beer/Wine,(TX) Denton
57166,TOM THUMB #2557,TOM THUMB-PAGE (D),TOM THUMB (TX),(940) 615-0311,Denton,Active,SUPERMARKET,"$35,832.93 ",Beer/Wine,(TX) Cooke
4590,UNITED (KELL) #417,UNITED SUPERMARKET (D),UNITED SUPERMARKET (TX),(940) 691-1471,Wichita Falls,Active,SUPERMARKET,"$34,545.72 ",Beer/Wine,"(TX) Archer, Baylor, Wichita, Wilbarger"
47183,QUIKTRIP #927 (HWY 121),QUIKTRIP (D),QUIKTRIP (TX),(972) 484-3881,Denton,Active,C-STORE / GAS,"$34,457.36 ",Beer/Wine,(TX) Denton
46391,KROGER #547,KROGER (D),KROGER (TX),(972) 731-0615,Denton,Active,SUPERMARKET,"$34,404.36 ",Beer/Wine,(TX) Denton
2471,7-ELEVEN GROCERY #41158 (SHERMAN),711 (Denton),711 (TX),(940) 783-5028,Denton,Active,C-STORE / GAS,"$34,090.33 ",Beer/Wine,(TX) Denton
1606,LUCKY'S SPIRITS & WINE,LUCKY'S SPIRITS & WINE,Lucky's Wine and Spirits (TX),(669) 888-6664,Denton,Active,LIQUOR / PACKAGE STORE,"$33,583.56 ",All (Beer/Wine/Spirits),(TX) Denton
51037,TOM THUMB #3575,TOM THUMB-PAGE (D),TOM THUMB (TX),(972) 539-2366,Denton,Active,SUPERMARKET,"$33,464.68 ",Beer/Wine,(TX) Denton
3045,WAL-MART #3229 (VERNON),WAL-MART (D),WAL-MART (TX),(940) 552-8029,Wichita Falls,Active,SUPERCENTER,"$33,378.67 ",Beer/Wine,"(TX) Archer, Baylor, Wichita, Wilbarger"
1078,WAL-MART STORE #2984 (SW LEE BLVD),WAL-MART (LAW),WAL-MART (OK),,Lawton,Active,SUPERCENTER,"$33,299.34 ",Beer/Wine,(OK) Comanche
55277,RACETRAC #528 (W. UNIVERSITY),RACETRAC (D),RACETRAC (TX),(940) 383-2344,Denton,Active,C-STORE / GAS,"$33,234.75 ",Beer/Wine,(TX) Denton
2204,MI TIENDITA BEER & WINE,MI TIENDITA BEER & WINE,* Independent Fisher59 - TEXAS,(469) 951-1402,Denton,Active,C-STORE / GAS,"$33,136.55 ",Beer/Wine,(TX) Denton
2380,CASEY'S GENERAL STORE #4514,CASEY'S (L),CASEY'S GENERAL STORES (OK),(580) 357-3970,Lawton,Active,C-STORE / GAS,"$32,321.27 ",Beer/Wine,(OK) Comanche
3251,COSTCO WHOLESALE #1694,COSTCO (D),COSTCO (TX),(972) 346-6122,Denton,Active,WHOLESALE CLUB,"$32,259.20 ",Beer/Wine,(TX) Denton
2784,ACE FUEL STOP #1,ACE FUEL STOP,* Independent Fisher59 - OKLAHOMA,,Ardmore,Active,C-STORE / GAS,"$32,116.99 ",Beer/NA,(OK) Carter
2659,THE SPORTSMAN 2 TRAVEL PLAZA,THE SPORTSMAN 2 TRAVEL PLAZA,* Independent Fisher59 - TEXAS,(940) 777-0221,Denton,Active,C-STORE / GAS,"$32,065.33 ",Beer/Wine,(TX) Denton
769,RUBIA & MORENA BEER AND WINE,RUBIA & MORENA BEER AND WINE,* Independent Fisher59 - TEXAS,,Denton,Active,C-STORE / GAS,"$31,668.78 ",Beer/Wine,(TX) Denton
58080,QUIKTRIP #940 (LAKE DALLAS),QUIKTRIP (D),QUIKTRIP (TX),(940) 497-4175,Denton,Active,C-STORE / GAS,"$31,446.76 ",Beer/Wine,(TX) Denton
54541,SHOP N GO LEWISVILLE,SHOP N GO LEWISVILLE,* Independent Fisher59 - TEXAS,(972) 418-8357,Denton,Active,C-STORE / GAS,"$31,311.81 ",Beer/Wine,(TX) Denton
12020,HARRY'S FOOD MART,HARRY'S FOOD MART,* Independent Fisher59 - OKLAHOMA,(580) 657-2911,Ardmore,Active,C-STORE / GAS,"$31,161.80 ",Beer/Wine,(OK) Carter
46715,CIRCLE K #2741194 (AUBREY),CIRCLE K (D),CIRCLE K/CST (TX),(972) 347-6516,Denton,Active,C-STORE / GAS,"$31,068.74 ",Beer/Wine,(TX) Denton
47415,SAM FOOD MART,SAM FOOD MART,* Independent Fisher59 - TEXAS,(972) 353-2000,Denton,Active,C-STORE / GAS,"$30,828.64 ",Beer/Wine,(TX) Denton
2950,FOSSIL CREEK LIQUOR - AUBREY,FOSSIL CREEK LIQUOR - AUBREY,FOSSIL CREEK LIQUOR (TX),(940) 536-4802,Denton,Active,LIQUOR / PACKAGE STORE,"$30,778.05 ",All (Beer/Wine/Spirits),(TX) Denton
47357,WHIP-IN #111,WHIP-IN #111,* Independent Fisher59 - TEXAS,(972) 492-8641,Denton,Active,C-STORE / GAS,"$30,558.53 ",Beer/Wine,(TX) Denton
2315,LIQUORLAND - CORRAL CITY,LIQUORLAND - CORRAL CITY,LIQUORLAND (TX),(281) 221-6025,Denton,Active,LIQUOR / PACKAGE STORE,"$30,362.42 ",All (Beer/Wine/Spirits),(TX) Denton
306,QUIKTRIP #912 (W. UNIVERSITY),QUIKTRIP (D),QUIKTRIP (TX),(940) 891-0107,Denton,Active,C-STORE / GAS,"$30,353.48 ",Beer/Wine,(TX) Denton
1792,7-ELEVEN GROCERY #38224 (PROSPER),711 (Denton),711 (TX),,Denton,Active,C-STORE / GAS,"$30,303.09 ",Beer/Wine,(TX) Denton
12024,THACKERVILLE TRAVEL STOP CTS,CHICKASAW NATION DIV OF COMMERCE (L),CHICKASAW NATION DIV OF COMMERCE (OK),(580) 276-4706,Ardmore,Active,C-STORE / GAS,"$30,196.59 ",Beer/Wine,(OK) Love
59675,MAYHILL FOOD MART,MAYHILL FOOD MART,* Independent Fisher59 - TEXAS,(940) 783-0946,Denton,Active,C-STORE / GAS,"$30,155.16 ",Beer/Wine,(TX) Denton
1270,7-ELEVEN GROCERY #37210(O' Reilly's),711 (Denton),711 (TX),(682) 831-9688,Denton,Active,C-STORE / GAS,"$29,952.71 ",Beer/Wine,(TX) Denton
4505,KOCKS LIQUOR BEER & WINE,KOCKS LIQUOR BEER WINE #1,* Independent Fisher59 - TEXAS,(940) 696-9229,Wichita Falls,Active,LIQUOR / PACKAGE STORE,"$29,824.62 ",All (Beer/Wine/Spirits),"(TX) Archer, Baylor, Wichita, Wilbarger"
54065,7-ELEVEN GROCERY #34010 (ELDORADO),711 (Denton),711 (TX),(469) 362-9545,Denton,Active,C-STORE / GAS,"$29,695.58 ",Beer/Wine,(TX) Denton
220,WAL-MART SUPERCENTER - #263 (FRISCO),WAL-MART (D),WAL-MART (TX),(217) 412-6865,Denton,Active,SUPERCENTER,"$29,469.15 ",Beer/Wine,(TX) Denton
54296,QUIKTRIP #942 (JUSTIN RD),QUIKTRIP (D),QUIKTRIP (TX),,Denton,Active,C-STORE / GAS,"$29,410.24 ",Beer/Wine,(TX) Denton
2192,CIRCLE K #2709263,CIRCLE K/RM (L),CIRCLE K/RM (OK),,Lawton,Active,C-STORE / GAS,"$29,131.39 ",Beer/Wine,(OK) Jackson
49759,CHAPARRAL,CHAPARRAL,* Independent Fisher59 - TEXAS,(940) 365-5775,Denton,Active,C-STORE / GAS,"$28,969.64 ",Beer/Wine,(TX) Denton
2871,QUIKTRIP #1859 (SANGER),QUIKTRIP (D),QUIKTRIP (TX),,Denton,Active,C-STORE / GAS,"$28,625.18 ",Beer/Wine,(TX) Denton
384,7-ELEVEN GROCERY #041757 (KRUM),711 (Denton),711 (TX),,Denton,Active,C-STORE / GAS,"$28,144.79 ",Beer/Wine,(TX) Denton
262,QUIKTRIP #928 (121 BUSINESS),QUIKTRIP (D),QUIKTRIP (TX),(972) 436-7109,Denton,Active,C-STORE / GAS,"$28,060.26 ",Beer/Wine,(TX) Denton
2836,OMNI PGA FRISCO RESORT,OMNI PGA FRISCO RESORT,OMNI HOTELS (TX),(469) 305-4669,Denton,Active,HOTEL / MOTEL,"$28,029.45 ",Beer/Wine,(TX) Denton
49643,BEV'S,BEV'S,* Independent Fisher59 - TEXAS,(940) 479-2635,Denton,Active,C-STORE / GAS,"$27,905.31 ",Beer/Wine,(TX) Denton
56689,ALLSUPS #102007 (DECATUR CATES),YESWAY (D),YESWAY (TX),(940) 627-3444,Denton,Active,C-STORE / GAS,"$27,582.88 ",Beer/Wine,(TX) Wise
47456,CONVENIENCE PLUS,CONVENIENCE PLUS,* Independent Fisher59 - TEXAS,(972) 221-2907,Denton,Active,C-STORE / GAS,"$27,570.69 ",Beer/Wine,(TX) Denton
63115,GOOD SPIRITS #4152,ALBERTSONS (GOOD SPIRITS) (D),ALBERTSONS (GOOD SPIRITS) (TX),(940) 383-2391,Denton,Active,SUPERMARKET,"$27,507.54 ",Beer/Wine,(TX) Denton
57810,MILLENIUM #2,MILLENIUM #2,* Independent Fisher59 - TEXAS,(469) 556-6928,Denton,Active,C-STORE / GAS,"$27,405.81 ",Beer/Wine,(TX) Denton
480,RACETRAC #685,RACETRAC (D),RACETRAC (TX),(000) 000-0000,Denton,Active,C-STORE / GAS,"$27,278.41 ",Beer/Wine,(TX) Denton
55802,ALLSUPS #102238 (JUSTIN),YESWAY (D),YESWAY (TX),(940) 648-1521,Denton,Active,C-STORE / GAS,"$27,193.89 ",Beer/Wine,(TX) Denton
1777,SPEC'S LIQUORS #168 (LITTLE ELM),SPEC'S LIQUOR (D),SPEC'S LIQUOR (TX),,Denton,Active,LIQUOR / PACKAGE STORE,"$26,696.21 ",All (Beer/Wine/Spirits),(TX) Denton
662,RACETRAC #612 (ELDORADO),RACETRAC (D),RACETRAC (TX),(214) 436-5187,Denton,Active,C-STORE / GAS,"$26,686.12 ",Beer/Wine,(TX) Denton
444,7-ELEVEN GROCERY #34356 (ROBINSON RD),711 (Denton),711 (TX),,Denton,Active,C-STORE / GAS,"$26,546.78 ",Beer/Wine,(TX) Denton
57331,QUIKTRIP #905 (EAGLE DR),QUIKTRIP (D),QUIKTRIP (TX),(940) 391-4916,Denton,Active,C-STORE / GAS,"$26,346.93 ",Beer/Wine,(TX) Denton
1817,SHADY LADY LIQUOR & MORE,SHADY LADY LIQUOR,* Independent Fisher59 - OKLAHOMA,(580) 512-1050,Lawton,Active,LIQUOR / PACKAGE STORE,"$26,063.01 ",All (Beer/Wine/Spirits),(OK) Comanche
59576,JOHNNY JOES #4,JOHNNY JOES #4,* Independent Fisher59 - TEXAS,(940) 482-1786,Denton,Active,C-STORE / GAS,"$25,835.43 ",Beer/Wine,(TX) Denton
55203,RACETRAC #132 (E. UNIVERSITY),RACETRAC (D),RACETRAC (TX),(940) 384-1820,Denton,Active,C-STORE / GAS,"$25,814.24 ",Beer/Wine,(TX) Denton
537,BROWNIE'S,BROWNIE'S FOOD MART,* Independent Fisher59 - TEXAS,(972) 219-5577,Denton,Active,C-STORE / GAS,"$25,729.94 ",Beer/Wine,(TX) Denton
2191,CIRCLE K #2709262,CIRCLE K/RM (L),CIRCLE K/RM (OK),,Lawton,Active,C-STORE / GAS,"$25,453.85 ",Beer/Wine,(OK) Jackson
555,FOOD DEPOT - RANDALLS #1854,TOM THUMB-PAGE (D),TOM THUMB (TX),(972) 691-2084,Denton,Active,SUPERMARKET,"$25,361.04 ",Beer/Wine,(TX) Denton
1275,BLACK TIE LIQUORS #2 AUBREY,BLACK TIE LIQUORS #2,BLACK TIE LIQUORS (TX),(972) 436-2520,Denton,Active,LIQUOR / PACKAGE STORE,"$25,222.21 ",All (Beer/Wine/Spirits),(TX) Denton
54023,THE SPORTSMAN (RJ CORNER STORE),THE SPORTSMAN (RJ CORNER STORE),* Independent Fisher59 - TEXAS,(940) 491-0034,Denton,Active,C-STORE / GAS,"$25,105.76 ",Beer/Wine,(TX) Denton
50013,LW'S CUT RATE LIQUOR & BEER,L. W.S LIQUOR,* Independent Fisher59 - TEXAS,(940) 665-9261,Denton,Active,LIQUOR / PACKAGE STORE,"$24,961.31 ",All (Beer/Wine/Spirits),(TX) Cooke
196,JERRY'S BEVERAGE CITY,JERRY'S BEVERAGE CITY,* Independent Fisher59 - TEXAS,(940) 686-2281,Denton,Active,C-STORE / GAS,"$24,589.77 ",Beer/Wine,(TX) Denton
2115,CHISHOLM CORNER OK #4,DIAMOND JUBILEE OIL LLC (OK),* Independent Fisher59 - OKLAHOMA,(580) 255-2272,Lawton,Active,C-STORE / GAS,"$24,293.14 ",Beer/Wine,(OK) Stephens
1084,BREAK TIME,BREAK TIME,* Independent Fisher59 - TEXAS,(972) 658-1941,Denton,Active,C-STORE / GAS,"$24,255.59 ",Beer/Wine,(TX) Denton
1693,BOOTLEGGERS - SHERIDAN,BOOTLEGGERS - SHERIDAN,* Independent Fisher59 - OKLAHOMA,(580) 699-3541,Lawton,Active,LIQUOR / PACKAGE STORE,"$24,193.20 ",All (Beer/Wine/Spirits),(OK) Comanche
12409,WAL-MART STORE #1295 (MADILL),WAL-MART (LAW),WAL-MART (OK),(580) 795-7383,Ardmore,Active,SUPERCENTER,"$23,747.71 ",Beer/Wine,(OK) Marshall West (377 & west)
54486,CIRCLE K #2742375,CIRCLE K (D),CIRCLE K/CST (TX),(972) 625-0959,Denton,Active,C-STORE / GAS,"$23,735.36 ",Beer/Wine,(TX) Denton
49356,RACETRAC #2370,RACETRAC (D),RACETRAC (TX),(940) 382-3499,Denton,Active,C-STORE / GAS,"$23,620.24 ",Beer/Wine,(TX) Denton
1661,LONGHORN EXPRESS (HWY 70),LADDI'S STORES (L),* Independent Fisher59 - OKLAHOMA,(832) 614-5779,Ardmore,Active,C-STORE / GAS,"$23,503.90 ",Beer/NA,(OK) Carter
2249,MURPHY EXPRESS #8926 (LOOP 288),MURPHY USA (D),MURPHY USA (TX),(870) 315-5248,Denton,Active,C-STORE / GAS,"$23,448.32 ",Beer/Wine,(TX) Denton
2236,CASEY'S GENERAL STORE #4518,CASEY'S (L),CASEY'S GENERAL STORES (OK),,Lawton,Active,C-STORE / GAS,"$23,447.04 ",Beer/Wine,(OK) Comanche
2652,LAKEWOOD MARKET,LAKEWOOD MARKET,* Independent Fisher59 - TEXAS,,Denton,Active,C-STORE / GAS,"$23,270.03 ",Beer/Wine,(TX) Denton
51011,7-ELEVEN GROCERY #35387A,711 (Denton),711 (TX),(972) 355-6400,Denton,Active,C-STORE / GAS,"$22,824.16 ",Beer/Wine,(TX) Denton
1653,QUIKTRIP #1883 (G'VILLE),QUICK TRIP (GAINESVILLE),QUIKTRIP (TX),(940) 665-1530,Denton,Active,C-STORE / GAS,"$22,779.66 ",Beer/Wine,(TX) Cooke
54411,PITSTOP,PITSTOP,* Independent Fisher59 - TEXAS,(940) 458-5100,Denton,Active,C-STORE / GAS,"$22,765.67 ",Beer/Wine,(TX) Denton
412,CHOCTAW CASINO RESORT DURANT,CHOCTAW NATION (L),CHOCTAW CASINO (OK),(580) 931-2798,EAST,Active,CASINO / GAMING,"$22,668.58 ",All (Beer/Wine/Spirits),(OK) Atoka
46300,7-ELEVEN GROCERY #32921 (TROPHY CLUB),711 (Denton),711 (TX),(817) 490-9076,Denton,Active,C-STORE / GAS,"$22,667.23 ",Beer/Wine,(TX) Denton
766,4 FUEL N FOOD,LADDI'S STORES (L),* Independent Fisher59 - OKLAHOMA,(832) 614-5779,Ardmore,Active,C-STORE / GAS,"$22,619.87 ",Beer/NA,(OK) Garvin
1254,SPEC'S LIQUORS #167 (LEWISVILLE),SPEC'S LIQUOR (D),SPEC'S LIQUOR (TX),,Denton,Active,LIQUOR / PACKAGE STORE,"$22,555.60 ",All (Beer/Wine/Spirits),(TX) Denton
51581,7-ELEVEN GROCERY #32812 (LOOP 288),711 (Denton),711 (TX),(580) 748-4408,Denton,Active,C-STORE / GAS,"$22,410.03 ",Beer/Wine,(TX) Denton
57687,GOODY GOODY #14 (LAKE DALLAS),GOODY GOODY (D),GOODY GOODY (TX),,Denton,Active,LIQUOR / PACKAGE STORE,"$22,403.44 ",All (Beer/Wine/Spirits),(TX) Denton
5634,UNITED (BURK) #4515,UNITED SUPERMARKET (D),UNITED SUPERMARKET (TX),(940) 569-2541,Wichita Falls,Active,SUPERMARKET,"$22,328.48 ",Beer/Wine,"(TX) Archer, Baylor, Wichita, Wilbarger"
1973,HOLIDAY DEPOT LIQUOR,HOLIDAY DEPOT LIQUOR,* Independent Fisher59 - TEXAS,,Denton,Active,LIQUOR / PACKAGE STORE,"$22,247.23 ",All (Beer/Wine/Spirits),(TX) Denton
1319,CIRCLE K #2741876 (CROSS ROADS),CIRCLE K (D),CIRCLE K/CST (TX),(972) 347-6804,Denton,Active,C-STORE / GAS,"$22,237.97 ",Beer/Wine,(TX) Denton
1751,RACETRAC #2346,RACETRAC (D),RACETRAC (TX),,Denton,Active,C-STORE / GAS,"$22,106.33 ",Beer/Wine,(TX) Denton
592,WATTS GROCERY,WATTS GROCERY,* Independent Fisher59 - TEXAS,(972) 987-4446,Denton,Active,C-STORE / GAS,"$22,095.05 ",Beer/Wine,(TX) Denton
554,CASEY'S GENERAL STORE #4513,CASEY'S (L),CASEY'S GENERAL STORES (OK),,Lawton,Active,C-STORE / GAS,"$22,068.10 ",Beer/Wine,(OK) Comanche
3233,ALBERTSONS #0031 - ARDMORE,ALBERTSONS (RANDALLS) (OK),ALBERTSONS (RANDALLS) (OK),,Ardmore,Active,SUPERMARKET,"$21,962.85 ",Beer/Wine,(OK) Carter
1695,WEST CACHE LIQUOR STORE,WEST CACHE LIQUOR STORE,* Independent Fisher59 - OKLAHOMA,(580) 678-7196,Lawton,Active,LIQUOR / PACKAGE STORE,"$21,894.97 ",All (Beer/Wine/Spirits),(OK) Comanche
6165,24-7 QUICK STOP,24-7 QUICK STOP,* Independent Fisher59 - OKLAHOMA,,Lawton,Active,C-STORE / GAS,"$21,692.07 ",Beer/Wine,(OK) Comanche
51205,WILLIAM'S DRIVE-INN,WILLIAM'S DRIVE-INN,* Independent Fisher59 - TEXAS,(940) 648-2517,Denton,Active,C-STORE / GAS,"$21,685.47 ",Beer/Wine,(TX) Denton
496,7-ELEVEN GROCERY #38240(Cleveland Gibbs)),711 (Denton),711 (TX),(682) 831-1067,Denton,Active,C-STORE / GAS,"$21,618.96 ",Beer/Wine,(TX) Denton
50346,VALERO #1211 (LITTLE ELM),CIRCLE K (D),CIRCLE K/CST (TX),(214) 872-3871,Denton,Active,C-STORE / GAS,"$21,196.96 ",Beer/Wine,(TX) Denton
48712,MILL CONVENIENCE,Mill CONVENIENCE,* Independent Fisher59 - TEXAS,(214) 315-2701,Denton,Active,C-STORE / GAS,"$21,174.48 ",Beer/Wine,(TX) Denton
3015,ALLSUPS #102465 (DAVIS),YESWAY (LAW),YESWAY (OK),,Ardmore,Active,C-STORE / GAS,"$21,123.39 ",Beer/NA,(OK) Murray
808,MARKET STREET #3565 - FLOWER MOUND,UNITED SUPERMARKET (D),UNITED SUPERMARKET (TX),,Denton,Active,SUPERMARKET,"$20,816.10 ",Beer/Wine,(TX) Denton
62422,KENOS EXPRESS,KENOS EXPRESS,* Independent Fisher59 - TEXAS,(940) 243-1772,Denton,Active,C-STORE / GAS,"$20,690.99 ",Beer/Wine,(TX) Denton
3102,EL RANCHO #12,EL RANCHO #12,EL RANCHO (TX),(630) 735-6760,Denton,Active,NEIGHBORHOOD GROC.,"$20,689.27 ",Beer/Wine,(TX) Denton
53058,7-ELEVEN GROCERY #33093(Waffle House),711 (Denton),711 (TX),(682) 831-0321,Denton,Active,C-STORE / GAS,"$20,621.09 ",Beer/Wine,(TX) Denton
1237,RACETRAC #215 (PROSPER),RACETRAC (D),RACETRAC (TX),(972) 347-9517,Denton,Active,C-STORE / GAS,"$20,611.93 ",Beer/Wine,(TX) Denton
6700,WAL-MART STORE #162 (ANADARKO),WAL-MART (LAW),WAL-MART (OK),(405) 247-2535,Lawton,Active,SUPERCENTER,"$20,395.43 ",Beer/Wine,(OK) Caddo
3325,SPEC'S LIQUORS #226 (407 LEWISVILLE),SPEC'S LIQUOR (D),SPEC'S LIQUOR (TX),,Denton,Active,LIQUOR / PACKAGE STORE,"$20,387.99 ",All (Beer/Wine/Spirits),(TX) Denton
59063,HUNTERS,HUNTERS,* Independent Fisher59 - TEXAS,(940) 566-6717,Denton,Active,C-STORE / GAS,"$20,333.00 ",Beer/Wine,(TX) Denton
48041,LA MICHOACANA SUPERMARKET #7,TERRYS SUPERMARKET,LA MICHOACANA (TX),(214) 222-4426,Denton,Active,SUPERMARKET,"$20,279.55 ",Beer/Wine,(TX) Denton
40775,WAL-MART STORE #975 (DURANT),WAL-MART (LAW),WAL-MART (OK),(580) 920-0234,Ardmore,Active,SUPERCENTER,"$20,203.29 ",Beer/Wine,(OK) Bryan
2018,7-ELEVEN GROCERY #36436,711 (Denton),711 (TX),,Denton,Active,C-STORE / GAS,"$20,178.69 ",Beer/Wine,(TX) Denton
2396,CASEY'S GENERAL STORE #4515,CASEY'S (L),CASEY'S GENERAL STORES (OK),(580) 307-6961,Lawton,Active,C-STORE / GAS,"$20,178.64 ",Beer/Wine,(OK) Comanche
47639,7-ELEVEN GROCERY #26412,711 (Denton),711 (TX),(972) 315-2279,Denton,Active,C-STORE / GAS,"$20,104.40 ",Beer/Wine,(TX) Denton
2076,DOMINO #29,DOMINO #29,"ELMER SMITH OIL COMPANY, INC - DOMINO (OK)",(580) 331-3738,Lawton,Active,C-STORE / GAS,"$20,099.87 ",Beer/NA,(OK) Grady
1960,RACETRAC #2525 (HICKORY CREEK),RACETRAC (D),RACETRAC (TX),,Denton,Active,C-STORE / GAS,"$20,017.08 ",Beer/Wine,(TX) Denton
47589,LA AZTECA MEAT MKT - LEWIS,LA AZTECA (D),LA AZTECA (TX),(972) 436-0410,Denton,Active,NEIGHBORHOOD GROC.,"$19,957.48 ",Beer/Wine,(TX) Denton
47829,BUY LOW BEER WINE,BUY LOW BEER WINE,* Independent Fisher59 - TEXAS,(972) 221-2688,Denton,Active,LIQUOR / PACKAGE STORE,"$19,909.96 ",All (Beer/Wine/Spirits),(TX) Denton
61630,AJ'S FOOD MART,AJ'S FOOD MART,* Independent Fisher59 - TEXAS,(469) 203-0063,Denton,Active,C-STORE / GAS,"$19,863.24 ",Beer/Wine,(TX) Denton
2370,CASEY'S GENERAL STORE #4512,CASEY'S (L),CASEY'S GENERAL STORES (OK),(580) 353-0298,Lawton,Active,C-STORE / GAS,"$19,825.91 ",Beer/Wine,(OK) Comanche
46581,GRAND CENTRAL EXPRESS,GRAND CENTRAL EXPRESS,* Independent Fisher59 - TEXAS,(940) 668-0300,Denton,Active,C-STORE / GAS,"$19,747.33 ",Beer/Wine,(TX) Cooke
2255,CHIEFS SMOKIN ICEHOUSE 3,CHIEF'S SMOKIN' ICEHOUSE #3,* Independent Fisher59 - OKLAHOMA,(580) 280-2350,Lawton,Active,C-STORE / GAS,"$19,602.95 ",Beer/Wine,(OK) Comanche
49065,GPM 4556,GPM 4556,GPM INVESTMENTS (TX),(972) 347-3764,Denton,Active,C-STORE / GAS,"$19,594.00 ",Beer/Wine,(TX) Denton
1712,BOMBAY LIQUOR,BOMBAY LIQUOR,* Independent Fisher59 - OKLAHOMA,,Lawton,Active,LIQUOR / PACKAGE STORE,"$19,567.75 ",All (Beer/Wine/Spirits),(OK) Grady
2775,LIQUOR KING #6,LIQUOR KING #6,LIQUOR KING (TX),,Denton,Active,LIQUOR / PACKAGE STORE,"$19,544.80 ",All (Beer/Wine/Spirits),(TX) Denton
1907,7-ELEVEN GROCERY #38332 (BARTONVILLE),711 (Denton),711 (TX),,Denton,Active,C-STORE / GAS,"$19,506.42 ",Beer/Wine,(TX) Denton
1716,JIMBO'S LIQUOR,JIMBO'S LIQUOR,* Independent Fisher59 - OKLAHOMA,,Lawton,Active,LIQUOR / PACKAGE STORE,"$19,500.29 ",All (Beer/Wine/Spirits),(OK) Jackson
886,LIQUOR KING #3,LIQUOR KING #3,LIQUOR KING (TX),,Denton,Active,LIQUOR / PACKAGE STORE,"$19,449.79 ",All (Beer/Wine/Spirits),(TX) Denton
799,TOP GOLF,TOP GOLF (D),TOP GOLF (TX),(469) 213-5204,Denton,Active,GOLF / COUNTRY CLUB,"$19,397.82 ",Beer/Wine,(TX) Denton
3415,LUCKY'S LIQUOR (LITTLE ELM),LUCKY'S LIQUOR (LITTLE ELM),Lucky's Wine and Spirits (TX),(669) 888-6664,Denton,Active,LIQUOR / PACKAGE STORE,"$19,240.87 ",All (Beer/Wine/Spirits),(TX) Denton
2006,ROWDY COWBOY,ROWDY COWBOY,* Independent Fisher59 - TEXAS,(214) 551-8008,Denton,Active,BAR / TAVERN,"$19,226.68 ",Beer/Wine,(TX) Denton
1911,CHISHOLM CORNER OK #1,CHISHOLM CORNER (L),CHISHOLM CORNER/JACK'S_DMG CORP (OK),(580) 470-9110,Lawton,Active,C-STORE / GAS,"$19,109.48 ",Beer/Wine,(OK) Stephens
1430,ASAP GENERAL STORES #313,ASAP GENERAL STORES #313,* Independent Fisher59 - OKLAHOMA,,Lawton,Active,C-STORE / GAS,"$19,057.86 ",Beer/NA,(OK) Stephens
2195,QUIKTRIP #944 (FLOWER MOUND),QUIKTRIP (D),QUIKTRIP (TX),(469) 293-0032,Denton,Active,C-STORE / GAS,"$18,956.30 ",Beer/Wine,(TX) Denton
2509,AMERICAN LIQUOR & WINE,AMERICAN LIQUOR & WINE,* Independent Fisher59 - TEXAS,(501) 749-0871,Denton,Active,LIQUOR / PACKAGE STORE,"$18,824.99 ",All (Beer/Wine/Spirits),(TX) Denton
626,CASEY'S GENERAL STORE #4066,CASEY'S (L),CASEY'S GENERAL STORES (OK),,Lawton,Active,C-STORE / GAS,"$18,797.62 ",Beer/Wine,(OK) Grady
1690,CACHE ROAD LIQUOR AND WINE,CACHE RD LIQUOR & WINE,* Independent Fisher59 - OKLAHOMA,(580) 355-7451,Lawton,Active,LIQUOR / PACKAGE STORE,"$18,720.11 ",All (Beer/Wine/Spirits),(OK) Comanche
47845,TOM THUMB #1785,TOM THUMB-PAGE (D),TOM THUMB (TX),(214) 488-3060,Denton,Active,SUPERMARKET,"$18,710.03 ",Beer/Wine,(TX) Denton
59840,LAKEWAY GROCERY,LAKEWAY GROCERY,* Independent Fisher59 - TEXAS,(940) 665-3811,Denton,Active,C-STORE / GAS,"$18,584.16 ",Beer/Wine,(TX) Cooke
3390,CHISHOLM CORNER OK #15,CHISHOLM CORNER (L),CHISHOLM CORNER/JACK'S_DMG CORP (OK),(580) 492-4076,Lawton,Active,C-STORE / GAS,"$18,508.82 ",Beer/Wine,(OK) Comanche
16,CASEY'S GENERAL STORE #4511,CASEY'S (L),CASEY'S GENERAL STORES (OK),(580) 536-2146,Lawton,Active,C-STORE / GAS,"$18,461.98 ",Beer/Wine,(OK) Comanche
2553,CIRCLE K #2709265,CIRCLE K/RM (L),CIRCLE K/RM (OK),,Lawton,Active,C-STORE / GAS,"$18,456.61 ",Beer/Wine,(OK) Caddo
54148,QUIKTRIP #941 (WEST ROUNDGROVE),QUIKTRIP (D),QUIKTRIP (TX),(972) 315-5107,Denton,Active,C-STORE / GAS,"$18,408.05 ",Beer/Wine,(TX) Denton
55191,HOMELAND #478 - JUSTIN,SUPER SAVE #478- JUSTIN,HAC RETAIL dba HOMELAND (TX),(940) 648-2593,Denton,Active,SUPERMARKET,"$18,385.73 ",Beer/Wine,(TX) Denton
30,SONI'S SUPER STOP,SONI'S SUPER STOP,* Independent Fisher59 - OKLAHOMA,,Lawton,Active,C-STORE / GAS,"$18,347.11 ",Beer/NA,(OK) Comanche
2848,UNITED (SW PKWY) #634,UNITED SUPERMARKET (D),UNITED SUPERMARKET (TX),,Wichita Falls,Active,SUPERMARKET,"$18,268.74 ",Beer/Wine,"(TX) Archer, Baylor, Wichita, Wilbarger"
61820,E-Z CHEK #6,E-Z CHEK #6,* Independent Fisher59 - TEXAS,(940) 380-1437,Denton,Active,C-STORE / GAS,"$18,258.50 ",Beer/Wine,(TX) Denton
47068,SOUTHWEST TEXACO,SOUTHWEST TEXACO,* Independent Fisher59 - TEXAS,(972) 436-8417,Denton,Active,C-STORE / GAS,"$18,123.83 ",Beer/Wine,(TX) Denton
4585,CHISHOLM CORNER OK #16,DIAMOND JUBILEE OIL LLC (OK),* Independent Fisher59 - OKLAHOMA,(580) 730-1417,Lawton,Active,C-STORE / GAS,"$18,120.11 ",Beer/Wine,(OK) Comanche
47803,KWIK MART #8,Kwik Mart #8,* Independent Fisher59 - TEXAS,(972) 221-8390,Denton,Active,C-STORE / GAS,"$18,025.50 ",Beer/Wine,(TX) Denton
3007,ALLSUPS #102468 (THACKERVILLE),YESWAY (LAW),YESWAY (OK),,Ardmore,Active,C-STORE / GAS,"$18,001.81 ",Beer/Wine,(OK) Love
48553,1 STOP FOOD STORE,1 STOP FOOD STORE,* Independent Fisher59 - TEXAS,(972) 436-4330,Denton,Active,C-STORE / GAS,"$17,985.03 ",Beer/Wine,(TX) Denton
3301,ARBUCKLE TRAVEL CENTER,ARBUCKLE TRAVEL CENTER,* Independent Fisher59 - OKLAHOMA,(516) 503-6911,Ardmore,Active,C-STORE / GAS,"$17,837.27 ",Beer/NA,(OK) Carter
52696,7-ELEVEN GROCERY #35856J,711 (Denton),711 (TX),(940) 440-3157,Denton,Active,C-STORE / GAS,"$17,831.68 ",Beer/Wine,(TX) Denton
53025,RACETRAC #375 (FLOWER MOUND),RACETRAC (D),RACETRAC (TX),(972) 899-2820,Denton,Active,C-STORE / GAS,"$17,825.62 ",Beer/Wine,(TX) Denton
151,7-ELEVEN GROCERY #37616,711 (Denton),711 (TX),,Denton,Active,C-STORE / GAS,"$17,823.90 ",Beer/Wine,(TX) Denton
1703,MOORE WINE & SPIRITS,MOORE WINE & SPIRITS,* Independent Fisher59 - OKLAHOMA,(580) 606-0187,Lawton,Active,LIQUOR / PACKAGE STORE,"$17,800.80 ",All (Beer/Wine/Spirits),(OK) Stephens
1258,Justin Mini Mart_2,JUSTIN MART,* Independent Fisher59 - TEXAS,(469) 235-1357,Denton,Active,C-STORE / GAS,"$17,765.16 ",Beer/Wine,(TX) Denton
3286,SPEEDWAY LIQUOR,SPEEDWAY LIQUOR,SCRAPPY LIQUOR (TX),(254) 433-3117,Denton,Active,LIQUOR / PACKAGE STORE,"$17,715.24 ",All (Beer/Wine/Spirits),(TX) Denton
49311,CIRCLE K #2741577,CIRCLE K (D),CIRCLE K/CST (TX),(214) 494-6097,Denton,Active,C-STORE / GAS,"$17,708.53 ",Beer/Wine,(TX) Denton
15301,MURPHY USA #7461 (AC HWY),MURPHY USA (D),MURPHY USA (TX),(940) 224-8631,Wichita Falls,Active,C-STORE / GAS,"$17,678.11 ",Beer/Wine,"(TX) Archer, Baylor, Wichita, Wilbarger"
2771,ALLSUPS #102420 (ALTUS S MAIN),YESWAY (LAW),YESWAY (OK),(334) 300-3594,Lawton,Active,C-STORE / GAS,"$17,648.20 ",Beer/Wine,(OK) Jackson
62489,MIDWAY MART,MIDWAY MART,* Independent Fisher59 - TEXAS,(940) 387-5499,Denton,Active,C-STORE / GAS,"$17,554.27 ",Beer/Wine,(TX) Denton
49363,7-ELEVEN GROCERY #37277,711 (Denton),711 (TX),,Denton,Active,C-STORE / GAS,"$17,550.04 ",Beer/Wine,(TX) Denton
58099,ALL-N-ONE FOOD STORE,ALL-N-ONE FOOD STORE,* Independent Fisher59 - TEXAS,(817) 430-1132,Denton,Active,C-STORE / GAS,"$17,540.29 ",Beer/Wine,(TX) Denton
52937,MARKET STREET #2562 - FRISCO (DALLAS PKWY),UNITED SUPERMARKET (D),UNITED SUPERMARKET (TX),(214) 872-1500,Denton,Active,SUPERMARKET,"$17,537.65 ",Beer/Wine,(TX) Denton
1696,SOUTHWEST LIQUOR,SW LIQUOR,* Independent Fisher59 - OKLAHOMA,(580) 695-1995,Lawton,Active,LIQUOR / PACKAGE STORE,"$17,486.86 ",All (Beer/Wine/Spirits),(OK) Comanche
50345,CIRCLE K #2741202 (NORTHLAKE),CIRCLE K (D),CIRCLE K/CST (TX),(817) 490-9067,Denton,Active,C-STORE / GAS,"$17,481.28 ",Beer/Wine,(TX) Denton
11110,ARDMART GROCERY & DELI,ARD-MART #03,* Independent Fisher59 - OKLAHOMA,(580) 226-5160,Ardmore,Active,C-STORE / GAS,"$17,477.72 ",Beer/Wine,(OK) Carter
1705,MINI MALL LIQUOR,MINI MALL LIQUOR,* Independent Fisher59 - OKLAHOMA,(580) 255-7640,Lawton,Active,LIQUOR / PACKAGE STORE,"$17,475.08 ",All (Beer/Wine/Spirits),(OK) Stephens
47209,KWIK MART,KWIK MART,* Independent Fisher59 - TEXAS,(972) 221-0698,Denton,Active,C-STORE / GAS,"$17,458.35 ",Beer/Wine,(TX) Denton
5980,SHOPPETTE ALTUS AFB #1011902,AAFES ALTUS AFB (L),AAFES ALTUS AFB (OK),(580) 481-7095,Lawton,Active,MILITARY OFF LIQUOR,"$17,456.75 ",All (Beer/Wine/Spirits),(OK) Jackson
47571,7-ELEVEN GROCERY #23864,711 (Denton),711 (TX),(972) 221-2314,Denton,Active,C-STORE / GAS,"$17,435.43 ",Beer/Wine,(TX) Denton
53496,ARTIC BEER WINE,ARTIC BEER WINE,* Independent Fisher59 - TEXAS,(972) 625-9252,Denton,Active,C-STORE / GAS,"$17,291.45 ",Beer/Wine,(TX) Denton
1294,UR LIQUOR,UR LIQUOR,* Independent Fisher59 - TEXAS,,Denton,Active,LIQUOR / PACKAGE STORE,"$17,224.67 ",All (Beer/Wine/Spirits),(TX) Montague
2823,DFW BEER & WINE,DFW BEER & WINE,* Independent Fisher59 - TEXAS,,Denton,Active,C-STORE / GAS,"$17,179.14 ",Beer/Wine,(TX) Denton
2514,GATEWAY 64 LLC,GATEWAY 64 LLC,* Independent Fisher59 - TEXAS,(469) 498-8739,Denton,Active,C-STORE / GAS,"$17,090.45 ",Beer/Wine,(TX) Denton
3014,24 SEVEN MART #11,24 SEVEN MART #11,* Independent Fisher59 - TEXAS,,Denton,Active,C-STORE / GAS,"$17,032.02 ",Beer/Wine,(TX) Denton
45468,7-ELEVEN GROCERY #35390,711 (Denton),711 (TX),(940) 497-2211,Denton,Active,C-STORE / GAS,"$16,972.43 ",Beer/Wine,(TX) Denton
1197,JOHNNY JOE'S,JOHNNY JOE'S,* Independent Fisher59 - TEXAS,(972) 824-7366,Denton,Active,C-STORE / GAS,"$16,966.36 ",Beer/Wine,(TX) Denton
47407,RACETRAC #484,RACETRAC (D),RACETRAC (TX),(972) 315-5885,Denton,Active,C-STORE / GAS,"$16,933.06 ",Beer/Wine,(TX) Denton
304,LOVE'S TRAVEL STOP #452,LOVES (LAW),LOVES (OK),(405) 207-9692,Ardmore,Active,C-STORE / GAS,"$16,931.96 ",Beer/Wine,(OK) Garvin
486,LITTLE ELM GAS & MORE,LITTLE ELM GAS & MORE,* Independent Fisher59 - TEXAS,,Denton,Active,C-STORE / GAS,"$16,889.60 ",Beer/Wine,(TX) Denton
1408,7-ELEVEN GROCERY #37931,711 (Denton),711 (TX),,Denton,Active,C-STORE / GAS,"$16,856.06 ",Beer/Wine,(TX) Denton
46749,CIRCLE K #2741764 (ROANOKE),CIRCLE K (D),CIRCLE K/CST (TX),(817) 491-2172,Denton,Active,C-STORE / GAS,"$16,843.73 ",Beer/Wine,(TX) Denton
4295,LOVE'S TRAVEL STOP #263,LOVES (LAW),LOVES (OK),(580) 529-2882,Lawton,Active,C-STORE / GAS,"$16,678.76 ",Beer/Wine,(OK) Comanche
1068,7-ELEVEN GROCERY #36059 (W.UNIV),711 (Denton),711 (TX),(940) 323-9580,Denton,Active,C-STORE / GAS,"$16,647.51 ",Beer/Wine,(TX) Denton
3140,SHELL 3EIGHTY,SHELL 3EIGHTY,* Independent Fisher59 - TEXAS,(972) 800-0454,Denton,Active,C-STORE / GAS,"$16,503.62 ",Beer/Wine,(TX) Denton
47605,7-ELEVEN GROCERY #25268,711 (Denton),711 (TX),(972) 221-1333,Denton,Active,C-STORE / GAS,"$16,493.74 ",Beer/Wine,(TX) Denton
2593,QUICK & SAVE,QUICK & SAVE,* Independent Fisher59 - OKLAHOMA,(580) 222-6894,Ardmore,Active,C-STORE / GAS,"$16,491.56 ",Beer/Wine,(OK) Carter
4230,LOVE'S COUNTRY STORE #29,LOVES (LAW),LOVES (OK),(280) 252-8900,Lawton,Active,C-STORE / GAS,"$16,473.87 ",Beer/Wine,(OK) Stephens
402,BROOKSHIRES #136 (BOWIE),BROOKSHIRES GRO (D),BROOKSHIRES GROCERY (TX),(940) 872-3261,Denton,Active,SUPERMARKET,"$16,467.47 ",Beer/Wine,(TX) Montague
3261,SUPER TARGET #2917 (UNIVERSITY),SUPER TARGET (D),TARGET (TX),,Denton,Active,SUPERCENTER,"$16,414.02 ",Beer/Wine,(TX) Denton
49368,WAL-MART C-STORE/GAS #5707 (CROSS ROADS),WAL-MART (D),WAL-MART (TX),,Denton,Active,C-STORE / GAS,"$16,406.83 ",Beer/Wine,(TX) Denton
13670,E-Z MART #4254(STRATFORD),GPM SOUTHEAST (L),GPM SOUTHEAST (E-Z MART) (OK),(580) 759-3697,Ardmore,Active,C-STORE / GAS,"$16,351.34 ",Beer/Wine,(OK) Garvin
691,RACETRAC #133,RACETRAC (D),RACETRAC (TX),(972) 723-1841,Denton,Active,C-STORE / GAS,"$16,347.96 ",Beer/Wine,(TX) Denton
1332,LOVE'S TRAVEL STOP #609,LOVES (D),LOVES (TX),,Denton,Active,C-STORE / GAS,"$16,306.06 ",Beer/Wine,(TX) Denton
1149,AL'S CONVENIENCE #5,AL'S CONVENIENCE #5,* Independent Fisher59 - TEXAS,(340) 482-6768,Denton,Active,C-STORE / GAS,"$16,301.81 ",Beer/Wine,(TX) Denton
1074,7-ELEVEN GROCERY #37118 (MCKINNEY),711 (Denton),711 (TX),,Denton,Active,C-STORE / GAS,"$16,297.50 ",Beer/Wine,(TX) Denton
4690,CHIEFS SMOKIN ICEHOUSE 1,CHIEFS SMOKIN' ICEHOUSE #1,* Independent Fisher59 - OKLAHOMA,(580) 581-2010,Lawton,Active,C-STORE / GAS,"$16,257.63 ",Beer/Wine,(OK) Comanche
3273,ACE FUEL STOP #3,ACE FUEL STOP #3,* Independent Fisher59 - OKLAHOMA,(580) 222-6894,Ardmore,Active,C-STORE / GAS,"$16,225.81 ",Beer/NA,(OK) Carter
1253,UNITED (JACK) #1216,UNITED SUPERMARKET (D),UNITED SUPERMARKET (TX),(940) 247-1888,Wichita Falls,Active,SUPERMARKET,"$16,203.85 ",Beer/Wine,"(TX) Archer, Baylor, Wichita, Wilbarger"
45906,QUIKTRIP #917 (THE COLONY),QUIKTRIP (D),QUIKTRIP (TX),(972) 624-1031,Denton,Active,C-STORE / GAS,"$16,083.95 ",Beer/Wine,(TX) Denton
1892,BOOTLEGGERS LIQUOR - ELGIN,BOOTLEGGERS LIQUOR COMPANY,* Independent Fisher59 - OKLAHOMA,(580) 492-4540,Lawton,Active,LIQUOR / PACKAGE STORE,"$16,061.08 ",All (Beer/Wine/Spirits),(OK) Comanche
51854,RACETRAC #650 (LOOP 288),RACETRAC (D),RACETRAC (TX),(940) 380-1909,Denton,Active,C-STORE / GAS,"$16,043.46 ",Beer/Wine,(TX) Denton
48710,7-ELEVEN GROCERY #35385,711 (Denton),711 (TX),,Denton,Active,C-STORE / GAS,"$16,016.35 ",Beer/Wine,(TX) Denton
582,QUIKTRIP #1853 (DECATUR),QUIKTRIP (D),QUIKTRIP (TX),,Denton,Active,C-STORE / GAS,"$15,966.40 ",Beer/Wine,(TX) Wise
239,QUIKTRIP #937 (FRISCO),QUIKTRIP (D),QUIKTRIP (TX),(214) 872-1656,Denton,Active,C-STORE / GAS,"$15,954.65 ",Beer/Wine,(TX) Denton
1128,THE LIQUOR OUTPOST - UNIVERSITY,THE LIQUOR OUTPOST,FOSSIL CREEK LIQUOR (TX),(214) 534-7359,Denton,Active,LIQUOR / PACKAGE STORE,"$15,922.04 ",All (Beer/Wine/Spirits),(TX) Denton
2188,CARTER EXPRESS,LADDI'S STORES (L),* Independent Fisher59 - OKLAHOMA,,Ardmore,Active,C-STORE / GAS,"$15,803.70 ",Beer/Wine,(OK) Carter
45590,NOCONA MARKET PLACE,IGA FOODLINER (WF),IGA FOODLINER (TX),(940) 825-3536,Denton,Active,SUPERMARKET,"$15,762.76 ",Beer/Wine,(TX) Montague
54460,CIRCLE K #2742187,CIRCLE K (D),CIRCLE K/CST (TX),(972) 625-5652,Denton,Active,C-STORE / GAS,"$15,750.93 ",Beer/Wine,(TX) Denton
62712,7-ELEVEN GROCERY #33264C,711 (Denton),711 (TX),(972) 377-2366,Denton,Active,C-STORE / GAS,"$15,749.50 ",Beer/Wine,(TX) Denton
53892,QUIKTRIP #899 (E. UNIVERSITY),QUIKTRIP (D),QUIKTRIP (TX),(940) 382-1478,Denton,Active,C-STORE / GAS,"$15,655.20 ",Beer/Wine,(TX) Denton
47852,TIGER MART #49 - PILOT POINT,TIGER MART #49 - PILOT POINT,* Independent Fisher59 - TEXAS,(940) 686-0800,Denton,Active,C-STORE / GAS,"$15,629.16 ",Beer/Wine,(TX) Denton
52639,GOODY GOODY #11 (THE COLONY),GOODY GOODY (D),GOODY GOODY (TX),,Denton,Active,LIQUOR / PACKAGE STORE,"$15,624.52 ",All (Beer/Wine/Spirits),(TX) Denton
700,CHICKASAW TRAVEL STOP #585,CHICKASAW NATION DIV OF COMMERCE (L),CHICKASAW NATION DIV OF COMMERCE (OK),,Ardmore,Active,C-STORE / GAS,"$15,593.90 ",Beer/Wine,(OK) Murray
1396,SPORTSMANS LIQUOR,SPORTSMANS LIQUOR,SPORTSMAN (TX),(940) 458-3914,Denton,Active,LIQUOR / PACKAGE STORE,"$15,502.65 ",All (Beer/Wine/Spirits),(TX) Denton
2691,MURPHY EXPRESS #8925 (AUBREY),MURPHY USA (D),MURPHY USA (TX),,Denton,Active,C-STORE / GAS,"$15,502.41 ",Beer/Wine,(TX) Denton
1586,CHILL PRIVATE CLUB,CHILL BAR & GRILL,* Independent Fisher59 - TEXAS,(817) 310-0004,Denton,Active,RESTAURANT,"$15,481.15 ",Beer/Wine,(TX) Denton
3285,OAKLAND ACE 2,OAKLAND ACE 2,* Independent Fisher59 - OKLAHOMA,(516) 503-6911,Ardmore,Active,C-STORE / GAS,"$15,455.54 ",Beer/NA,(OK) Marshall West (377 & west)
47266,BIG JACKS GROCERY,BIG JACKS GROCERY,* Independent Fisher59 - TEXAS,(972) 436-6212,Denton,Active,C-STORE / GAS,"$15,454.20 ",Beer/Wine,(TX) Denton
62349,7-ELEVEN GROCERY #26575 (TEASLEY),711 (Denton),711 (TX),(940) 382-4302,Denton,Active,C-STORE / GAS,"$15,415.36 ",Beer/Wine,(TX) Denton
3206,LOVE MY LIQUOR,LOVE MY LIQUOR,* Independent Fisher59 - TEXAS,(940) 279-3765,Denton,Active,LIQUOR / PACKAGE STORE,"$15,388.15 ",All (Beer/Wine/Spirits),(TX) Denton
3257,ALLSUPS #102484 (ARDMORE),YESWAY (LAW),YESWAY (OK),(940) 691-4820,Ardmore,Active,C-STORE / GAS,"$15,242.70 ",Beer/Wine,(OK) Carter
57257,S & B STORE #2,S B STORE #2,* Independent Fisher59 - TEXAS,(940) 383-1891,Denton,Active,C-STORE / GAS,"$15,217.20 ",Beer/Wine,(TX) Denton
265,L. HATTON LIQUOR,L. HATTON LIQUOR,* Independent Fisher59 - TEXAS,(940) 723-2270,Wichita Falls,Active,LIQUOR / PACKAGE STORE,"$15,202.55 ",All (Beer/Wine/Spirits),"(TX) Archer, Baylor, Wichita, Wilbarger"
61903,E-Z CHEK #8,E-Z CHEK #8,* Independent Fisher59 - TEXAS,(940) 243-5204,Denton,Active,C-STORE / GAS,"$15,154.52 ",Beer/Wine,(TX) Denton
1072,EL TAPATIO MEAT MARKET,EL TAPATIO MEAT MARKET,* Independent Fisher59 - TEXAS,(972) 987-4800,Denton,Active,NEIGHBORHOOD GROC.,"$15,109.79 ",Beer/Wine,(TX) Denton
56069,CORNER STOP,CORNER STOP,* Independent Fisher59 - TEXAS,(940) 383-0429,Denton,Active,C-STORE / GAS,"$15,091.05 ",Beer/Wine,(TX) Denton
3253,CROSS ROADS LIQUOR,CROSS ROADS LIQUOR,CROSS ROADS/BJ's - TX,(408) 718-6359,Denton,Active,LIQUOR / PACKAGE STORE,"$15,049.49 ",All (Beer/Wine/Spirits),(TX) Denton
1067,TIGER FUEL STOP,BOB SINGH'S STORES (L),BOB SINGH'S STORES (OK),(580) 504-6077,Ardmore,Active,C-STORE / GAS,"$15,049.11 ",Beer/NA,(OK) Carter
47910,7-ELEVEN GROCERY #35383,711 (Denton),711 (TX),(972) 459-2899,Denton,Active,C-STORE / GAS,"$15,041.46 ",Beer/Wine,(TX) Denton
12025,JIFFY JIMS,JIFFY JIMS,* Independent Fisher59 - OKLAHOMA,(580) 276-9293,Ardmore,Active,C-STORE / GAS,"$14,990.35 ",Beer/NA,(OK) Love
2753,TWIN PEAKS - NORTHLAKE,TWIN PEAKS (D),TWIN PEAKS (TX),(682) 231-2288,Denton,Active,SPORTS BAR,"$14,988.95 ",Beer/Wine,(TX) Denton
49360,RACETRAC #2386 (LEGACY DRIVE),RACETRAC (D),RACETRAC (TX),(214) 469-1169,Denton,Active,C-STORE / GAS,"$14,948.37 ",Beer/Wine,(TX) Denton
55186,LA AZTECA MEAT MKT,LA AZTECA (D),LA AZTECA (TX),(940) 591-8004,Denton,Active,NEIGHBORHOOD GROC.,"$14,883.37 ",Beer/Wine,(TX) Denton
57729,Q STOP (G'VILLE),Q STOP,* Independent Fisher59 - TEXAS,(940) 665-4529,Denton,Active,C-STORE / GAS,"$14,779.80 ",Beer/Wine,(TX) Cooke
45732,KOUNTRY KORNER (NOCONA),KOUNTRY KORNER (NOCONA),* Independent Fisher59 - TEXAS,(940) 825-3948,Denton,Active,C-STORE / GAS,"$14,708.43 ",Beer/Wine,(TX) Montague
46615,GRAND CENTRAL LIQUOR,GRAND CENTRAL LIQUOR,* Independent Fisher59 - TEXAS,(940) 668-0300,Denton,Active,LIQUOR / PACKAGE STORE,"$14,648.38 ",All (Beer/Wine/Spirits),(TX) Cooke
524,QUIKTRIP #920 (LITTLE ELM),QUIKTRIP (D),QUIKTRIP (TX),(214) 872-3755,Denton,Active,C-STORE / GAS,"$14,619.29 ",Beer/Wine,(TX) Denton
709,KIOWA SPIRITS,KIOWA SPIRITS,* Independent Fisher59 - TEXAS,(940) 668-0606,Denton,Active,LIQUOR / PACKAGE STORE,"$14,579.53 ",All (Beer/Wine/Spirits),(TX) Cooke
2224,7-ELEVEN GROCERY #38460 (FRISCO),711 (Denton),711 (TX),,Denton,Active,C-STORE / GAS,"$14,428.57 ",Beer/Wine,(TX) Denton
14120,LOVE'S #74,LOVES (LAW),LOVES (OK),(405) 756-4826,Lawton,Active,C-STORE / GAS,"$14,419.10 ",Beer/Wine,(OK) Garvin
2292,COUNTY LIQUOR,COUNTY LIQUOR,* Independent Fisher59 - TEXAS,(940) 273-1499,Wichita Falls,Active,LIQUOR / PACKAGE STORE,"$14,329.90 ",All (Beer/Wine/Spirits),(TX) Clay
49258,82 TRAVEL CENTER,82 TRAVEL CENTER,* Independent Fisher59 - TEXAS,(940) 668-9480,Denton,Active,C-STORE / GAS,"$14,292.30 ",Beer/Wine,(TX) Cooke
13100,OAKLAND GROCERY,OAKLAND GROCERY,* Independent Fisher59 - OKLAHOMA,(580) 795-7062,Ardmore,Active,C-STORE / GAS,"$14,281.58 ",Beer/Wine,(OK) Marshall West (377 & west)
6560,KIOWA CASINO RED RIVER,KIOWA CASINO,* Independent Fisher59 - OKLAHOMA,(580) 299-3534,Lawton,Active,CASINO / GAMING,"$14,276.17 ",All (Beer/Wine/Spirits),(OK) Cotton
17616,SOUTH EXPRESS SHOPPETTE #1011722,AAFES (WF),AAFES (TX),(580) 483-3904,Wichita Falls,Active,MILITARY OFF LIQUOR,"$14,246.61 ",All (Beer/Wine/Spirits),"(TX) Archer, Baylor, Wichita, Wilbarger"
55988,TOM THUMB #3652,TOM THUMB-PAGE (D),TOM THUMB (TX),(972) 539-6828,Denton,Active,SUPERMARKET,"$14,191.50 ",Beer/Wine,(TX) Denton
3395,7-ELEVEN GROCERY #42775,711 (Denton),711 (TX),,Denton,Active,C-STORE / GAS,"$14,140.81 ",Beer/Wine,(TX) Cooke
53587,FAST BREAK FOOD MART #3,FAST BREAK FOOD MART #3,* Independent Fisher59 - TEXAS,(669) 888-6664,Denton,Active,C-STORE / GAS,"$14,132.37 ",Beer/Wine,(TX) Denton
812,TIM'S GROCERY AND DELI,TIM'S GROCERY & DELI,* Independent Fisher59 - OKLAHOMA,(580) 226-3663,Ardmore,Active,NEIGHBORHOOD GROC.,"$14,062.01 ",Beer/NA,(OK) Carter
40311,RUNNIN' RED FOOD STORE,RUNNIN' REDS,* Independent Fisher59 - TEXAS,(940) 665-8201,Denton,Active,C-STORE / GAS,"$13,997.37 ",Beer/Wine,(TX) Cooke
49303,CORNER STORE #1572 (LITTLE ELM),CIRCLE K (D),CIRCLE K/CST (TX),,Denton,Active,C-STORE / GAS,"$13,996.55 ",Beer/Wine,(TX) Denton
2106,7-ELEVEN GROCERY #38173,711 (Denton),711 (TX),(469) 496-8063,Denton,Active,C-STORE / GAS,"$13,932.27 ",Beer/Wine,(TX) Denton
3423,7-ELEVEN GROCERY #42719H,711 (Denton),711 (TX),,Denton,Active,C-STORE / GAS,"$13,925.20 ",Beer/Wine,(TX) Denton
6460,TIGER PAW,TIGER PAW,* Independent Fisher59 - OKLAHOMA,(580) 365-4924,Lawton,Active,C-STORE / GAS,"$13,906.36 ",Beer/NA,(OK) Comanche
1654,WAL-MART C-STORE/GAS #2463 (STONEBROOK),WAL-MART (D),WAL-MART (TX),,Denton,Active,C-STORE / GAS,"$13,904.55 ",Beer/Wine,(TX) Denton
1698,EAST GORE LIQUOR STORE,EAST GORE LIQUOR STORE,* Independent Fisher59 - OKLAHOMA,(580) 248-1463,Lawton,Active,LIQUOR / PACKAGE STORE,"$13,892.10 ",All (Beer/Wine/Spirits),(OK) Comanche
47662,7-ELEVEN GROCERY #33113,711 (Denton),711 (TX),(214) 488-3505,Denton,Active,C-STORE / GAS,"$13,823.55 ",Beer/Wine,(TX) Denton
56838,LONE STAR FOOD STORE(CASEY'S #4486 GVILLE CALI ST),CASEY'S (D),CASEY'S (TX),(940) 665-4759,Denton,Active,C-STORE / GAS,"$13,742.38 ",Beer/Wine,(TX) Cooke
1224,LA AZTECA MEAT MKT - DENTON SHERMAN,LA AZTECA (D),LA AZTECA (TX),(940) 312-7600,Denton,Active,NEIGHBORHOOD GROC.,"$13,706.11 ",Beer/Wine,(TX) Denton
13540,SPRINGER FOOD MART,SPRINGER FOOD MART,* Independent Fisher59 - OKLAHOMA,(580) 319-4705,Ardmore,Active,C-STORE / GAS,"$13,614.92 ",Beer/Wine,(OK) Carter
49858,LAURIE'S QUICKSTOP,LAURIE'S QUICK STOP,* Independent Fisher59 - TEXAS,(940) 482-6850,Denton,Active,C-STORE / GAS,"$13,605.99 ",Beer/Wine,(TX) Denton
56531,KUSINS,KUSINS,* Independent Fisher59 - TEXAS,(703) 832-6015,Denton,Active,C-STORE / GAS,"$13,594.34 ",Beer/Wine,(TX) Wise
47811,GRAND FOOD MART,GRAND FOOD MART,* Independent Fisher59 - TEXAS,(940) 668-1675,Denton,Active,C-STORE / GAS,"$13,565.74 ",Beer/Wine,(TX) Cooke
292,STAR LIQUOR,STAR LIQUOR,* Independent Fisher59 - TEXAS,(214) 499-6374,Wichita Falls,Active,LIQUOR / PACKAGE STORE,"$13,542.38 ",All (Beer/Wine/Spirits),"(TX) Archer, Baylor, Wichita, Wilbarger"
4275,LOVE'S #86,LOVES (LAW),LOVES (OK),(405) 222-2355,Lawton,Active,C-STORE / GAS,"$13,536.27 ",Beer/Wine,(OK) Grady
1739,LIBERTY LIQUOR,LIBERTY LIQUOR,BETHANY LIQUOR (TX),(510) 432-9968,Denton,Active,LIQUOR / PACKAGE STORE,"$13,528.96 ",All (Beer/Wine/Spirits),(TX) Denton
51466,GPM 4555,Q.W.B INC-TEXACO (D),GPM INVESTMENTS (TX),(972) 668-7111,Denton,Active,C-STORE / GAS,"$13,506.11 ",Beer/Wine,(TX) Denton
11855,WILSON CONVENIENCE STORE CTS,CHICKASAW NATION DIV OF COMMERCE (L),CHICKASAW NATION DIV OF COMMERCE (OK),(580) 668-9248,Ardmore,Active,C-STORE / GAS,"$13,500.73 ",Beer/Wine,(OK) Carter
5670,HOMELAND STORE #510,HOMELAND/UNITED (L),HOMELAND/UNITED (OK),(580) 439-8881,Lawton,Active,SUPERMARKET,"$13,489.34 ",Beer/Wine,(OK) Comanche
4290,LOVE'S COUNTRY STORE #95,LOVES (LAW),LOVES (OK),,Lawton,Active,C-STORE / GAS,"$13,459.52 ",Beer/Wine,(OK) Grady
934,EXXON ICE BOX,EXXON ICE BOX,* Independent Fisher59 - TEXAS,(903) 216-7367,Denton,Active,C-STORE / GAS,"$13,453.96 ",Beer/Wine,(TX) Denton
47258,HIGHLAND LAKES CHEVRON,HIGHLAND LAKES CHEVRON,* Independent Fisher59 - TEXAS,9.72434E+19,Denton,Active,C-STORE / GAS,"$13,241.31 ",Beer/Wine,(TX) Denton
49932,SPRING MARKET #733 (AUBREY),BROOKSHIRES GRO (D),BROOKSHIRES GROCERY (TX),(940) 365-4444,Denton,Active,SUPERMARKET,"$13,234.04 ",Beer/Wine,(TX) Denton
4815,THE LOOP QUICK STOP,THE LOOP QUICK STOP,* Independent Fisher59 - OKLAHOMA,(580) 782-5667,Lawton,Active,C-STORE / GAS,"$13,215.83 ",Beer/NA,(OK) Greer
2599,ALLSUPS #102408 (ALTUS N MAIN),YESWAY (LAW),YESWAY (OK),(940) 886-7721,Lawton,Active,C-STORE / GAS,"$13,206.64 ",Beer/Wine,(OK) Jackson
52324,HORIZON_2,HORIZON_2,* Independent Fisher59 - TEXAS,(972) 672-7699,Denton,Active,C-STORE / GAS,"$13,205.89 ",Beer/Wine,(TX) Denton
1562,DOCTOR'S ORDERS 1,DR'S ORDERS,DOCTOR'S ORDERS (OK),(580) 319-5324,Ardmore,Active,LIQUOR / PACKAGE STORE,"$13,097.04 ",All (Beer/Wine/Spirits),(OK) Carter
1570,CHISHOLM CORNER OK #9,DIAMOND JUBILEE OIL LLC (OK),* Independent Fisher59 - OKLAHOMA,(580) 429-3600,Lawton,Active,C-STORE / GAS,"$13,086.11 ",Beer/Wine,(OK) Comanche
2989,ALLSUPS #102473 (BOWIE-HWY 287),YESWAY (D),YESWAY (TX),,Denton,Active,C-STORE / GAS,"$13,021.67 ",Beer/Wine,(TX) Montague
1946,7-ELEVEN GROCERY #38586 (E.UNIV),711 (Denton),711 (TX),(940) 208-7148,Denton,Active,C-STORE / GAS,"$13,005.13 ",Beer/Wine,(TX) Denton
51201,STOP N GO,STOP N GO,* Independent Fisher59 - TEXAS,(940) 686-6311,Denton,Active,C-STORE / GAS,"$12,971.01 ",Beer/Wine,(TX) Denton
49246,THE LIQUOR OUTPOST - TEASLEY,THE LIQUOR OUTPOST - TEASLEY,FOSSIL CREEK LIQUOR (TX),(214) 534-7359,Denton,Active,LIQUOR / PACKAGE STORE,"$12,948.02 ",All (Beer/Wine/Spirits),(TX) Denton
1584,PARTY PIER,PARTY PIER,* Independent Fisher59 - OKLAHOMA,(405) 756-1153,Lawton,Active,LIQUOR / PACKAGE STORE,"$12,899.76 ",All (Beer/Wine/Spirits),(OK) Garvin
50955,HICKORY CREEK CHEVRON,HICKORY CREEK CHEVRON,* Independent Fisher59 - TEXAS,(972) 740-2199,Denton,Active,C-STORE / GAS,"$12,874.98 ",Beer/Wine,(TX) Denton
1069,7-ELEVEN GROCERY #37084 (FORT WORTH DR),711 (Denton),711 (TX),(940) 387-3484,Denton,Active,C-STORE / GAS,"$12,802.54 ",Beer/Wine,(TX) Denton
2843,NAPOLI'S - MARLOW,NAPOLI'S (MARLOW),* Independent Fisher59 - OKLAHOMA,(405) 201-9447,Lawton,Active,C-STORE / GAS,"$12,776.52 ",Beer/Wine,(OK) Stephens
4440,SUNNY'S #6,SUNNY'S #6,* Independent Fisher59 - OKLAHOMA,(580) 682-3014,Lawton,Active,C-STORE / GAS,"$12,765.52 ",Beer/NA,(OK) Greer
49203,BROOKSHIRE BROTHERS #109,BROOKSHIRE BROTHERS (D),BROOKSHIRE BROTHERS (TX),(940) 686-2036,Denton,Active,SUPERMARKET,"$12,764.93 ",Beer/Wine,(TX) Denton
2905,FT SILL COMMISSARY HQCMCQ,DECA (L),DECA (OK),(580) 442-3601,Lawton,Active,MILITARY OFF-PREMISE,"$12,747.27 ",Non Alcohol Only,(OK) Comanche
53520,CHILLY MART,CHILLY MART,* Independent Fisher59 - TEXAS,(940) 218-2008,Denton,Active,C-STORE / GAS,"$12,746.64 ",Beer/Wine,(TX) Denton
3279,CASEY'S GENERAL STORE #4584,CASEY'S (L),CASEY'S GENERAL STORES (OK),(515) 339-5931,Lawton,Active,C-STORE / GAS,"$12,743.43 ",Beer/Wine,(OK) Stephens
5965,CHISHOLM CORNER OK #3,CHISHOLM CORNER (L),CHISHOLM CORNER/JACK'S_DMG CORP (OK),(580) 252-7671,Lawton,Active,C-STORE / GAS,"$12,671.57 ",Beer/Wine,(OK) Stephens
12460,SNAK SHAK-CENTRAL,BARNWATER (L),BARNWATER (OK),(580) 622-2019,Ardmore,Active,C-STORE / GAS,"$12,664.37 ",Beer/Wine,(OK) Murray
57183,A TASTE OF MARKET STREET,UNITED SUPERMARKET (D),UNITED SUPERMARKET (TX),(214) 872-1500,Denton,Active,C-STORE / GAS,"$12,621.67 ",Beer/Wine,(TX) Denton
55392,RACEWAY #6975,RACEWAY #6975,* Independent Fisher59 - TEXAS,,Denton,Active,C-STORE / GAS,"$12,610.36 ",Beer/Wine,(TX) Denton
34363,THE DEUCE (P2),DEUCE THE (P-2),* Independent Fisher59 - TEXAS,(940) 766-1232,Wichita Falls,Active,RESTAURANT,"$12,608.05 ",Beer/Wine,"(TX) Archer, Baylor, Wichita, Wilbarger"
12203,OK LIQUOR STORE,OK LIQUOR STORE,* Independent Fisher59 - TEXAS,(940) 781-8606,Wichita Falls,Active,LIQUOR / PACKAGE STORE,"$12,590.65 ",All (Beer/Wine/Spirits),"(TX) Archer, Baylor, Wichita, Wilbarger"
1397,LOVE'S #734,LOVES (LAW),LOVES (OK),,Lawton,Active,C-STORE / GAS,"$12,571.33 ",Beer/Wine,(OK) Cotton
7090,CHISHOLM CORNER OK #2,DIAMOND JUBILEE OIL LLC (OK),* Independent Fisher59 - OKLAHOMA,(580) 475-0553,Lawton,Active,C-STORE / GAS,"$12,535.75 ",Beer/Wine,(OK) Stephens
2003,DOCTOR'S ORDERS 2,DR'S ORDERS,DOCTOR'S ORDERS (OK),(580) 319-5324,Ardmore,Active,LIQUOR / PACKAGE STORE,"$12,512.49 ",All (Beer/Wine/Spirits),(OK) Carter
3080,HOMELAND STORE #513,HOMELAND/UNITED (L),HOMELAND/UNITED (OK),(580) 585-6535,Lawton,Active,SUPERMARKET,"$12,502.45 ",Beer/Wine,(OK) Comanche
6510,LAWTON MART LLC,LAWTON MART LLC,* Independent Fisher59 - OKLAHOMA,(301) 742-2593,Lawton,Active,C-STORE / GAS,"$12,485.19 ",Beer/NA,(OK) Comanche
2636,BOOMERJACK'S - LEWISVILLE,BOOMER JACK'S - LEWISVILLE,BOOMERJACK'S/ON DECK CONCEPTS (TX),(970) 277-6950,Denton,Active,RESTAURANT,"$12,480.64 ",Beer/Wine,(TX) Denton
1323,SP GULF,SP GULF,* Independent Fisher59 - OKLAHOMA,(580) 482-0535,Lawton,Active,C-STORE / GAS,"$12,472.73 ",Beer/NA,(OK) Jackson
5280,SCOTTS SHOTS SPIRITS,SCOTTS SHOTS SPIRITS,* Independent Fisher59 - TEXAS,(940) 569-8096,Wichita Falls,Active,LIQUOR / PACKAGE STORE,"$12,457.00 ",All (Beer/Wine/Spirits),"(TX) Archer, Baylor, Wichita, Wilbarger"
5271,UNITED (QUANAH) #3214,UNITED SUPERMARKET (D),UNITED SUPERMARKET (TX),(940) 663-5512,Wichita Falls,Active,SUPERMARKET,"$12,378.22 ",Beer/Wine,(TX) Hardeman
61853,SHORT STOP_2,SHORT STOP_2,* Independent Fisher59 - TEXAS,(940) 484-2537,Denton,Active,C-STORE / GAS,"$12,309.87 ",Beer/Wine,(TX) Denton
488,CIGARETTE MART_2,CIGARETTE MART_2,* Independent Fisher59 - TEXAS,(972) 436-7959,Denton,Active,C-STORE / GAS,"$12,232.50 ",Beer/Wine,(TX) Denton
2976,ROASTER'S,LAWSON RETAIL OPERATIONS LLC,* Independent Fisher59 - OKLAHOMA,(405) 618-3719,Lawton,Active,C-STORE / GAS,"$12,216.54 ",Beer/Wine,(OK) Grady
48025,S&S MARKET,WENTWOOD RETAIL CENTER,* Independent Fisher59 - TEXAS,(214) 642-0498,Denton,Active,C-STORE / GAS,"$12,199.18 ",Beer/Wine,(TX) Denton
489,ROYAL FUEL STOP,BOB SINGH'S STORES (L),* Independent Fisher59 - OKLAHOMA,(580) 226-2600,Ardmore,Active,C-STORE / GAS,"$12,198.97 ",Beer/NA,(OK) Carter
41106,7-ELEVEN GROCERY #41106,711 (Denton),711 (TX),,Denton,Active,C-STORE / GAS,"$11,986.07 ",Beer/Wine,(TX) Denton
2248,GAINESVILLE TRUCK STOP,GAINESVILLE TRUCK STOP,* Independent Fisher59 - TEXAS,,Denton,Active,C-STORE / GAS,"$11,979.52 ",Beer/Wine,(TX) Cooke
4240,LOVE'S COUNTRY STORE #33,LOVES (LAW),LOVES (OK),(580) 782-2603,Lawton,Active,C-STORE / GAS,"$11,946.00 ",Beer/Wine,(OK) Greer
5900,STRIPES #24337 (LEE & 45th),7-ELEVEN (OK) (EDI),711 (OK),(580) 355-6443,Lawton,Active,C-STORE / GAS,"$11,942.41 ",Beer/Wine,(OK) Comanche
52217,CASEY'S #4479,CASEY'S (D),CASEY'S (TX),(940) 241-1252,Denton,Active,C-STORE / GAS,"$11,915.58 ",Beer/Wine,(TX) Denton
2405,LOVE'S TRAVEL STOP #167,LOVES (LAW),LOVES (OK),(405) 224-0671,Lawton,Active,C-STORE / GAS,"$11,892.44 ",Non Alcohol Only,(OK) Stephens
371,WASHITA GAMING CENTER,CHICKASAW NATION DIV OF COMMERCE (L),CHICKASAW NATION DIV OF COMMERCE (OK),(405) 417-6068,Ardmore,Active,C-STORE / GAS,"$11,861.54 ",Beer/Wine,(OK) Garvin
2440,EASTLAND GROCERY,EASTLAND STA GRO,* Independent Fisher59 - OKLAHOMA,(580) 252-2361,Lawton,Active,C-STORE / GAS,"$11,841.55 ",Beer/NA,(OK) Stephens
3336,WINCO FOODS #173 (WF),WINCO (D),WINCO (TX),(208) 991-7778,Wichita Falls,Active,SUPERMARKET,"$11,811.00 ",Beer/Wine,"(TX) Archer, Baylor, Wichita, Wilbarger"
1711,SUPER 9 LIQUOR,SUPER 9 LIQUOR,* Independent Fisher59 - TEXAS,(940) 766-5557,Wichita Falls,Active,LIQUOR / PACKAGE STORE,"$11,790.37 ",All (Beer/Wine/Spirits),"(TX) Archer, Baylor, Wichita, Wilbarger"
12920,PRO-MART #7,PRO-MART #7,PRO-MART (OK),(580) 229-0136,Ardmore,Active,C-STORE / GAS,"$11,714.08 ",Beer/NA,(OK) Carter
2473,MURPHY USA #8965 (HWY 121),MURPHY USA (D),MURPHY USA (TX),(469) 645-8982,Denton,Active,C-STORE / GAS,"$11,664.41 ",Beer/Wine,(TX) Denton
1507,EIGHTER LIQUOR,EIGHTER LIQUOR,* Independent Fisher59 - TEXAS,,Denton,Active,LIQUOR / PACKAGE STORE,"$11,641.92 ",All (Beer/Wine/Spirits),(TX) Wise
57315,SUPER TARGET #1517 (FLOWER MOUND),SUPER TARGET (D),TARGET (TX),(972) 874-6700,Denton,Active,SUPERCENTER,"$11,632.06 ",Beer/Wine,(TX) Denton
102423,ALLSUPS #102423 (MADILL),YESWAY (LAW),YESWAY (OK),,Ardmore,Active,C-STORE / GAS,"$11,562.52 ",Beer/Wine,(OK) Marshall West (377 & west)
450,LIQUOR CAVE 11,BOWIE LIQUOR,* Independent Fisher59 - TEXAS,(512) 228-0188,Denton,Active,LIQUOR / PACKAGE STORE,"$11,532.40 ",All (Beer/Wine/Spirits),(TX) Montague
50849,EL PARIENTE,EL PARIENTE,* Independent Fisher59 - TEXAS,(940) 594-9164,Denton,Active,NEIGHBORHOOD GROC.,"$11,524.85 ",Beer/Wine,(TX) Denton
6166,SUNNYS #5,SUNNY'S EXPRESS #5,* Independent Fisher59 - OKLAHOMA,(580) 535-3000,Lawton,Active,C-STORE / GAS,"$11,505.04 ",Beer/NA,(OK) Greer
61945,7-ELEVEN GROCERY #41928H (THE COLONY),711 (Denton),711 (TX),(469) 469-5981,Denton,Active,C-STORE / GAS,"$11,478.50 ",Beer/Wine,(TX) Denton
57041,CK #125,DFW OIL & ENERGY (D),DFW OIL & ENERGY (TX),(214) 872-3871,Denton,Active,C-STORE / GAS,"$11,443.47 ",Beer/Wine,(TX) Denton
3012,CHIEFS SMOKIN ICEHOUSE 4,CHIEFS SOMKING ICE HOUSE,* Independent Fisher59 - OKLAHOMA,(580) 483-1062,Lawton,Active,C-STORE / GAS,"$11,404.68 ",Beer/Wine,(OK) Comanche
5780,STRIPES #20238 (GORE & 67th),7-ELEVEN (OK) (EDI),711 (OK),(580) 536-7762,Lawton,Active,C-STORE / GAS,"$11,371.66 ",Beer/Wine,(OK) Comanche
54263,HIGHLAND OF 380,HIGHLAND OF 380,* Independent Fisher59 - TEXAS,(469) 688-7613,Denton,Active,C-STORE / GAS,"$11,357.36 ",Beer/Wine,(TX) Denton
62141,HOWDY DOODY #3,HOWDY DOODY #3,* Independent Fisher59 - TEXAS,(940) 808-0321,Denton,Active,C-STORE / GAS,"$11,268.88 ",Beer/Wine,(TX) Denton
772,EASTSIDE SOCIAL CLUB,EASTSIDE SOCIAL CLUB,* Independent Fisher59 - TEXAS,(940) 395-1950,Denton,Active,BAR / TAVERN,"$11,222.15 ",Beer/Wine,(TX) Denton
670,COMANCHE NATION QUIK STOP,NUMUNU PAHMU LLC SMOKE SHOPS (L),NUMUNU PAHMU LLC SMOKE SHOPS (OK),,Lawton,Active,C-STORE / GAS,"$11,205.83 ",Beer/NA,(OK) Comanche
52787,ROANOKE QUIKSTOP,ROANOKE QUIKSTOP,* Independent Fisher59 - TEXAS,(817) 491-9859,Denton,Active,C-STORE / GAS,"$11,203.82 ",Beer/Wine,(TX) Denton
2404,VARIETY LIQUOR,CHEAPER LIQUOR,* Independent Fisher59 - TEXAS,(940) 600-9606,Denton,Active,LIQUOR / PACKAGE STORE,"$11,199.28 ",All (Beer/Wine/Spirits),(TX) Denton
1968,MEGASTAR TRAVEL STOP,CHICKASAW NATION DIV OF COMMERCE (L),CHICKASAW NATION DIV OF COMMERCE (OK),,Ardmore,Active,C-STORE / GAS,"$11,191.16 ",Beer/Wine,(OK) Marshall East (East of 377)
11950,E-Z MART #4221(MARIETTA),GPM SOUTHEAST (L),GPM SOUTHEAST (E-Z MART) (OK),(580) 276-9310,Ardmore,Active,C-STORE / GAS,"$11,187.55 ",Beer/Wine,(OK) Love
5650,HOMELAND STORE #182,HOMELAND/UNITED (L),HOMELAND/UNITED (OK),,Lawton,Active,SUPERMARKET,"$11,184.29 ",Beer/Wine,(OK) Stephens
910,LEWISVILLE LIQUOR,LEWISVILLE LIQUOR,* Independent Fisher59 - TEXAS,(972) 436-0923,Denton,Active,LIQUOR / PACKAGE STORE,"$11,179.20 ",All (Beer/Wine/Spirits),(TX) Denton
5740,STRIPES #19144 (SHERIDAN & LINCOLN),7-ELEVEN (OK) (EDI),711 (OK),(580) 353-8423,Lawton,Active,C-STORE / GAS,"$11,170.11 ",Beer/Wine,(OK) Comanche
759,GOODLUCK STORE,GOODLUCK STORE,* Independent Fisher59 - TEXAS,(940) 726-3419,Denton,Active,C-STORE / GAS,"$11,061.43 ",Beer/Wine,(TX) Cooke
12542,OK ONE STOP,OK ONE STOP (L),* Independent Fisher59 - OKLAHOMA,(580) 226-6100,Ardmore,Active,C-STORE / GAS,"$11,043.94 ",Beer/Wine,(OK) Carter
12730,LARRY'S COUNTRY CORNER ONE,LARRYS COUNTRY CORNER,* Independent Fisher59 - OKLAHOMA,(580) 223-7499,Ardmore,Active,C-STORE / GAS,"$11,010.95 ",Beer/Wine,(OK) Carter
45559,ROADRUNNER LIQUOR USA,ROADRUNNER LIQUOR,* Independent Fisher59 - TEXAS,(940) 825-6039,Denton,Active,LIQUOR / PACKAGE STORE,"$11,005.24 ",All (Beer/Wine/Spirits),(TX) Montague
1658,MURPHY EXPRESS #8836,MURPHY OIL (LAW),MURPHY OIL (OK),,Lawton,Active,C-STORE / GAS,"$10,972.42 ",Beer/Wine,(OK) Comanche
62869,SPSP BEER BARN CORPORATION,RICK'S BEER BARN,* Independent Fisher59 - TEXAS,(940) 891-1370,Denton,Active,C-STORE / GAS,"$10,970.56 ",Beer/Wine,(TX) Denton
5830,STRIPES #21219 (CACHE & 53rd),7-ELEVEN (OK) (EDI),711 (OK),(580) 355-0622,Lawton,Active,C-STORE / GAS,"$10,937.14 ",Beer/Wine,(OK) Comanche
47225,PARADISE QUICK STOP #2,SPEEDMAX,* Independent Fisher59 - TEXAS,(972) 219-0096,Denton,Active,C-STORE / GAS,"$10,918.09 ",Beer/Wine,(TX) Denton
1234,CASEY'S GENERAL STORE #4517,CASEY'S (L),CASEY'S GENERAL STORES (OK),(580) 536-5193,Lawton,Active,C-STORE / GAS,"$10,909.90 ",Beer/Wine,(OK) Comanche
63354,7-ELEVEN GROCERY #34107 (McCORMICK),711 (Denton),711 (TX),(940) 565-9352,Denton,Active,C-STORE / GAS,"$10,899.99 ",Beer/Wine,(TX) Denton
1001,SHOTZ LIQUOR STORE,SHOTZ LIQUOR STORE,SHOTZ (TX),(478) 284-5728,Denton,Active,LIQUOR / PACKAGE STORE,"$10,833.80 ",All (Beer/Wine/Spirits),(TX) Denton
4435,M&C CORNER STORE,M&C CORNER STORE,* Independent Fisher59 - OKLAHOMA,(580) 679-3686,Lawton,Active,C-STORE / GAS,"$10,833.67 ",Beer/NA,(OK) Jackson
54205,LIQUOR VILLA,LIQUOR VILLA,* Independent Fisher59 - TEXAS,(817) 899-8823,Denton,Active,LIQUOR / PACKAGE STORE,"$10,818.77 ",All (Beer/Wine/Spirits),(TX) Denton
11724,OSWALT MART,OSWALT MART,* Independent Fisher59 - OKLAHOMA,(580) 276-4222,Ardmore,Active,C-STORE / GAS,"$10,817.56 ",Beer/NA,(OK) Love
11495,CHICKASAW TRADING POST #540,CHICKASAW NATION DIV OF COMMERCE (L),CHICKASAW NATION DIV OF COMMERCE (OK),(580) 369-5360,Ardmore,Active,C-STORE / GAS,"$10,794.34 ",Beer/Wine,(OK) Murray
47696,7-ELEVEN GROCERY #33120A (HEBRON),711 (Denton),711 (TX),(972) 459-5181,Denton,Active,C-STORE / GAS,"$10,782.49 ",Beer/Wine,(TX) Denton
57554,KWIK WAY,KWIK WAY,* Independent Fisher59 - TEXAS,(940) 686-0027,Denton,Active,C-STORE / GAS,"$10,776.55 ",Beer/Wine,(TX) Denton
6724,EXXON THREE (KELL),EXXON THREE (KELL),* Independent Fisher59 - TEXAS,(940) 691-5720,Wichita Falls,Active,C-STORE / GAS,"$10,760.65 ",Beer/Wine,"(TX) Archer, Baylor, Wichita, Wilbarger"
2475,MAIN EXPRESS MART,MAIN EXPRESS MART,* Independent Fisher59 - OKLAHOMA,(580) 318-4828,Lawton,Active,C-STORE / GAS,"$10,757.72 ",Beer/NA,(OK) Jackson
2918,BRODY'S ROADIES,EXIT 15 FUEL & FOOD,* Independent Fisher59 - OKLAHOMA,(580) 276-6822,Ardmore,Active,C-STORE / GAS,"$10,757.02 ",Beer/Wine,(OK) Love
631,DOLLAR GENERAL #12244 (PONDER),DOLLAR GENERAL (DEN),DOLLAR GENERAL (TX),(940) 479-2039,Denton,Active,GENERAL MERCHANDISER,"$10,736.46 ",Beer/Wine,(TX) Denton
55244,GATEWAY 51,GATEWAY 51,* Independent Fisher59 - TEXAS,(682) 716-8490,Denton,Active,C-STORE / GAS,"$10,730.33 ",Beer/Wine,(TX) Denton
54761,JUSTIN SPIRITS,JUSTIN SPIRITS,* Independent Fisher59 - TEXAS,(940) 241-1252,Denton,Active,LIQUOR / PACKAGE STORE,"$10,719.86 ",All (Beer/Wine/Spirits),(TX) Denton
49390,GRAB N GO,GRAB N GO,* Independent Fisher59 - TEXAS,(972) 221-5027,Denton,Active,C-STORE / GAS,"$10,717.27 ",Beer/Wine,(TX) Denton
2223,WARRIORS C-STORE,WARRIOR MART,* Independent Fisher59 - OKLAHOMA,,Lawton,Active,C-STORE / GAS,"$10,715.54 ",Beer/NA,(OK) Caddo
2996,SUPER MIX MARISCOS RESTAURANT (NEW LOCATION),SUPER MIX MARISCOS RESTAURANT_2,* Independent Fisher59 - TEXAS,(972) 505-8586,Denton,Active,RESTAURANT,"$10,694.45 ",Beer/Wine,(TX) Denton
2400,CASEY'S GENERAL STORE #4516,CASEY'S (L),CASEY'S GENERAL STORES (OK),(580) 353-5152,Lawton,Active,C-STORE / GAS,"$10,662.89 ",Beer/Wine,(OK) Comanche
712,VALLEY VIEW STATION,VALLEY VIEW STATION,* Independent Fisher59 - TEXAS,(940) 726-5656,Denton,Active,C-STORE / GAS,"$10,610.33 ",Beer/Wine,(TX) Cooke
932,APACHE MARKET,APACHE MARKET,FT SILL APACHE C-STORE (OK),,Lawton,Active,C-STORE / GAS,"$10,600.70 ",Beer/Wine,(OK) Comanche
1300,BRITAINS CASH AND DASH,"CASH AND DASH,LLC",* Independent Fisher59 - OKLAHOMA,(580) 252-9527,Lawton,Active,C-STORE / GAS,"$10,583.31 ",Beer/NA,(OK) Stephens
400,ALLSUPS #102315 (BOWIE HWY 59),YESWAY (D),YESWAY (TX),(940) 872-5290,Denton,Active,C-STORE / GAS,"$10,569.04 ",Beer/Wine,(TX) Montague
2351,UNITED (IP ROAD) #221,UNITED SUPERMARKET (D),UNITED SUPERMARKET (TX),(214) 463-8806,Wichita Falls,Active,SUPERMARKET,"$10,511.42 ",Beer/Wine,"(TX) Archer, Baylor, Wichita, Wilbarger"
5890,STRIPES #24320 (11th & Gore St),7-ELEVEN (OK) (EDI),711 (OK),(580) 353-8129,Lawton,Active,C-STORE / GAS,"$10,488.87 ",Beer/Wine,(OK) Comanche
2987,ALLSUPS #102458 (ALVORD),YESWAY (D),YESWAY (TX),,Denton,Active,C-STORE / GAS,"$10,464.96 ",Beer/Wine,(TX) Wise
1862,BIG DADDY'S DISCOUNT LIQUOR,BIG DADDY'S DISCOUNT LIQUOR,* Independent Fisher59 - OKLAHOMA,,Ardmore,Active,LIQUOR / PACKAGE STORE,"$10,464.83 ",All (Beer/Wine/Spirits),(OK) Bryan
867,GATEWAY #49 (I-35 FRONTAGE RD),GATEWAY 49,* Independent Fisher59 - TEXAS,(940) 726-3086,Denton,Active,C-STORE / GAS,"$10,457.87 ",Beer/Wine,(TX) Cooke
3414,FOSSIL CREEK LIQUOR - DENTON,FOSSIL CREEK LIQUOR - DENTON,FOSSIL CREEK LIQUOR (TX),(940) 536-4802,Denton,Active,LIQUOR / PACKAGE STORE,"$10,436.10 ",All (Beer/Wine/Spirits),(TX) Denton
2965,SHADY LADY LIQUOR,SHADY LADY LIQUOR_2,* Independent Fisher59 - OKLAHOMA,,Lawton,Active,LIQUOR / PACKAGE STORE,"$10,380.82 ",All (Beer/Wine/Spirits),(OK) Comanche
4845,NINNEKAH TRUCK STOP,IBC Group-COD (L),SUNBELT (OK),(405) 224-0055,Lawton,Active,C-STORE / GAS,"$10,326.79 ",Beer/Wine,(OK) Grady
5760,STRIPES #19310 (SHERIDAN & F),7-ELEVEN (OK) (EDI),711 (OK),(580) 353-1228,Lawton,Active,C-STORE / GAS,"$10,324.52 ",Beer/Wine,(OK) Comanche
2563,BARRA LIBRE SPORTS BAR,BARRA LIBRE SPORTS BAR,* Independent Fisher59 - TEXAS,(214) 586-5952,Denton,Active,SPORTS BAR,"$10,321.32 ",Beer/Wine,(TX) Denton
45849,SMILEY'S EXPRESS,SMILEY'S EXPRESS,* Independent Fisher59 - TEXAS,(346) 714-0063,Denton,Active,C-STORE / GAS,"$10,305.25 ",Beer/Wine,(TX) Denton
443,FIRST STOP FOOD MART,BOB SINGH'S STORES (L),BOB SINGH'S STORES (OK),(214) 783-7471,Ardmore,Active,C-STORE / GAS,"$10,300.92 ",Beer/Wine,(OK) Marshall West (377 & west)
1449,ASAP GENERAL STORES #314,ASAP GENERAL STORES #314,* Independent Fisher59 - OKLAHOMA,,Lawton,Active,C-STORE / GAS,"$10,274.17 ",Beer/NA,(OK) Grady
1958,TAMI'S,TAMIS,* Independent Fisher59 - TEXAS,(940) 691-1006,Wichita Falls,Active,C-STORE / GAS,"$10,212.00 ",Beer/Wine,"(TX) Archer, Baylor, Wichita, Wilbarger"
58990,SUPER TARGET #2145 (DENTON),SUPER TARGET (D),TARGET (TX),(940) 220-2122,Denton,Active,SUPERCENTER,"$10,199.09 ",Beer/Wine,(TX) Denton
11430,LAKE MURRAY LAKE STOP,LAKESTOP,* Independent Fisher59 - OKLAHOMA,(580) 224-0600,Ardmore,Active,C-STORE / GAS,"$10,191.67 ",Beer/Wine,(OK) Carter
52415,ONE STOP EXPRESS,ONE STOP (D),* Independent Fisher59 - TEXAS,(469) 384-2608,Denton,Active,C-STORE / GAS,"$10,178.53 ",Beer/Wine,(TX) Denton
6965,HIGHWAY 79 STOP,HWY 79 STOP,* Independent Fisher59 - TEXAS,(940) 923-5698,Wichita Falls,Active,C-STORE / GAS,"$10,163.16 ",Beer/Wine,"(TX) Archer, Baylor, Wichita, Wilbarger"
11910,EZ SHOP #2,IBC Group-COD (L),* Independent Fisher59 - OKLAHOMA,,Ardmore,Active,C-STORE / GAS,"$10,149.04 ",Beer/Wine,(OK) Carter
925,STIRUPS LIQUOR (LS# 81),LONE STAR FOOD (D),STIRUPS (TX),,Denton,Active,LIQUOR / PACKAGE STORE,"$10,139.22 ",All (Beer/Wine/Spirits),(TX) Denton
1669,HAPPY HOUR LIQUOR BEER & WINE,HAPPY HOUR LIQUOR BEER & WINE,* Independent Fisher59 - TEXAS,,Wichita Falls,Active,LIQUOR / PACKAGE STORE,"$10,136.85 ",All (Beer/Wine/Spirits),"(TX) Archer, Baylor, Wichita, Wilbarger"
1756,A-STAR LIQUOR (VERNON),A-STARLIQUOR(VERNON),* Independent Fisher59 - TEXAS,(626) 755-0469,Wichita Falls,Active,LIQUOR / PACKAGE STORE,"$10,131.58 ",All (Beer/Wine/Spirits),"(TX) Archer, Baylor, Wichita, Wilbarger"
45641,CIRCLE K #2744503 (G'VILLE),CIRCLE K (WF),CIRCLE K/CST (TX),(940) 665-3880,Denton,Active,C-STORE / GAS,"$10,130.88 ",Beer/Wine,(TX) Cooke
4444,HOP & SACK #19,DONNY HOP & SACK (L),DONNY HOP & SACK (OK),(580) 583-3279,Lawton,Active,C-STORE / GAS,"$10,114.16 ",Beer/NA,(OK) Comanche
58711,FM BEVERAGE,FM BEVERAGE,* Independent Fisher59 - TEXAS,(972) 355-3311,Denton,Active,C-STORE / GAS,"$10,110.79 ",Beer/Wine,(TX) Denton
659,CHAPARRAL LIQUOR,CHAPARRAL LIQUOR,STIRUPS (TX),(940) 386-5775,Denton,Active,LIQUOR / PACKAGE STORE,"$10,092.41 ",All (Beer/Wine/Spirits),(TX) Denton
2895,BUFFALO WILD WINGS GRILL AND BAR,BUFFALO WILD WIN (D),BUFFALO WILD WINGS (TX),(940) 696-9464,Wichita Falls,Active,SPORTS BAR,"$10,090.10 ",Beer/Wine,"(TX) Archer, Baylor, Wichita, Wilbarger"
12910,RINGLING MART,RINGLING MART,* Independent Fisher59 - OKLAHOMA,(580) 662-2348,Ardmore,Active,C-STORE / GAS,"$10,084.36 ",Beer/Wine,(OK) Jefferson
11320,MARIETTA PETROLEUM INC,MARIETTA PETROLEUM INC,* Independent Fisher59 - OKLAHOMA,(580) 276-2286,Ardmore,Active,C-STORE / GAS,"$10,064.39 ",Beer/NA,(OK) Love
5750,STRIPES #19146 (FT SILL BLVD),7-ELEVEN (OK) (EDI),711 (OK),(580) 248-8984,Lawton,Active,C-STORE / GAS,"$10,055.97 ",Beer/Wine,(OK) Comanche
11520,E-Z MART #4406(PAULS VALLEY),GPM SOUTHEAST (L),GPM SOUTHEAST (E-Z MART) (OK),(405) 238-5822,Ardmore,Active,C-STORE / GAS,"$10,052.02 ",Beer/Wine,(OK) Garvin
3245,HOP SACK #5 - FREDERICK,BOOKER HOP & SACK (L),BOOKER HOP & SACK (OK),(580) 335-5676,Lawton,Active,C-STORE / GAS,"$10,030.57 ",Beer/NA,(OK) Tillman
5840,STRIPES #21220 (GORE & 52nd),7-ELEVEN (OK) (EDI),711 (OK),(580) 248-5343,Lawton,Active,C-STORE / GAS,"$10,027.71 ",Beer/Wine,(OK) Comanche
61911,24 SEVEN MART #12,24 SEVEN MART #12,* Independent Fisher59 - TEXAS,(469) 439-2367,Denton,Active,C-STORE / GAS,"$9,989.50 ",Beer/Wine,(TX) Denton
1773,ASAP GENERAL STORES #332,ASAP GENERAL STORES #332,* Independent Fisher59 - OKLAHOMA,(866) 778-4831,Ardmore,Active,C-STORE / GAS,"$9,977.16 ",Beer/NA,(OK) Marshall West (377 & west)
3092,MI PUEBLITO MEAT MARKET LLC DAL #1,MI PUEBLITO MEAT MARKET LLC DAL #1,* Independent Fisher59 - TEXAS,(214) 517-3906,Denton,Active,NEIGHBORHOOD GROC.,"$9,964.58 ",Beer/Wine,(TX) Cooke
45492,ONE STOP (NOCONA),ONE STOP (NOCONA),* Independent Fisher59 - TEXAS,(940) 825-5011,Denton,Active,C-STORE / GAS,"$9,947.87 ",Beer/Wine,(TX) Montague
6555,COMANCHE RED RIVER HOTEL CASINO,COMANCHE RED RIVER CASINO,* Independent Fisher59 - OKLAHOMA,,Lawton,Active,CASINO / GAMING,"$9,888.56 ",All (Beer/Wine/Spirits),(OK) Cotton
710,KIOWA STATION,KIOWA STATION,* Independent Fisher59 - TEXAS,(940) 665-2558,Denton,Active,C-STORE / GAS,"$9,882.12 ",Beer/Wine,(TX) Cooke
665,CHISHOLM CORNER OK #10 WEST,DIAMOND JUBILEE OIL LLC (OK),* Independent Fisher59 - OKLAHOMA,(405) 207-9007,Ardmore,Active,C-STORE / GAS,"$9,881.39 ",Beer/Wine,(OK) Garvin
14190,ERIN SPRINGS SUPERETTE,ERIN SPRINGS,* Independent Fisher59 - OKLAHOMA,(405) 756-8111,Lawton,Active,C-STORE / GAS,"$9,844.20 ",Beer/NA,(OK) Garvin
1380,ALL-AMERICAN,ALL-AMERICAN,* Independent Fisher59 - OKLAHOMA,,Lawton,Active,C-STORE / GAS,"$9,737.94 ",Beer/Wine,(OK) Jackson
1634,BACKROAD SPIRITS,BACKROADS SPIRITS,* Independent Fisher59 - OKLAHOMA,(405) 886-2326,Ardmore,Active,LIQUOR / PACKAGE STORE,"$9,706.36 ",All (Beer/Wine/Spirits),(OK) Garvin
10015,LAKE WAY MART,LAKE STORE,* Independent Fisher59 - OKLAHOMA,(580) 490-1616,Ardmore,Active,C-STORE / GAS,"$9,689.33 ",Beer/Wine,(OK) Marshall East (East of 377)
12600,MARIETTA ONE STOP,MARIETTA ONE STOP,* Independent Fisher59 - OKLAHOMA,(580) 276-9000,Ardmore,Active,C-STORE / GAS,"$9,689.12 ",Beer/NA,(OK) Love
57224,LONE STAR FOOD STORE (CASEY'S #4487 - GVILLE HWY8,CASEY'S (D),CASEY'S (TX),(940) 665-6141,Denton,Active,C-STORE / GAS,"$9,687.52 ",Beer/Wine,(TX) Cooke
51445,SHIWAKOTIS GROCERY,SHIWAKOTIS GROCERY,* Independent Fisher59 - TEXAS,(940) 686-5069,Denton,Active,C-STORE / GAS,"$9,677.00 ",Beer/Wine,(TX) Denton
1910,ONE STOP SHOPPE,ONE STOP SHOPPE,* Independent Fisher59 - OKLAHOMA,(580) 326-3111,EAST,Active,LIQUOR / PACKAGE STORE,"$9,666.54 ",All (Beer/Wine/Spirits),(OK) Choctaw
62216,DUSTYS,DUSTYS,* Independent Fisher59 - TEXAS,(940) 243-7300,Denton,Active,BAR / TAVERN,"$9,660.45 ",Beer/Wine,(TX) Denton
2653,CHEERS LIQUOR BEER & WINE - LEWISVILLE,CHEERS LIQUOR BEER & WINE - LEWISVILLE,CHEERS LIQUOR (TX),(682) 472-5826,Denton,Active,LIQUOR / PACKAGE STORE,"$9,631.07 ",All (Beer/Wine/Spirits),(TX) Denton
1010,A & A FOODS,A & A FOODS,* Independent Fisher59 - OKLAHOMA,(580) 353-8415,Lawton,Active,C-STORE / GAS,"$9,623.10 ",Beer/NA,(OK) Comanche
56416,GRAND SLAM,GRAND SLAM,* Independent Fisher59 - TEXAS,(940) 627-8383,Denton,Active,C-STORE / GAS,"$9,616.43 ",Beer/Wine,(TX) Wise
2750,CHISHOLM CORNER OK #13,CHISHOLM CORNER (L),CHISHOLM CORNER/JACK'S_DMG CORP (OK),(580) 658-2261,Lawton,Active,C-STORE / GAS,"$9,599.71 ",Beer/Wine,(OK) Stephens
2773,CASEY'S #4750 (DECATUR),CASEY'S (D),CASEY'S (TX),,Denton,Active,C-STORE / GAS,"$9,581.44 ",Beer/Wine,(TX) Wise
25924,TOO WET TO PLOW,TOO WET TO PLOW,* Independent Fisher59 - TEXAS,,Wichita Falls,Active,LIQUOR / PACKAGE STORE,"$9,541.66 ",All (Beer/Wine/Spirits),"(TX) Archer, Baylor, Wichita, Wilbarger"
989,SUPER FOOD MART - DENTON,SUPER FOOD MART - DENTON,* Independent Fisher59 - TEXAS,(940) 383-0999,Denton,Active,C-STORE / GAS,"$9,518.51 ",Beer/Wine,(TX) Denton
12580,PRO-MART #3,PRO-MART #3,PRO-MART (OK),(580) 226-3504,Ardmore,Active,C-STORE / GAS,"$9,484.46 ",Beer/NA,(OK) Carter
2181,DAD'S GROCERY,DAD'S GROCERY,* Independent Fisher59 - OKLAHOMA,(580) 335-3744,Lawton,Active,C-STORE / GAS,"$9,477.68 ",Beer/NA,(OK) Tillman
57208,SOUTH GRAND XPRESS,SOUTH GRAND XPRESS,* Independent Fisher59 - TEXAS,(940) 665-3771,Denton,Active,C-STORE / GAS,"$9,462.40 ",Beer/Wine,(TX) Cooke
56176,CIRCLE K #2706338 (LAKE DALLAS),DFW OIL & ENERGY (D),DFW OIL & ENERGY (TX),(940) 497-4317,Denton,Active,C-STORE / GAS,"$9,459.72 ",Beer/Wine,(TX) Denton
49340,GOOD WAY FOOD MART,GOOD WAY FOOD MART,* Independent Fisher59 - TEXAS,(469) 487-6158,Denton,Active,C-STORE / GAS,"$9,446.34 ",Beer/Wine,(TX) Denton
4410,MAC'S,MACS FOOD MART,* Independent Fisher59 - OKLAHOMA,(732) 983-7048,Lawton,Active,C-STORE / GAS,"$9,442.85 ",Beer/Wine,(OK) Caddo
52423,WILLIAMS DRIVE IN (ROANOKE),WILLIAMS DRIVE IN,* Independent Fisher59 - TEXAS,(817) 491-7232,Denton,Active,C-STORE / GAS,"$9,401.14 ",Beer/Wine,(TX) Denton
53454,JACOBS LIQUORS,JACOBS LIQUORS,* Independent Fisher59 - TEXAS,(940) 440-4440,Denton,Active,LIQUOR / PACKAGE STORE,"$9,393.91 ",All (Beer/Wine/Spirits),(TX) Denton
14170,JAKE'S SHORT STOP_2,JAKES SHORT STOP,* Independent Fisher59 - OKLAHOMA,(405) 756-8249,Lawton,Active,C-STORE / GAS,"$9,389.78 ",Beer/NA,(OK) Garvin
17920,OKIES CORNER,BOB SINGH'S STORES (L),BOB SINGH'S STORES (OK),(580) 223-5522,Ardmore,Active,C-STORE / GAS,"$9,381.06 ",Beer/NA,(OK) Carter
4840,7-ELEVEN GROCERY #42499 (BARNETT),711 (Denton),711 (TX),(940) 631-5632,Wichita Falls,Active,C-STORE / GAS,"$9,373.54 ",Beer/Wine,"(TX) Archer, Baylor, Wichita, Wilbarger"
1203,LOVE'S #118,LOVES (LAW),LOVES (OK),,Ardmore,Active,C-STORE / GAS,"$9,364.73 ",Beer/Wine,(OK) Garvin
56184,MILLENIUM FOOD STORE,MILLENIUM FOOD STORE,* Independent Fisher59 - TEXAS,(940) 384-6560,Denton,Active,C-STORE / GAS,"$9,358.02 ",Beer/Wine,(TX) Denton
49306,EXPRESS MART (BOWIE),EXPRESS MART (BOWIE),* Independent Fisher59 - TEXAS,(940) 872-6085,Denton,Active,C-STORE / GAS,"$9,356.30 ",Beer/Wine,(TX) Montague
61572,MCKINNEY FOOD STORE,MCKINNEY FOOD STORE,* Independent Fisher59 - TEXAS,(940) 566-1641,Denton,Active,C-STORE / GAS,"$9,349.19 ",Beer/Wine,(TX) Denton
1081,SAMS #1,SAMS #1,* Independent Fisher59 - TEXAS,(972) 221-9809,Denton,Active,C-STORE / GAS,"$9,340.09 ",Beer/Wine,(TX) Denton
59147,STONEBRIAR COUNTRY CLUB,CLUB CORP (D),CLUB CORP (TX),(972) 625-5050,Denton,Active,GOLF / COUNTRY CLUB,"$9,332.72 ",Beer/Wine,(TX) Denton
4030,HOP & SACK #16,HOP & SACK #16,DONNY HOP & SACK (OK),(580) 357-3016,Lawton,Active,C-STORE / GAS,"$9,332.01 ",Beer/NA,(OK) Comanche
12885,LOVE'S TRAVEL STOP #266,LOVES (LAW),LOVES (OK),(580) 226-0973,Ardmore,Active,C-STORE / GAS,"$9,328.62 ",Beer/Wine,(OK) Carter
62638,US 380 TRAVEL CENTER,DFW OIL & ENERGY (D),DFW OIL & ENERGY (TX),(940) 365-9347,Denton,Active,C-STORE / GAS,"$9,313.81 ",Beer/Wine,(TX) Denton
2985,ALLSUPS #102463 (AUBREY),YESWAY (D),YESWAY (TX),,Denton,Active,C-STORE / GAS,"$9,309.61 ",Beer/Wine,(TX) Denton
50299,RT'S NEIGHBORHOOD BAR,RT'S NEIGHBORHOOD BAR,* Independent Fisher59 - TEXAS,(940) 381-2270,Denton,Active,BAR / TAVERN,"$9,297.55 ",Beer/Wine,(TX) Denton
2833,OUTLAW LIQUOR & TUNNEL,OUTLAW LIQUOR & TUNNEL,* Independent Fisher59 - OKLAHOMA,,Lawton,Active,LIQUOR / PACKAGE STORE,"$9,294.57 ",All (Beer/Wine/Spirits),(OK) Stephens
2374,LOVE'S TRAVEL STOP #821,LOVES (LAW),LOVES (OK),,Ardmore,Active,C-STORE / GAS,"$9,278.73 ",Beer/Wine,(OK) Bryan
2011,GARRISON FOOD MART #2,GARRISON FOOD MART #2,* Independent Fisher59 - TEXAS,(940) 764-9462,Wichita Falls,Active,C-STORE / GAS,"$9,243.97 ",Beer/Wine,"(TX) Archer, Baylor, Wichita, Wilbarger"
399,ALLSUPS #102134 (BOWIE),YESWAY (D),YESWAY (TX),(940) 872-4962,Denton,Active,C-STORE / GAS,"$9,241.19 ",Beer/Wine,(TX) Montague
5115,PARKVIEW 66,GLENN OIL CO. (L),GLENN OIL CO. (OK),(580) 355-9550,Lawton,Active,C-STORE / GAS,"$9,226.08 ",Beer/NA,(OK) Comanche
46821,LEWISVILLE BEVERAGES,LEWISVILLE BEVERAGES,* Independent Fisher59 - TEXAS,(972) 436-6036,Denton,Active,C-STORE / GAS,"$9,207.91 ",Beer/Wine,(TX) Denton
5870,STRIPES #21863 (MAIN ST ALTUS),7-ELEVEN (OK) (EDI),711 (OK),(580) 482-0290,Lawton,Active,C-STORE / GAS,"$9,185.66 ",Beer/Wine,(OK) Jackson
1947,TRAVEL CENTERS OF AMERICA (DENTON),TRAVEL CENTERS OF AMERICA (DENTON),* Independent Fisher59 - TEXAS,(940) 383-1458,Denton,Active,C-STORE / GAS,"$9,180.49 ",Beer/Wine,(TX) Denton
1277,OASIS GAS N GO,OASIS GAS N GO,* Independent Fisher59 - OKLAHOMA,(405) 319-1067,Lawton,Active,C-STORE / GAS,"$9,178.88 ",Beer/NA,(OK) Grady
45634,ARROW,ARROW,* Independent Fisher59 - TEXAS,(940) 613-2710,Denton,Active,C-STORE / GAS,"$9,176.23 ",Beer/Wine,(TX) Montague
13050,PEACH TREE JUNCTION,PEACH TREE JUNCTION,* Independent Fisher59 - OKLAHOMA,(580) 759-3369,Ardmore,Active,C-STORE / GAS,"$9,170.12 ",Beer/Wine,(OK) Garvin
2365,CASEY'S GENERAL STORE #4519,CASEY'S (L),CASEY'S GENERAL STORES (OK),(580) 477-0034,Lawton,Active,C-STORE / GAS,"$9,165.80 ",Beer/Wine,(OK) Jackson
2500,EDGEWOODS NAPOLIS,EDGEWOODS LLC,* Independent Fisher59 - OKLAHOMA,(405) 201-9447,Lawton,Active,C-STORE / GAS,"$9,157.25 ",Beer/NA,(OK) Stephens
716,TARGET STORE T-2739,TARGET (LAW),TARGET (OK),,Lawton,Active,SUPERCENTER,"$9,149.95 ",Beer/Wine,(OK) Comanche
12530,PILOT TRAVEL CENTER #70100,PILOT TRAVEL CENTER #70100,FLYING J/PILOT TRAVEL CENTER (OK),(580) 226-3833,Ardmore,Active,C-STORE / GAS,"$9,136.60 ",Beer/NA,(OK) Carter
11920,EZ SHOP #1,IBC Group-COD (L),* Independent Fisher59 - OKLAHOMA,1 (580) 223-1167,Ardmore,Active,C-STORE / GAS,"$9,130.92 ",Beer/NA,(OK) Carter
2878,MAC'S #6,MAC'S STORE #6,* Independent Fisher59 - OKLAHOMA,,Lawton,Active,C-STORE / GAS,"$9,121.08 ",Beer/NA,(OK) Jefferson
40799,CHOCTAW TRAVEL PLAZA #631 - DURANT EAST,CHOCTAW NATION (L),CHOCTAW TRAVEL PLAZA (OK),(580) 920-2186,Ardmore,Active,C-STORE / GAS,"$9,114.14 ",Beer/Wine,(OK) Bryan
57356,STILL ON THE CORNER,STILL ON THE CORNER,* Independent Fisher59 - TEXAS,(940) 665-9000,Denton,Active,LIQUOR / PACKAGE STORE,"$9,065.87 ",All (Beer/Wine/Spirits),(TX) Cooke
4365,APACHE CASINO (BAR),FT SILL APACHE CASINO (L),FT SILL APACHE CASINO (OK),(954) 610-2996,Lawton,Active,CASINO / GAMING,"$9,053.91 ",All (Beer/Wine/Spirits),(OK) Comanche
34,PARKWAY GRILL,PARKWAY GRILL,* Independent Fisher59 - TEXAS,(940) 691-7640,Wichita Falls,Active,RESTAURANT,"$9,049.45 ",Beer/Wine,"(TX) Archer, Baylor, Wichita, Wilbarger"
735,MUSHI'S 2,MUSHI'S 2,* Independent Fisher59 - TEXAS,(940) 612-2685,Denton,Active,C-STORE / GAS,"$9,045.49 ",Beer/Wine,(TX) Cooke
13460,SNAK SHAK EAST,SNAK SHAK EAST,* Independent Fisher59 - OKLAHOMA,(580) 622-3395,Ardmore,Active,C-STORE / GAS,"$9,040.65 ",Beer/Wine,(OK) Murray
11011,QUICK MART #8,QUICK MART #8,* Independent Fisher59 - OKLAHOMA,(918) 402-6310,Ardmore,Active,C-STORE / GAS,"$9,034.41 ",Beer/Wine,(OK) Carter
56325,LOWE'S #160 - DECATUR,Lowe's (D),LOWE'S MARKET (TX-D),(940) 627-6438,Denton,Active,SUPERMARKET,"$9,007.80 ",Beer/Wine,(TX) Wise
5810,STRIPES #20828 (11TH & LEE BLVD,7-ELEVEN (OK) (EDI),711 (OK),(580) 357-8108,Lawton,Active,C-STORE / GAS,"$8,979.33 ",Beer/Wine,(OK) Comanche
5131,UNITED (VERNON) #1313,UNITED SUPERMARKET (D),UNITED SUPERMARKET (TX),(940) 552-6551,Wichita Falls,Active,SUPERMARKET,"$8,975.88 ",Beer/Wine,"(TX) Archer, Baylor, Wichita, Wilbarger"
4190,LOVE'S COUNTRY STORE #10,LOVES (LAW),LOVES (OK),(580) 688-2464,Lawton,Active,C-STORE / GAS,"$8,958.45 ",Beer/Wine,(OK) Harmon
3060,CASH SAVER #511,HOMELAND/UNITED (L),HOMELAND/UNITED (OK),(580) 355-5150,Lawton,Active,SUPERMARKET,"$8,941.01 ",Beer/Wine,(OK) Comanche
4400,HOP SACK #10 - FLETCHER,HOP & SACK #10,DONNY HOP & SACK (OK),(580) 549-6060,Lawton,Active,C-STORE / GAS,"$8,922.76 ",Beer/NA,(OK) Comanche
933,PICK N GO,PICK N GO,* Independent Fisher59 - TEXAS,(505) 504-8091,Wichita Falls,Active,C-STORE / GAS,"$8,920.04 ",Beer/Wine,"(TX) Archer, Baylor, Wichita, Wilbarger"
11783,BHUTANDEVI CORP.,BHUTANDEVI CORP.,* Independent Fisher59 - TEXAS,,Wichita Falls,Active,C-STORE / GAS,"$8,877.63 ",Beer/Wine,"(TX) Archer, Baylor, Wichita, Wilbarger"
1710,CHICK'S LIQUOR,CHICK'S LIQUOR,* Independent Fisher59 - OKLAHOMA,(405) 320-5980,Lawton,Active,LIQUOR / PACKAGE STORE,"$8,862.78 ",All (Beer/Wine/Spirits),(OK) Grady
630,MADILL EXPRESS,LADDI'S STORES (L),LADDI'S STORES (OK),(580) 795-3444,Ardmore,Active,C-STORE / GAS,"$8,853.50 ",Beer/NA,(OK) Marshall West (377 & west)
3155,CASEY'S #4385 (DAVIS),CASEY'S (L),CASEY'S GENERAL STORES (OK),,Ardmore,Active,C-STORE / GAS,"$8,846.91 ",Beer/Wine,(OK) Murray
61325,LUCKY LOUS,LUCKY LOUS,* Independent Fisher59 - TEXAS,(940) 484-5550,Denton,Active,BAR / TAVERN,"$8,817.65 ",Beer/Wine,(TX) Denton
47001,QUICKWAY FOOD STORE #16,QUICKWAY FOOD STORE #16,* Independent Fisher59 - TEXAS,(817) 713-1942,Denton,Active,C-STORE / GAS,"$8,808.39 ",Beer/Wine,(TX) Cooke
56143,GET N GO_2,HANDY FOODS (GAINESVILLE),* Independent Fisher59 - TEXAS,(940) 665-0581,Denton,Active,C-STORE / GAS,"$8,794.89 ",Beer/Wine,(TX) Cooke
1902,TAVERN AT LAKESIDE,TAVERN AT LAKESIDE,* Independent Fisher59 - TEXAS,,Denton,Active,RESTAURANT,"$8,780.80 ",Beer/Wine,(TX) Denton
1215,MAC'S #10,MAC'S #10,* Independent Fisher59 - OKLAHOMA,(813) 453-5295,Lawton,Active,C-STORE / GAS,"$8,760.58 ",Beer/Wine,(OK) Comanche
3058,LAST CALL LIQUOR STORE,LAST CALL LIQUOR STORE,* Independent Fisher59 - OKLAHOMA,,Ardmore,Active,LIQUOR / PACKAGE STORE,"$8,758.60 ",All (Beer/Wine/Spirits),(OK) Love
13175,AUSTIN'S FOOD & GAS,AUSTIN FOOD & GAS INC. (L),AUSTIN FOOD & GAS INC. (OK),(405) 665-2200,Ardmore,Active,C-STORE / GAS,"$8,753.68 ",Beer/NA,(OK) Garvin
12850,LOVE'S COUNTRY STORE #54,LOVES (LAW),LOVES (OK),(580) 223-6362,Ardmore,Active,C-STORE / GAS,"$8,739.94 ",Beer/Wine,(OK) Carter
568,7-ELEVEN GROCERY #35758 (CROSS TIMBERS),711 (Denton),711 (TX),,Denton,Active,C-STORE / GAS,"$8,730.48 ",Beer/Wine,(TX) Denton
742,FLAMINGO FOOD MART,FLAMINGO FOOD MART,* Independent Fisher59 - TEXAS,(940) 372-0090,Denton,Active,C-STORE / GAS,"$8,704.54 ",Beer/Wine,(TX) Cooke
3034,ALLSUPS #102075 (CROWELL),YESWAY (D),YESWAY (TX),(580) 614-1923,Wichita Falls,Active,C-STORE / GAS,"$8,701.17 ",Beer/Wine,(TX) Foard
62729,7-ELEVEN GROCERY #21495 (W.OAK),711 (Denton),711 (TX),(940) 383-3049,Denton,Active,C-STORE / GAS,"$8,660.78 ",Beer/Wine,(TX) Denton
13370,HOMELAND STORE #169,HOMELAND/UNITED (L),HOMELAND/UNITED (OK),(580) 223-1055,Ardmore,Active,SUPERMARKET,"$8,616.33 ",Beer/Wine,(OK) Carter
45683,GAS STATION,GAS STATION,* Independent Fisher59 - TEXAS,(940) 995-2045,Denton,Active,C-STORE / GAS,"$8,605.15 ",Beer/Wine,(TX) Montague
52944,STATE HWY EXPRESS FOOD MART,STATE HWY EXPRESS FOOD MART,* Independent Fisher59 - TEXAS,(682) 560-9686,Denton,Active,C-STORE / GAS,"$8,604.63 ",Beer/Wine,(TX) Denton
12590,MADILL MART,MADILL MART,* Independent Fisher59 - OKLAHOMA,(580) 795-5859,Ardmore,Active,C-STORE / GAS,"$8,593.73 ",Beer/NA,(OK) Marshall West (377 & west)
49323,BLACK TIE LIQUORS DENTON,BLACK TIE LIQUORS,BLACK TIE LIQUORS (TX),(940) 808-1550,Denton,Active,LIQUOR / PACKAGE STORE,"$8,582.63 ",All (Beer/Wine/Spirits),(TX) Denton
1177,E-Z MART #4463(HWY 259 BROKEN BOW),GPM SOUTHEAST (L),GPM SOUTHEAST (E-Z MART) (OK),(580) 494-6646,EAST,Active,C-STORE / GAS,"$8,563.50 ",Beer/Wine,(OK) McCurtain
51821,7-ELEVEN GROCERY #36315,711 (Denton),711 (TX),(972) 724-3320,Denton,Active,C-STORE / GAS,"$8,539.69 ",Beer/Wine,(TX) Denton
62372,GOLDEN STOP,GOLDEN STOP,* Independent Fisher59 - TEXAS,(940) 387-0015,Denton,Active,C-STORE / GAS,"$8,524.58 ",Beer/Wine,(TX) Denton
1590,HOP & SACK #12,DONNY HOP & SACK (L),DONNY HOP & SACK (OK),(580) 355-5222,Lawton,Active,C-STORE / GAS,"$8,484.82 ",Beer/NA,(OK) Comanche
4260,LOVE'S COUNTRY STORE #56,LOVES (LAW),LOVES (OK),(580) 658-2362,Lawton,Active,C-STORE / GAS,"$8,475.81 ",Beer/Wine,(OK) Stephens
5715,STRIPES #27580 (CACHE & SHERIDAN),7-ELEVEN (OK) (EDI),711 (OK),(580) 248-7659,Lawton,Active,C-STORE / GAS,"$8,472.57 ",Beer/Wine,(OK) Comanche
1095,YAHYA'S,YAHYA'S,* Independent Fisher59 - OKLAHOMA,(405) 238-0530,Ardmore,Active,C-STORE / GAS,"$8,435.52 ",Beer/NA,(OK) Garvin
12009,THACKERVILLE GAMING BORDER CASINO,WINSTAR/TRADITIONS ON PREMISE (L),WINSTAR/TRADITIONS ON PREMISE (OK),(940) 442-9038,Ardmore,Active,CASINO / GAMING,"$8,427.91 ",All (Beer/Wine/Spirits),(OK) Love
57689,LOWE'S #169 (G'VILLE),LOWE'S (WF),LOWE'S MARKET (TX-WF),(940) 665-4131,Denton,Active,SUPERMARKET,"$8,419.02 ",Beer/Wine,(TX) Cooke
12870,LOVE'S COUNTRY STORE #84,LOVES (LAW),LOVES (OK),(580) 795-2612,Ardmore,Active,C-STORE / GAS,"$8,416.53 ",Beer/Wine,(OK) Marshall West (377 & west)
11470,PROMART #9,PRO-MART #9,PRO-MART (OK),(580) 856-3910,Lawton,Active,C-STORE / GAS,"$8,393.07 ",Beer/NA,(OK) Carter
57185,VALLEY RIDGE BEVERAGE,VALLEY RIDGE BEVERAGE,* Independent Fisher59 - TEXAS,(972) 221-3679,Denton,Active,C-STORE / GAS,"$8,390.38 ",All (Beer/Wine/Spirits),(TX) Denton
49322,SNYDER QUICK MART,SNYDER MART,* Independent Fisher59 - OKLAHOMA,(405) 593-3470,Lawton,Active,C-STORE / GAS,"$8,341.92 ",Beer/NA,(OK) Kiowa
13595,SNAK SHAK-WYNNEWOOD,BARNWATER (L),BARNWATER (OK),(405) 665-5171,Ardmore,Active,C-STORE / GAS,"$8,301.09 ",Beer/Wine,(OK) Garvin
12810,LUCKY'S FOOD MART,LUCKY'S FOOD MART,* Independent Fisher59 - OKLAHOMA,(443) 761-2137,Ardmore,Active,C-STORE / GAS,"$8,294.86 ",Beer/Wine,(OK) Carter
1691,CHANDLIER LIQUOR,CHANDELIER LIQUOR,* Independent Fisher59 - OKLAHOMA,(580) 357-1897,Lawton,Active,LIQUOR / PACKAGE STORE,"$8,268.50 ",All (Beer/Wine/Spirits),(OK) Comanche
406,STAR TRAVEL CENTER 7,STAR TRAVEL CENTER 7,* Independent Fisher59 - TEXAS,(940) 872-8802,Denton,Active,C-STORE / GAS,"$8,236.07 ",Beer/Wine,(TX) Montague
56473,QUICK AL'S #4,QUICK AL'S #4,* Independent Fisher59 - TEXAS,,Denton,Active,C-STORE / GAS,"$8,224.66 ",Beer/Wine,(TX) Wise
3250,HOP SACK #4 - CHATTY,BOOKER HOP & SACK (L),BOOKER HOP & SACK (OK),(580) 597-2203,Lawton,Active,C-STORE / GAS,"$8,210.62 ",Beer/NA,(OK) Comanche
2015,RED RIVER STOP,RED RIVER STOP,* Independent Fisher59 - TEXAS,(940) 464-9050,Denton,Active,C-STORE / GAS,"$8,201.11 ",Beer/Wine,(TX) Cooke
5250,NAK'S STORE,MACS STORE NO. 4,* Independent Fisher59 - OKLAHOMA,(713) 983-7048,Lawton,Active,C-STORE / GAS,"$8,188.71 ",Beer/NA,(OK) Stephens
4008,USA LIQUOR BEER WINE,USA LIQUOR BEER WINE,* Independent Fisher59 - TEXAS,(940) 687-9997,Wichita Falls,Active,LIQUOR / PACKAGE STORE,"$8,175.81 ",All (Beer/Wine/Spirits),"(TX) Archer, Baylor, Wichita, Wilbarger"
49228,CASEY'S #4593 (RINGLING),CASEY'S (L),CASEY'S GENERAL STORES (OK),,Ardmore,Active,C-STORE / GAS,"$8,174.34 ",Beer/Wine,(OK) Jefferson
49321,6S LIQUORS - TROPHY CLUB,6S LIQUORS - TROPHY CLUB,* Independent Fisher59 - TEXAS,,Denton,Active,LIQUOR / PACKAGE STORE,"$8,157.58 ",All (Beer/Wine/Spirits),(TX) Denton
1393,WHISKEY JOE'S,WHISKEY JOE'S,* Independent Fisher59 - OKLAHOMA,(580) 612-3610,Ardmore,Active,LIQUOR / PACKAGE STORE,"$8,148.88 ",All (Beer/Wine/Spirits),(OK) McCurtain
2632,DOLLAR SAVER #25,DOLLAR SAVER #25,* Independent Fisher59 - TEXAS,,Wichita Falls,Active,C-STORE / GAS,"$8,104.80 ",Beer/Wine,"(TX) Archer, Baylor, Wichita, Wilbarger"
503,CHIEFS SMOKIN ICEHOUSE 2,CHIEF'S SMOKIN' ICE HOUSE 2,* Independent Fisher59 - OKLAHOMA,(580) 483-1062,Lawton,Active,C-STORE / GAS,"$8,100.11 ",Beer/Wine,(OK) Comanche
1834,LUCKY MART,LUCKY MART,* Independent Fisher59 - TEXAS,(940) 781-4983,Wichita Falls,Active,C-STORE / GAS,"$8,089.91 ",Beer/Wine,"(TX) Archer, Baylor, Wichita, Wilbarger"
6910,MACS #1,MACS #1,* Independent Fisher59 - OKLAHOMA,(813) 453-5295,Lawton,Active,C-STORE / GAS,"$8,058.78 ",Beer/Wine,(OK) Comanche
2417,THOMPSON'S MARKET PLACE LLC,THOMPSON'S MARKET PLACE LLC,* Independent Fisher59 - OKLAHOMA,(580) 788-2520,Ardmore,Active,SUPERMARKET,"$8,051.23 ",Beer/Wine,(OK) Garvin
62331,CRACKER BARREL FOOD STORE,CRACKER BARRELL,* Independent Fisher59 - TEXAS,(940) 383-3034,Denton,Active,C-STORE / GAS,"$8,048.19 ",Beer/Wine,(TX) Denton
1540,BUBBAS,BUBBAS,* Independent Fisher59 - OKLAHOMA,(580) 647-7159,Lawton,Active,C-STORE / GAS,"$8,047.57 ",Beer/Wine,(OK) Comanche
11310,SPEEDY G'S,SPEEDY G'S,* Independent Fisher59 - OKLAHOMA,(580) 444-3660,Lawton,Active,C-STORE / GAS,"$8,042.20 ",Beer/Wine,(OK) Stephens
40766,LOVE'S COUNTRY STORES #69,LOVES (LAW),LOVES (OK),(580) 924-9287,Ardmore,Active,C-STORE / GAS,"$8,041.47 ",Beer/Wine,(OK) Bryan
1100,KEMP DOLLAR SAVER #3 (VERNON),KEMP DOLLAR SAVER #2 (VERNON),* Independent Fisher59 - TEXAS,(817) 714-9242,Wichita Falls,Active,C-STORE / GAS,"$8,041.04 ",Beer/Wine,"(TX) Archer, Baylor, Wichita, Wilbarger"
14180,LINDSAY GAS N GO,LINDSAY GAS GO,* Independent Fisher59 - OKLAHOMA,(405) 756-2859,Lawton,Active,C-STORE / GAS,"$7,982.62 ",Beer/NA,(OK) Garvin
55946,ALLSUPS #102169 (CHILLICOTHE),YESWAY (D),YESWAY (TX),(940) 852-5592,Wichita Falls,Active,C-STORE / GAS,"$7,973.25 ",Beer/Wine,(TX) Hardeman
2480,DOLLAR GENERAL #22930 (FORESTBURG),DOLLAR GENERAL (DEN),DOLLAR GENERAL (TX),,Denton,Active,GENERAL MERCHANDISER,"$7,929.80 ",Beer/Wine,(TX) Montague
1491,YOGI'S #1,YOGI'S #1,* Independent Fisher59 - TEXAS,(940) 627-8792,Denton,Active,C-STORE / GAS,"$7,927.34 ",Beer/Wine,(TX) Wise
47530,TWIN PEAKS - LEWISVILLE,TWIN PEAKS (D),TWIN PEAKS (TX),(214) 488-7222,Denton,Active,RESTAURANT,"$7,921.69 ",Beer/Wine,(TX) Denton
5985,SHOP N BAG,SHOP-N-BAG,* Independent Fisher59 - OKLAHOMA,(469) 662-0709,Lawton,Active,C-STORE / GAS,"$7,898.61 ",Beer/NA,(OK) Stephens
41048,WAL-MART STORE #38 (IDABEL),WAL-MART (LAW),WAL-MART (OK),(580) 286-6696,EAST,Active,SUPERCENTER,"$7,891.13 ",Beer/Wine,(OK) McCurtain
21006,ALLSUPS #102378 (ELECTRA),YESWAY (D),YESWAY (TX),(940) 495-3305,Wichita Falls,Active,C-STORE / GAS,"$7,855.55 ",Beer/Wine,"(TX) Archer, Baylor, Wichita, Wilbarger"
1040,CHISHOLM CORNER OK #6,CHISHOLM CORNER (L),CHISHOLM CORNER/JACK'S_DMG CORP (OK),(405) 785-2900,Lawton,Active,C-STORE / GAS,"$7,855.54 ",Beer/Wine,(OK) Grady
46490,EIGHTY-TWO LIQUOR,EIGHTY-TWO LIQUOR,* Independent Fisher59 - TEXAS,(940) 759-2252,Denton,Active,LIQUOR / PACKAGE STORE,"$7,840.18 ",All (Beer/Wine/Spirits),(TX) Cooke
1043,BACK PORCH & DRAFTHOUSE (CACHE),BACK PORCH & DRAFTHOUSE (CACHE),* Independent Fisher59 - OKLAHOMA,(580) 951-9054,Lawton,Active,RESTAURANT,"$7,838.31 ",All (Beer/Wine/Spirits),(OK) Comanche
53447,MILLENIUM SHELL #1,MILLENIUM SHELL #1,* Independent Fisher59 - TEXAS,(940) 383-2283,Denton,Active,C-STORE / GAS,"$7,810.01 ",Beer/Wine,(TX) Denton
3326,QUIKTRIP #7018 (ATOKA),QUIKTRIP (OK),QUIKTRIP (OK),,EAST,Active,C-STORE / GAS,"$7,782.79 ",Beer/Wine,(OK) Atoka
741,CHICKASAW NATION TOBACCO SHOP #460,CHICKASAW NATION DIV OF COMMERCE (L),CHICKASAW NATION DIV OF COMMERCE (OK),1 (580) 622-8908,Ardmore,Active,C-STORE / GAS,"$7,765.72 ",Beer/Wine,(OK) Murray
1401,THE LOCAL SHOPPE #712,THE LOCAL SHOPPE #712,* Independent Fisher59 - TEXAS,9722209296X514,Denton,Active,C-STORE / GAS,"$7,752.54 ",Beer/Wine,(TX) Denton
47902,VALERO FOOD MART,VALERO FOOD MART,* Independent Fisher59 - TEXAS,(214) 488-3277,Denton,Active,C-STORE / GAS,"$7,730.19 ",Beer/Wine,(TX) Denton
49201,GRAND LIQUOR,GRAND LIQUOR,GRAND LIQUOR (TX),(940) 891-0807,Denton,Active,LIQUOR / PACKAGE STORE,"$7,729.50 ",All (Beer/Wine/Spirits),(TX) Denton
4303,NAK'S QUICK MART,NAK'S QUICK MART,* Independent Fisher59 - OKLAHOMA,(813) 453-5295,Lawton,Active,C-STORE / GAS,"$7,703.32 ",Beer/Wine,(OK) Cotton
6742,LUCKY DISCOUNT LIQUOR,LUCKY DISCOUNT LIQUOR,* Independent Fisher59 - TEXAS,(940) 322-3359,Wichita Falls,Active,LIQUOR / PACKAGE STORE,"$7,689.22 ",All (Beer/Wine/Spirits),"(TX) Archer, Baylor, Wichita, Wilbarger"
47365,EZ STOP 20,EZ STOP 20,* Independent Fisher59 - TEXAS,(972) 315-3886,Denton,Active,C-STORE / GAS,"$7,681.81 ",Beer/Wine,(TX) Denton
2268,THE PORCH PATIO BAR,THE PORCH PATIO BAR,* Independent Fisher59 - TEXAS,,Denton,Active,RESTAURANT,"$7,652.54 ",Beer/Wine,(TX) Denton
3055,HILLTOP HANGOUT,HILLTOP HANGOUT,* Independent Fisher59 - TEXAS,(817) 917-5777,Denton,Active,BAR / TAVERN,"$7,641.99 ",Beer/Wine,(TX) Denton
55785,KENS LIQUOR BEER WINE,KENS LIQUOR BEER WINE,* Independent Fisher59 - TEXAS,(940) 663-4008,Wichita Falls,Active,LIQUOR / PACKAGE STORE,"$7,640.45 ",All (Beer/Wine/Spirits),(TX) Hardeman
14200,HOP N SHOP #27 (WAYNE),HOP N SHOP #27 (WAYNE),* Independent Fisher59 - OKLAHOMA,(510) 331-3445,Ardmore,Active,C-STORE / GAS,"$7,620.21 ",Beer/Wine,(OK) McClain
12664,LAKE COUNTRY STORE,LAKECOUNTRYSTORE,* Independent Fisher59 - OKLAHOMA,(580) 226-0030,Ardmore,Active,C-STORE / GAS,"$7,615.57 ",Beer/NA,(OK) Carter
6225,STEP & FETCHUM GROCERY,STEP & FETCHUM GROCERY,* Independent Fisher59 - OKLAHOMA,,Lawton,Active,C-STORE / GAS,"$7,601.62 ",Beer/Wine,(OK) Caddo
483,FRISCO LAKES GOLF CLUB,FRISCO LAKES GOLF CLUB,* Independent Fisher59 - TEXAS,(903) 312-8081,Denton,Active,GOLF / COUNTRY CLUB,"$7,589.45 ",Beer/Wine,(TX) Denton
5800,NAPOLIS 12,NAPOLIS 12,* Independent Fisher59 - OKLAHOMA,(405) 640-0706,Lawton,Active,C-STORE / GAS,"$7,584.92 ",Beer/NA,(OK) Stephens
50948,TEXAS PICKUP,TEXAS PICKUP,* Independent Fisher59 - TEXAS,(940) 665-6435,Denton,Active,C-STORE / GAS,"$7,566.20 ",Beer/Wine,(TX) Cooke
2252,AM FOOD MART,AM FUELS,SUNBELT (OK),(856) 524-6048,Lawton,Active,C-STORE / GAS,"$7,565.10 ",Beer/NA,(OK) Caddo
1651,BRIDLEWOOD GOLF CLUB,BRIDLEWOOD GOLF CLUB,* Independent Fisher59 - TEXAS,(972) 355-4800,Denton,Active,GOLF / COUNTRY CLUB,"$7,543.28 ",Beer/Wine,(TX) Denton
2273,FAMILY MART MLK,FAMILY MART MLK,* Independent Fisher59 - TEXAS,,Wichita Falls,Active,C-STORE / GAS,"$7,536.68 ",Beer/Wine,"(TX) Archer, Baylor, Wichita, Wilbarger"
3420,JAY'S MINI STOP,JAYS MINI STOP,* Independent Fisher59 - OKLAHOMA,(405) 224-3539,Lawton,Active,C-STORE / GAS,"$7,517.07 ",Beer/NA,(OK) Grady
2745,LIQUORISH LIQUOR,LIQUORISH LIQUOR,* Independent Fisher59 - OKLAHOMA,,Ardmore,Active,LIQUOR / PACKAGE STORE,"$7,507.98 ",All (Beer/Wine/Spirits),(OK) Bryan
13235,RAPID ROBERTS,RAPID ROBERTS INC.,* Independent Fisher59 - OKLAHOMA,(405) 238-3836,Ardmore,Active,C-STORE / GAS,"$7,496.01 ",Beer/NA,(OK) Garvin
1732,LOCO JOE'S,LOCO JOE'S,* Independent Fisher59 - OKLAHOMA,,Ardmore,Active,LIQUOR / PACKAGE STORE,"$7,475.20 ",All (Beer/Wine/Spirits),(OK) Love
57380,ALLSUPS #102040 (LAKE DALLAS),YESWAY (D),YESWAY (TX),(940) 497-4092,Denton,Active,C-STORE / GAS,"$7,467.87 ",Beer/Wine,(TX) Denton
40306,LOVE'S TRAVEL STOP #373,LOVES (LAW),LOVES (OK),(580) 296-5940,Ardmore,Active,C-STORE / GAS,"$7,450.58 ",Non Alcohol Only,(OK) Bryan
4214,BACK PORCH DRAFTHOUSE - WF,BACK PORCH DRAFTHOUSE,* Independent Fisher59 - TEXAS,(940) 234-7777,Wichita Falls,Active,RESTAURANT,"$7,436.05 ",Beer/Wine,"(TX) Archer, Baylor, Wichita, Wilbarger"
1411,LA AZTECA MEAT MKT - LITTLE ELM,LA AZTECA (D),LA AZTECA (TX),,Denton,Active,NEIGHBORHOOD GROC.,"$7,433.34 ",Beer/Wine,(TX) Denton
40763,LOVE'S COUNTRY STORE #68,LOVES (LAW),LOVES (OK),(580) 924-9304,Ardmore,Active,C-STORE / GAS,"$7,420.15 ",Beer/Wine,(OK) Bryan
367,ICEHOUSE LIQUOR,ICEHOUSE LIQUOR,* Independent Fisher59 - TEXAS,(940) 427-5751,Denton,Active,LIQUOR / PACKAGE STORE,"$7,419.24 ",All (Beer/Wine/Spirits),(TX) Wise
6930,BROADWAY MINI STOP,BROADWAY MINI STOP,* Independent Fisher59 - OKLAHOMA,(580) 688-3327,Lawton,Active,C-STORE / GAS,"$7,418.90 ",Beer/NA,(OK) Harmon
23077,DOLLAR SAVER #5 (BEVERLY),DOLLAR SAVER #5 (BEVERLY),* Independent Fisher59 - TEXAS,(940) 855-2023,Wichita Falls,Active,C-STORE / GAS,"$7,393.94 ",Beer/Wine,"(TX) Archer, Baylor, Wichita, Wilbarger"
636,DOLLAR GENERAL #6609 (KRUM),DOLLAR GENERAL (DEN),DOLLAR GENERAL (TX),(940) 482-6119,Denton,Active,GENERAL MERCHANDISER,"$7,345.29 ",Beer/Wine,(TX) Denton
1355,APPLEJACKS LIQUOR - LEWISVILLE,APPLEJACKS LIQUOR,* Independent Fisher59 - TEXAS,,Denton,Active,LIQUOR / PACKAGE STORE,"$7,327.19 ",All (Beer/Wine/Spirits),(TX) Denton
3260,SUNNYS #3,SUNNY'S EXPRESS,* Independent Fisher59 - OKLAHOMA,(580) 639-2656,Lawton,Active,C-STORE / GAS,"$7,301.68 ",Beer/NA,(OK) Kiowa
13170,STOP AND GO,STOP AND GO,* Independent Fisher59 - OKLAHOMA,(405) 238-9176,Ardmore,Active,C-STORE / GAS,"$7,282.15 ",Beer/NA,(OK) Garvin
14111,NAPOLI'S TRUCK STOP,LINDSAY TRAVEL SHOP,* Independent Fisher59 - OKLAHOMA,(405) 756-1673,Lawton,Active,C-STORE / GAS,"$7,267.60 ",Beer/NA,(OK) Garvin
55051,MULE BARN,MULE BARN,* Independent Fisher59 - TEXAS,(817) 808-3256,Denton,Active,SPORTS BAR,"$7,246.30 ",Beer/Wine,(TX) Denton
13270,TISH EXPRESS LIQUOR AND WINE,TISH EXPRESS LIQUOR AND WINE,* Independent Fisher59 - OKLAHOMA,(747) 216-7979,Ardmore,Active,LIQUOR / PACKAGE STORE,"$7,230.33 ",All (Beer/Wine/Spirits),(OK) Johnston
1672,GRAND LIQUOR - EAGLE,GRAND LIQUOR - EAGLE,GRAND LIQUOR (TX),(972) 245-7006,Denton,Active,LIQUOR / PACKAGE STORE,"$7,226.45 ",All (Beer/Wine/Spirits),(TX) Denton
5770,STRIPES #19584 (11th & F ST),7-ELEVEN (OK) (EDI),711 (OK),(580) 353-1218,Lawton,Active,C-STORE / GAS,"$7,221.15 ",Beer/Wine,(OK) Comanche
5110,HOMELAND STORE #127,HOMELAND/UNITED (L),HOMELAND/UNITED (OK),(405) 224-2538,Lawton,Active,SUPERMARKET,"$7,210.27 ",Beer/Wine,(OK) Grady
40874,WAL-MART STORE #49 (HUGO),WAL-MART (LAW),WAL-MART (OK),(580) 326-6494,EAST,Active,SUPERCENTER,"$7,206.52 ",Beer/Wine,(OK) Choctaw
6440,BRONCO CORNER,IBC Group-COD (L),* Independent Fisher59 - OKLAHOMA,(817) 822-1842,Lawton,Active,C-STORE / GAS,"$7,197.26 ",Beer/NA,(OK) Grady
1175,C.J. LIQUOR,C.J. LIQUOR,* Independent Fisher59 - TEXAS,(940) 473-9297,Wichita Falls,Active,LIQUOR / PACKAGE STORE,"$7,196.03 ",All (Beer/Wine/Spirits),"(TX) Archer, Baylor, Wichita, Wilbarger"
637,DOLLAR GENERAL #4955 (SANGER 5TH ST),DOLLAR GENERAL (DEN),DOLLAR GENERAL (TX),(940) 488-4141,Denton,Active,GENERAL MERCHANDISER,"$7,183.17 ",Beer/Wine,(TX) Denton
243,COLONY GAS & MORE,COLONY GAS & MORE_2,* Independent Fisher59 - TEXAS,(214) 529-1893,Denton,Active,C-STORE / GAS,"$7,175.86 ",Beer/Wine,(TX) Denton
13800,TISHOMINGO QUICK MART,TISHOMINGO QUICK MART,* Independent Fisher59 - OKLAHOMA,(580) 371-2229,Ardmore,Active,C-STORE / GAS,"$7,172.39 ",Beer/NA,(OK) Johnston
3725,B Z DISTRIBUTORS,B-Z DISTRIBUTORS,* Independent Fisher59 - OKLAHOMA,(580) 357-9313,Lawton,Active,C-STORE / GAS,"$7,151.09 ",Beer/NA,(OK) Comanche
5540,CHISHOLM CORNER OK #11,DIAMOND JUBILEE OIL LLC (OK),* Independent Fisher59 - OKLAHOMA,(580) 255-8039,Lawton,Active,C-STORE / GAS,"$7,138.30 ",Beer/Wine,(OK) Stephens
2527,CHEERS LIQUOR BEER & WINE,CHEERS LIQUOR BEER & WINE,CHEERS LIQUOR (TX),(682) 472-5826,Denton,Active,LIQUOR / PACKAGE STORE,"$7,137.41 ",All (Beer/Wine/Spirits),(TX) Denton
57323,XPRESWAY,XPRESWAY,* Independent Fisher59 - TEXAS,,Denton,Active,C-STORE / GAS,"$7,130.71 ",Beer/Wine,(TX) Cooke
907,BOTTOM DOLLAR,BOTTOM DOLLAR,* Independent Fisher59 - OKLAHOMA,(580) 856-3007,Lawton,Active,C-STORE / GAS,"$7,114.38 ",Beer/Wine,(OK) Carter
2964,OXXO #51205 (BARNETT),SOUTHWEST CONVENIENCE STORES (WF),SOUTHWEST CONVENIENCE STORES (TX),(940) 692-1391,Wichita Falls,Active,C-STORE / GAS,"$7,113.97 ",Beer/Wine,"(TX) Archer, Baylor, Wichita, Wilbarger"
45443,EAGLE FUELS,"SCHILLING OIL CO., INC",* Independent Fisher59 - TEXAS,(940) 759-2522,Denton,Active,C-STORE / GAS,"$7,092.53 ",Beer/Wine,(TX) Cooke
40970,WAL-MART #117 (BROKEN BOW),WAL-MART (LAW),WAL-MART (OK),(580) 584-3324,EAST,Active,NEIGHBORHOOD GROC.,"$7,080.66 ",Beer/Wine,(OK) McCurtain
5920,STRIPES #25176 (CACHE & 67th),7-ELEVEN (OK) (EDI),711 (OK),(580) 536-2156,Lawton,Active,C-STORE / GAS,"$7,077.46 ",Beer/Wine,(OK) Comanche
737,OXXO #51206 (FAIRWAY),SOUTHWEST CONVENIENCE STORES (WF),SOUTHWEST CONVENIENCE STORES (TX),(940) 691-3938,Wichita Falls,Active,C-STORE / GAS,"$7,047.91 ",Beer/Wine,"(TX) Archer, Baylor, Wichita, Wilbarger"
2561,WILLIAMS FOODS #8 ELGIN,WENJEST CORPORATION (L),WENJEST CORP (WILLIAMS FOOD) (OK),,Lawton,Active,NEIGHBORHOOD GROC.,"$7,047.82 ",Beer/Wine,(OK) Comanche
3665,UNITED (SEYMOUR) #146,UNITED SUPERMARKET (D),UNITED SUPERMARKET (TX),(940) 888-2336,Wichita Falls,Active,SUPERMARKET,"$7,029.86 ",Beer/Wine,"(TX) Archer, Baylor, Wichita, Wilbarger"
4250,LOVE'S COUNTRY STORE #55,LOVES (LAW),LOVES (OK),(580) 439-6256,Lawton,Active,C-STORE / GAS,"$7,014.92 ",Beer/Wine,(OK) Stephens
33738,KAMAY 'Y' STORE,KAMAY Y CONVENIENCE STORE,* Independent Fisher59 - TEXAS,(940) 692-1581,Wichita Falls,Active,C-STORE / GAS,"$7,013.85 ",Beer/Wine,"(TX) Archer, Baylor, Wichita, Wilbarger"
3214,MURPHY USA #7843 (VERNON),MURPHY USA (D),MURPHY USA (TX),(870) 312-0303,Wichita Falls,Active,C-STORE / GAS,"$7,004.05 ",Beer/Wine,"(TX) Archer, Baylor, Wichita, Wilbarger"
2800,CHICKASHA GAS N GO,IBC Group-COD (L),* Independent Fisher59 - OKLAHOMA,(405) 222-1400,Lawton,Active,C-STORE / GAS,"$6,999.36 ",Beer/NA,(OK) Grady
49260,SHAX - DENTON,SHAX - DENTON,SHAX LIQUOR (TX),,Denton,Active,LIQUOR / PACKAGE STORE,"$6,994.91 ",All (Beer/Wine/Spirits),(TX) Denton
1424,WB LIQUORS - LEWISVILLE,WB LIQUORS - LEWISVILLE,WB LIQUORS (TX),(210) 343-6045,Denton,Active,LIQUOR / PACKAGE STORE,"$6,974.59 ",All (Beer/Wine/Spirits),(TX) Denton
3334,TACKLEBOX LIQUOR,TACKLEBOX LIQUOR,* Independent Fisher59 - OKLAHOMA,(580) 305-2949,Lawton,Active,LIQUOR / PACKAGE STORE,"$6,969.17 ",All (Beer/Wine/Spirits),(OK) Comanche
2529,THERAPY TO-GO,THERAPY TO-GO,* Independent Fisher59 - OKLAHOMA,(580) 465-7556,Ardmore,Active,LIQUOR / PACKAGE STORE,"$6,957.39 ",All (Beer/Wine/Spirits),(OK) Carter
49309,TRAVEL PLAZA #645 -ANTLERS,CHOCTAW NATION (L),CHOCTAW TRAVEL PLAZA (OK),(580) 380-9789,EAST,Active,C-STORE / GAS,"$6,948.89 ",Beer/Wine,(OK) Pushmataha
3209,HEALDTON LUCKY MART LLC,HEALDTON LUCKY MART LLC,* Independent Fisher59 - OKLAHOMA,(580) 504-4918,Ardmore,Active,C-STORE / GAS,"$6,938.22 ",Beer/NA,(OK) Carter
2661,SANGER SPORTSMAN LIQUOR,SANGER SPORTSMAN LIQUOR,SPORTSMAN (TX),(940) 788-0224,Denton,Active,LIQUOR / PACKAGE STORE,"$6,931.58 ",All (Beer/Wine/Spirits),(TX) Denton
1663,SEVENTH STREET LIQUOR STORE,7TH STREET LIQUOR,* Independent Fisher59 - OKLAHOMA,(580) 875-3258,Lawton,Active,LIQUOR / PACKAGE STORE,"$6,891.04 ",All (Beer/Wine/Spirits),(OK) Cotton
60632,I35 GAS & MORE,I35 GAS & MORE,* Independent Fisher59 - TEXAS,(940) 566-4765,Denton,Active,C-STORE / GAS,"$6,890.74 ",Beer/Wine,(TX) Denton
3240,MAC'S #8,MAC'S #8,* Independent Fisher59 - OKLAHOMA,(732) 983-7048,Lawton,Active,C-STORE / GAS,"$6,889.79 ",Beer/Wine,(OK) Comanche
62794,ZOOM ZOOMS,ZOOM ZOOMS,* Independent Fisher59 - TEXAS,(940) 387-2147,Denton,Active,C-STORE / GAS,"$6,884.45 ",Beer/Wine,(TX) Denton
2611,STRIPES #26111 (@TAFT),711 (Denton),711 (TX),(940) 692-9545,Wichita Falls,Active,C-STORE / GAS,"$6,881.19 ",Beer/Wine,"(TX) Archer, Baylor, Wichita, Wilbarger"
1595,IN THE SPIRIT,IN THE SPIRIT,* Independent Fisher59 - OKLAHOMA,(405) 331-4621,Ardmore,Active,LIQUOR / PACKAGE STORE,"$6,875.63 ",All (Beer/Wine/Spirits),(OK) Garvin
1561,TIGER LIQUOR,TIGER LIQUOR,* Independent Fisher59 - OKLAHOMA,(580) 220-0615,Ardmore,Active,LIQUOR / PACKAGE STORE,"$6,872.43 ",All (Beer/Wine/Spirits),(OK) Carter
6127,SCOOTERS OF LAWTON,SCOOTERS OF LAWTON,SCOOTERS (OK),(580) 704-1977,Lawton,Active,BAR / TAVERN,"$6,818.36 ",All (Beer/Wine/Spirits),(OK) Comanche
2237,JIMBO'S LIQUOR 2,JIMBO'S LIQUOR #2,* Independent Fisher59 - OKLAHOMA,,Lawton,Active,LIQUOR / PACKAGE STORE,"$6,795.61 ",All (Beer/Wine/Spirits),(OK) Jackson
56267,HIGHWAY 51 QUICK STOP,HIGHWAY 51 QUICK STOP,* Independent Fisher59 - TEXAS,(551) 275-9986,Denton,Active,C-STORE / GAS,"$6,783.14 ",Beer/Wine,(TX) Cooke
2005,CONVENIENCE STORE,CONVENIENCE STORE,* Independent Fisher59 - OKLAHOMA,(580) 357-9313,Lawton,Active,C-STORE / GAS,"$6,780.96 ",Beer/NA,(OK) Comanche
47274,ONE STOP FOOD MART,ONE STOP FOOD MART,* Independent Fisher59 - TEXAS,(972) 459-0555,Denton,Active,C-STORE / GAS,"$6,757.39 ",Beer/Wine,(TX) Denton
4300,K-Z'S DRIVE THRU,K-Z'S DRIVE THRU,* Independent Fisher59 - OKLAHOMA,(580) 875-3258,Lawton,Active,C-STORE / GAS,"$6,750.99 ",Beer/NA,(OK) Cotton
49373,MIDWAY CRAFT HOUSE,MIDWAY CRAFT HOUSE,* Independent Fisher59 - TEXAS,(972) 343-8614,Denton,Active,C-STORE / GAS,"$6,744.06 ",Beer/Wine,(TX) Denton
11220,BUDGET MART #1,BOB SINGH'S STORES (L),BOB SINGH'S STORES (OK),(580) 668-2698,Ardmore,Active,C-STORE / GAS,"$6,742.97 ",Beer/NA,(OK) Carter
994,WHOLE FOODS,WHOLE FOODS (D),WHOLE FOODS (TX),(512) 542-3743,Denton,Active,SUPERMARKET,"$6,742.05 ",Beer/Wine,(TX) Denton
3790,DUNCAN STATION #2,DUNCAN STATION #2,* Independent Fisher59 - OKLAHOMA,(972) 249-5400,Lawton,Active,C-STORE / GAS,"$6,740.01 ",Beer/Wine,(OK) Stephens
2569,LIQUORLAND - HIGHLAND VILLAGE,LIQUORLAND - HIGHLAND VILLAGE,LIQUORLAND (TX),,Denton,Active,LIQUOR / PACKAGE STORE,"$6,725.40 ",All (Beer/Wine/Spirits),(TX) Denton
2928,LUCAS OIL LIVE,LEGEND'S HOSPITALITY,* Independent Fisher59 - OKLAHOMA,,Ardmore,Active,CASINO / GAMING,"$6,709.30 ",All (Beer/Wine/Spirits),(OK) Love
1882,MURPHY USA #7711 (HICKORY CREEK),MURPHY USA (D),MURPHY USA (TX),(940) 497-0360,Denton,Active,C-STORE / GAS,"$6,700.75 ",Beer/Wine,(TX) Denton
5623,UNITED SUPERMARKET #359Frederick,HOMELAND/UNITED (L),HOMELAND/UNITED (OK),(580) 335-2220,Lawton,Active,SUPERMARKET,"$6,694.74 ",Beer/Wine,(OK) Tillman
3359,STONE CREEK CORNER STOP,STONE CREEK CORNER STOP,* Independent Fisher59 - OKLAHOMA,(580) 618-6306,Ardmore,Active,C-STORE / GAS,"$6,692.47 ",Beer/NA,(OK) Murray
12435,SAIBABA ARDMORE JR'S CORNER,SAIBABA ARDMORE JR'S CORNER,* Independent Fisher59 - OKLAHOMA,(580) 226-7925,Ardmore,Active,C-STORE / GAS,"$6,677.78 ",Beer/NA,(OK) Carter
47480,RUMPYS,RUMPYS,* Independent Fisher59 - TEXAS,(940) 612-1121,Denton,Active,C-STORE / GAS,"$6,670.06 ",Beer/Wine,(TX) Cooke
4451,COMANCHE NATION CASINO,COMANCHE NATION GAMES,* Independent Fisher59 - OKLAHOMA,(580) 354-2000,Lawton,Active,CASINO / GAMING,"$6,655.14 ",All (Beer/Wine/Spirits),(OK) Comanche
11940,E-Z MART #4220(TISH LAST),GPM SOUTHEAST (L),GPM SOUTHEAST (E-Z MART) (OK),(580) 371-3645,Ardmore,Active,C-STORE / GAS,"$6,652.71 ",Beer/Wine,(OK) Johnston
54056,COLD'S BEVERAGE,COLDS BEVERAGE,* Independent Fisher59 - TEXAS,(972) 436-9599,Denton,Active,C-STORE / GAS,"$6,644.14 ",Beer/Wine,(TX) Denton
2821,CEFCO #2004 (VERNON),CEFCO (WF),CEFCO (TX),(940) 552-7700,Wichita Falls,Active,C-STORE / GAS,"$6,630.38 ",Beer/Wine,"(TX) Archer, Baylor, Wichita, Wilbarger"
47753,FISCHER'S MEAT MARKET GP LLC,FISCHER'S MEAT MARKET GP LLC,* Independent Fisher59 - TEXAS,(940) 759-4211,Denton,Active,NEIGHBORHOOD GROC.,"$6,592.84 ",Beer/Wine,(TX) Cooke
2208,BLVD SMOKESHOP & BEERHAUS,BLVD SMOKESHOP & BEERHAUS,* Independent Fisher59 - OKLAHOMA,(580) 704-6048,Lawton,Active,C-STORE / GAS,"$6,589.85 ",ABLE HOLD,(OK) Comanche
12436,WILSON EXPRESS,LADDI'S STORES (L),LADDI'S STORES (OK),(580) 668-2235,Ardmore,Active,C-STORE / GAS,"$6,575.42 ",Beer/NA,(OK) Carter
4200,LOVE'S COUNTRY STORE #13,LOVES (LAW),LOVES (OK),(580) 658-5798,Lawton,Active,C-STORE / GAS,"$6,574.59 ",Beer/Wine,(OK) Stephens
11930,E-Z MART #4219(TISH FIRST),GPM SOUTHEAST (L),GPM SOUTHEAST (E-Z MART) (OK),(580) 371-3628,Ardmore,Active,C-STORE / GAS,"$6,572.55 ",Beer/Wine,(OK) Johnston
15323,TEXOMA TRAVEL STOP,CHICKASAW NATION DIV OF COMMERCE (L),CHICKASAW NATION DIV OF COMMERCE (OK),(580) 564-4144,Ardmore,Active,C-STORE / GAS,"$6,559.52 ",Beer/Wine,(OK) Marshall East (East of 377)
1526,BRAY STORE,BRAY GENERAL STORE,* Independent Fisher59 - OKLAHOMA,(580) 450-3485,Lawton,Active,C-STORE / GAS,"$6,533.80 ",Beer/Wine,(OK) Stephens
3040,HELEN'S CLUB,HELENS CLUB,* Independent Fisher59 - OKLAHOMA,(580) 248-4702,Lawton,Active,BAR / TAVERN,"$6,523.22 ",All (Beer/Wine/Spirits),(OK) Comanche
57159,LA PAISANA,LA PAISANA,* Independent Fisher59 - TEXAS,(972) 624-0512,Denton,Active,NEIGHBORHOOD GROC.,"$6,519.73 ",Beer/Wine,(TX) Denton
13140,PAPAS TRADING POST,PAPAS TRADING POST,* Independent Fisher59 - OKLAHOMA,(580) 239-8259,Ardmore,Active,C-STORE / GAS,"$6,519.56 ",Beer/NA,(OK) Garvin
7504,DOUBLE D LIQUOR,DOUBLE D LIQUOR,* Independent Fisher59 - TEXAS,(940) 696-9992,Wichita Falls,Active,LIQUOR / PACKAGE STORE,"$6,519.09 ",All (Beer/Wine/Spirits),"(TX) Archer, Baylor, Wichita, Wilbarger"
822,CASEY'S GENERAL STORE #4678 (ELMORE CITY),CASEY'S (L),CASEY'S GENERAL STORES (OK),,Ardmore,Active,C-STORE / GAS,"$6,500.47 ",Beer/Wine,(OK) Garvin
40751,E-Z MART #4229(N WASHINGTON DURANT),GPM SOUTHEAST (L),GPM SOUTHEAST (E-Z MART) (OK),(580) 920-2505,Ardmore,Active,C-STORE / GAS,"$6,494.73 ",Beer/Wine,(OK) Bryan
6840,WAURIKA QUICK MART,WAURIKA QUICK MART,* Independent Fisher59 - OKLAHOMA,,Lawton,Active,C-STORE / GAS,"$6,484.64 ",Beer/Wine,(OK) Jefferson
6420,MAC'S QUICK STOP,MAC'S QUICK STOP,* Independent Fisher59 - OKLAHOMA,(580) 342-6682,Lawton,Active,C-STORE / GAS,"$6,479.41 ",Beer/NA,(OK) Cotton
50146,SUPER TARGET #2338 (FRISCO),SUPER TARGET (D),TARGET (TX),(972) 464-5745,Denton,Active,SUPERCENTER,"$6,459.95 ",Beer/Wine,(TX) Denton
11970,E-Z MART #4230(DAVIS),GPM SOUTHEAST (L),GPM SOUTHEAST (E-Z MART) (OK),(580) 369-3817,Ardmore,Active,C-STORE / GAS,"$6,450.82 ",Beer/Wine,(OK) Murray
53728,LAMA 111,LAMA 111,* Independent Fisher59 - TEXAS,(940) 668-8301,Denton,Active,C-STORE / GAS,"$6,441.37 ",Beer/Wine,(TX) Cooke
4395,WILDCAT EXPRESS,WILDCAT EXPRESS,* Independent Fisher59 - OKLAHOMA,(580) 549-6900,Lawton,Active,C-STORE / GAS,"$6,435.67 ",Beer/NA,(OK) Comanche
51235,ALLSUPS #102313 (PILOT PT),YESWAY (D),YESWAY (TX),(940) 686-5011,Denton,Active,C-STORE / GAS,"$6,424.26 ",Beer/Wine,(TX) Denton
1782,ROANOKE LIVE,ROANOKE LIVE,* Independent Fisher59 - TEXAS,(817) 729-7178,Denton,Active,BAR / TAVERN,"$6,420.70 ",Beer/Wine,(TX) Denton
1274,MURPHY USA #7584 (HIGHLAND VILLAGE),MURPHY USA (D),MURPHY USA (TX),(972) 966-2455,Denton,Active,C-STORE / GAS,"$6,420.12 ",Beer/Wine,(TX) Denton
5279,SNAPPY STOP,SNAPPY STOP,* Independent Fisher59 - TEXAS,(940) 569-2642,Wichita Falls,Active,C-STORE / GAS,"$6,410.87 ",Beer/Wine,"(TX) Archer, Baylor, Wichita, Wilbarger"
57174,MARISCO'S 2000 #4,MARISCO'S 2000 #4,* Independent Fisher59 - TEXAS,(903) 209-9344,Denton,Active,RESTAURANT,"$6,406.01 ",Beer/Wine,(TX) Denton
6678,ALLSUPS #102066 (@BEAVER),YESWAY (D),YESWAY (TX),(940) 552-6937,Wichita Falls,Active,C-STORE / GAS,"$6,394.71 ",Beer/Wine,"(TX) Archer, Baylor, Wichita, Wilbarger"
487,LIQUOR MART (ELDORADO),LIQUOR MART (ELDORADO),* Independent Fisher59 - TEXAS,(806) 433-6857,Denton,Active,LIQUOR / PACKAGE STORE,"$6,386.19 ",All (Beer/Wine/Spirits),(TX) Denton
1058,GATEWAY #52,GATEWAY #52,* Independent Fisher59 - TEXAS,(972) 335-3191,Denton,Active,C-STORE / GAS,"$6,375.02 ",Beer/Wine,(TX) Denton
652,K LIQUOR BEER AND WINE,K LIQUOR BEER AND WINE,* Independent Fisher59 - TEXAS,(940) 704-9191,Wichita Falls,Active,LIQUOR / PACKAGE STORE,"$6,372.48 ",All (Beer/Wine/Spirits),"(TX) Archer, Baylor, Wichita, Wilbarger"
3913,DOLLAR SAVER 3,SHELL FOOD MART,* Independent Fisher59 - TEXAS,(510) 544-9406,Wichita Falls,Active,C-STORE / GAS,"$6,361.95 ",Beer/Wine,"(TX) Archer, Baylor, Wichita, Wilbarger"
2269,DOLLAR GENERAL #22340 (GRANITE),DOLLAR GENERAL (OK),DOLLAR GENERAL (OK),,Lawton,Active,GENERAL MERCHANDISER,"$6,357.01 ",Beer/NA,(OK) Greer
1719,DOLLAR SAVER #9 (KELL),DOLLAR SAVER #9 (KELL),* Independent Fisher59 - TEXAS,(940) 767-0000,Wichita Falls,Active,C-STORE / GAS,"$6,341.97 ",Beer/Wine,"(TX) Archer, Baylor, Wichita, Wilbarger"
47514,DEER RUN FOOD MART,CONVENIENCE FOOD MART,* Independent Fisher59 - TEXAS,(214) 734-5874,Denton,Active,C-STORE / GAS,"$6,337.39 ",Beer/Wine,(TX) Denton
2299,KWIK PIK,KWIK PIK,* Independent Fisher59 - TEXAS,(972) 839-0510,Denton,Active,C-STORE / GAS,"$6,333.62 ",Beer/Wine,(TX) Denton
45729,PANTHER PIT STOP,PANTHER PIT STOP,* Independent Fisher59 - TEXAS,(940) 995-7240,Denton,Active,C-STORE / GAS,"$6,333.15 ",Beer/Wine,(TX) Montague
3762,FULLER STORE,THE FULLER STORE,* Independent Fisher59 - OKLAHOMA,(580) 255-3646,Lawton,Active,C-STORE / GAS,"$6,327.30 ",Beer/NA,(OK) Stephens
2743,THE WINE CELLAR,WINE CELLAR,* Independent Fisher59 - OKLAHOMA,(580) 916-9005,Ardmore,Active,LIQUOR / PACKAGE STORE,"$6,323.25 ",All (Beer/Wine/Spirits),(OK) Bryan
2439,DOLLAR GENERAL #23049 (North_Lake_Latonka),DOLLAR GENERAL (OK),DOLLAR GENERAL (OK),,Lawton,Active,GENERAL MERCHANDISER,"$6,318.43 ",Beer/NA,(OK) Comanche
387,QUICKWAY #7,QUICKWAY #7,* Independent Fisher59 - TEXAS,(940) 894-2005,Denton,Active,C-STORE / GAS,"$6,314.26 ",Beer/Wine,(TX) Montague
12030,CASEY'S GENERAL STORE #4051 (ARDMORE),CASEY'S (L),CASEY'S GENERAL STORES (OK),(508) 226-8808,Ardmore,Active,C-STORE / GAS,"$6,310.44 ",Beer/Wine,(OK) Carter
3027,ALLSUPS #102469 (BROKEN BOW),YESWAY (LAW),YESWAY (OK),,EAST,Active,C-STORE / GAS,"$6,306.82 ",Beer/Wine,(OK) McCurtain
2460,FISH N TAILS OYSTER BAR (LEWISVILLE),FISH AND TAILS OYSTER BAR,* Independent Fisher59 - TEXAS,(469) 544-7559,Denton,Active,RESTAURANT,"$6,264.90 ",Beer/Wine,(TX) Denton
13211,KENTS TRAVEL CENTER,KENTS TRAVEL CENTER,* Independent Fisher59 - OKLAHOMA,(405) 665-3501,Ardmore,Active,C-STORE / GAS,"$6,245.39 ",Beer/Wine,(OK) Garvin
11995,STARLITE CLUB,STARLITE CLUB,* Independent Fisher59 - OKLAHOMA,(580) 222-4933,Ardmore,Active,BAR / TAVERN,"$6,234.72 ",All (Beer/Wine/Spirits),(OK) Carter
46102,TEXAS ROADHOUSE-DENTON,TEXAS ROADHOUSE (D),TEXAS ROADHOUSE (TX),,Denton,Active,RESTAURANT,"$6,211.40 ",Beer/Wine,(TX) Denton
1976,CHISHOLM CORNER OK #18,CHISHOLM CORNER (L),CHISHOLM CORNER/JACK'S_DMG CORP (OK),(580) 861-0200,Lawton,Active,C-STORE / GAS,"$6,183.06 ",Beer/Wine,(OK) Stephens
1464,DOLLAR GENERAL #8461 (SW LEE BLVD),DOLLAR GENERAL (OK),DOLLAR GENERAL (OK),(580) 353-8121,Lawton,Active,GENERAL MERCHANDISER,"$6,177.80 ",Beer/NA,(OK) Comanche
2518,DOLLAR GENERAL #21827,DOLLAR GENERAL (DEN),DOLLAR GENERAL (TX),,Denton,Active,GENERAL MERCHANDISER,"$6,173.18 ",Beer/Wine,(TX) Denton
13141,DOLLAR GENERAL #11919 (MAYSVILLE),DOLLAR GENERAL (OK),DOLLAR GENERAL (OK),(405) 867-1264,Ardmore,Active,GENERAL MERCHANDISER,"$6,173.16 ",Beer/NA,(OK) Garvin
54718,RIX SPORTS BAR,RIX SPORTS BAR,* Independent Fisher59 - TEXAS,(972) 625-6207,Denton,Active,SPORTS BAR,"$6,165.00 ",Beer/Wine,(TX) Denton
2575,BACK PORCH DRAFTHOUSE (DUNCAN),BACKPORCH DRAFTHOUSE-DUNCAN,* Independent Fisher59 - OKLAHOMA,,Lawton,Active,GOLF / COUNTRY CLUB,"$6,164.66 ",All (Beer/Wine/Spirits),(OK) Stephens
821,CASH SAVER #124,HOMELAND/UNITED (L),HOMELAND/UNITED (OK),(580) 795-7237,Ardmore,Active,SUPERMARKET,"$6,157.89 ",Beer/Wine,(OK) Marshall West (377 & west)
27904,WINDTHORST CONVENIENCE AND LIQUOR,WINDTHORST CONVENIENCE AND LIQUOR,* Independent Fisher59 - TEXAS,(940) 237-2250,Wichita Falls,Active,LIQUOR / PACKAGE STORE,"$6,151.19 ",All (Beer/Wine/Spirits),"(TX) Archer, Baylor, Wichita, Wilbarger"
1417,TEXAS BEST 8,TEXAS BEST 8,* Independent Fisher59 - TEXAS,,Wichita Falls,Active,C-STORE / GAS,"$6,143.86 ",Beer/Wine,(TX) Clay
5145,CAMELBACK CORNER,CAMELBACK CORNER,* Independent Fisher59 - OKLAHOMA,(580) 252-2402,Lawton,Active,C-STORE / GAS,"$6,141.50 ",Beer/NA,(OK) Stephens
57154,ELECTRIC COWBOY,ELECTRIC COWBOY,* Independent Fisher59 - TEXAS,(972) 436-8519,Denton,Active,MUSIC / DANCE CLUB,"$6,130.50 ",Beer/Wine,(TX) Denton
55822,LAKE CITIES AMERICAN LEGION,LAKE CITIES AMERICAN LEGION,* Independent Fisher59 - TEXAS,(940) 321-5400,Denton,Active,PRIVATE CLUB,"$6,090.95 ",Beer/Wine,(TX) Denton
62167,TROPHY CLUB COUNTRY CLUB,CLUB CORP (D),CLUB CORP (TX),(817) 430-0444,Denton,Active,GOLF / COUNTRY CLUB,"$6,090.15 ",Beer/Wine,(TX) Denton
4560,PIRATES EXPRESS,PIRATES EXPRESS,* Independent Fisher59 - OKLAHOMA,(316) 841-3150,Lawton,Active,C-STORE / GAS,"$6,080.06 ",Beer/NA,(OK) Caddo
1139,FAMILY DOLLAR #8752 (NOCONA),FAMILY DOLLAR (TX),FAMILY DOLLAR (TX),(940) 432-5806,Denton,Active,GENERAL MERCHANDISER,"$6,076.55 ",Beer/Wine,(TX) Montague
4390,CHISHOLM CORNER OK #7,CHISHOLM CORNER (L),CHISHOLM CORNER/JACK'S_DMG CORP (OK),(580) 875-2001,Lawton,Active,C-STORE / GAS,"$6,061.72 ",Beer/Wine,(OK) Cotton
10053,E-Z MART #4429(KINGSTON),GPM SOUTHEAST (L),GPM SOUTHEAST (E-Z MART) (OK),(580) 564-4580,Ardmore,Active,C-STORE / GAS,"$6,046.02 ",Beer/Wine,(OK) Marshall East (East of 377)
2450,EASTSIDE 66 STATION,GLENN OIL CO. (L),GLENN OIL CO. (OK),(580) 355-0038,Lawton,Active,C-STORE / GAS,"$6,036.92 ",Beer/NA,(OK) Comanche
852,JOLLY TRAVEL CENTER,JOLLY TRAVEL CENTER,* Independent Fisher59 - TEXAS,,Wichita Falls,Active,C-STORE / GAS,"$6,029.13 ",Beer/Wine,(TX) Clay
1508,FILL N CHILL SW,DANNY FOIX #3 LLC,* Independent Fisher59 - TEXAS,,Wichita Falls,Active,C-STORE / GAS,"$6,024.56 ",Beer/Wine,"(TX) Archer, Baylor, Wichita, Wilbarger"
2766,QUIKTRIP #7907 (WF),QUIKTRIP (WF),QUIKTRIP (TX),,Wichita Falls,Active,C-STORE / GAS,"$5,986.24 ",Beer/Wine,"(TX) Archer, Baylor, Wichita, Wilbarger"
4750,FT SILL PX,AAFES ALTUS AFB (L),AAFES FORT SILL (OK),(580) 351-0504,Lawton,Active,NON BEER ON PREMISE,"$5,981.34 ",Red Bull Only,(OK) Comanche
4450,EAST GORE SMOKE SHOP,NUMUNU PAHMU LLC SMOKE SHOPS (L),NUMUNU PAHMU LLC SMOKE SHOPS (OK),,Lawton,Active,C-STORE / GAS,"$5,959.67 ",Beer/NA,(OK) Comanche
658,FALCON HEAD ONE STOP,BOB SINGH'S STORES (L),BOB SINGH'S STORES (OK),(580) 276-9696,Ardmore,Active,C-STORE / GAS,"$5,956.45 ",Beer/Wine,(OK) Love
50757,WHIPIN 2,WHIP-IN,* Independent Fisher59 - TEXAS,,Denton,Active,C-STORE / GAS,"$5,952.71 ",Beer/Wine,(TX) Denton
806,CHOCTAW CASINO DURANT GIFT SHOP (BORDEAUX),CHOCTAW NATION (L),CHOCTAW CASINO (OK),,Ardmore,Active,NON BEER OFF PREMISE,"$5,938.50 ",Non Alcohol Only,(OK) Bryan
736,LOWE'S #26 (IP),LOWE'S (WF),LOWE'S MARKET (TX-WF),(940) 592-9831,Wichita Falls,Active,SUPERMARKET,"$5,935.29 ",Beer/Wine,"(TX) Archer, Baylor, Wichita, Wilbarger"
12470,THACKERVILLE QUICK STOP,QUICK STOP THACKERVILLE,* Independent Fisher59 - OKLAHOMA,(580) 276-5506,Ardmore,Active,C-STORE / GAS,"$5,927.41 ",Beer/Wine,(OK) Love
13470,SNAK SHAK-WEST,BARNWATER (L),BARNWATER (OK),(580) 622-3600,Ardmore,Active,C-STORE / GAS,"$5,891.00 ",Beer/Wine,(OK) Murray
13,THE CARRY OUT,THE CARRY OUT,* Independent Fisher59 - OKLAHOMA,(580) 588-3700,Lawton,Active,C-STORE / GAS,"$5,881.76 ",Beer/NA,(OK) Caddo
727,LIQUOR STOP (IOWA PARK),LIQUOR STOP_2,* Independent Fisher59 - TEXAS,(940) 592-4949,Wichita Falls,Active,LIQUOR / PACKAGE STORE,"$5,879.01 ",All (Beer/Wine/Spirits),"(TX) Archer, Baylor, Wichita, Wilbarger"
403,SOONER FOODS #1,SOONER FOODS #1,SOONER FOODS (OK),(580) 622-2828,Ardmore,Active,C-STORE / GAS,"$5,870.71 ",Beer/Wine,(OK) Murray
1503,EAST SIDE LIQUOR,EASTSIDE LIQUOR,* Independent Fisher59 - OKLAHOMA,(580) 622-5345,Ardmore,Active,LIQUOR / PACKAGE STORE,"$5,846.22 ",All (Beer/Wine/Spirits),(OK) Murray
726,K&K FOODS,K&K FOODS,* Independent Fisher59 - TEXAS,(940) 592-5931,Wichita Falls,Active,C-STORE / GAS,"$5,842.88 ",Beer/Wine,"(TX) Archer, Baylor, Wichita, Wilbarger"
61622,TAQUERIA GUANAJUATO,E-Z CHECK #1/TAQUERIA G,* Independent Fisher59 - TEXAS,(940) 243-4331,Denton,Active,C-STORE / GAS,"$5,807.22 ",Beer/Wine,(TX) Denton
6908,ALLSUPS #102298 (ARCHER CITY),YESWAY (D),YESWAY (TX),(940) 574-4019,Wichita Falls,Active,C-STORE / GAS,"$5,803.18 ",Beer/Wine,"(TX) Archer, Baylor, Wichita, Wilbarger"
2070,BULLDOG MARKET,BULLDOG MARKET,* Independent Fisher59 - TEXAS,,Wichita Falls,Active,C-STORE / GAS,"$5,799.86 ",Beer/Wine,"(TX) Archer, Baylor, Wichita, Wilbarger"
13750,VALERO 66_2,SHELL 66 QUICK STOP,* Independent Fisher59 - OKLAHOMA,(405) 665-5417,Ardmore,Active,C-STORE / GAS,"$5,797.54 ",Beer/Wine,(OK) Garvin
2571,LIQUOR STATION,LIQUOR STATION,* Independent Fisher59 - OKLAHOMA,(580) 494-6029,EAST,Active,LIQUOR / PACKAGE STORE,"$5,794.46 ",All (Beer/Wine/Spirits),(OK) McCurtain
55534,QUICK STOP (QUANAH),QUICK STOP (QUANAH),* Independent Fisher59 - TEXAS,,Wichita Falls,Active,C-STORE / GAS,"$5,782.49 ",Beer/Wine,(TX) Hardeman
2352,Y-MART,Y-MART,* Independent Fisher59 - TEXAS,(469) 570-1306,Wichita Falls,Active,C-STORE / GAS,"$5,782.09 ",Beer/Wine,"(TX) Archer, Baylor, Wichita, Wilbarger"
2767,ROAD RANGER #282,ROAD RANGER #282,ROAD RANGER (TX),(940) 580-1497,Denton,Active,C-STORE / GAS,"$5,772.17 ",Beer/Wine,(TX) Cooke
2246,SWIFT SHOP,SWIFT SHOP,* Independent Fisher59 - OKLAHOMA,(972) 799-6039,Lawton,Active,C-STORE / GAS,"$5,768.40 ",Beer/NA,(OK) Comanche
914,TOWER TAPHOUSE,TOWER TAPHOUSE,* Independent Fisher59 - TEXAS,(817) 371-8068,Denton,Active,RESTAURANT,"$5,765.85 ",Beer/Wine,(TX) Denton
1738,WILDHORSE LIQUOR,WILDHORSE LIQUOR,* Independent Fisher59 - OKLAHOMA,(580) 444-3698,Lawton,Active,LIQUOR / PACKAGE STORE,"$5,756.32 ",All (Beer/Wine/Spirits),(OK) Stephens
4518,DUNCAN STATION #1,DUNCAN STATION #1,* Independent Fisher59 - OKLAHOMA,(972) 249-5400,Lawton,Active,C-STORE / GAS,"$5,751.47 ",Beer/Wine,(OK) Stephens
732,MURPHY EXPRESS #8716 (Ardmore),MURPHY OIL (LAW),MURPHY OIL (OK),,Ardmore,Active,C-STORE / GAS,"$5,698.54 ",Beer/Wine,(OK) Carter
1694,O'KEEFFE'S PACKAGE STORE,OKEEFES LIQUOR,* Independent Fisher59 - OKLAHOMA,(580) 536-9322,Lawton,Active,LIQUOR / PACKAGE STORE,"$5,696.32 ",All (Beer/Wine/Spirits),(OK) Comanche
2127,LA LAGUNA MEAT MARKET & KITCHEN,LA LAGUNA MEAT MARKET & KITCHEN,* Independent Fisher59 - TEXAS,(214) 500-0506,Denton,Active,C-STORE / GAS,"$5,687.51 ",Beer/Wine,(TX) Denton
1868,MYERS MARKET,MYERS MARKET,* Independent Fisher59 - TEXAS,(940) 637-2240,Denton,Active,C-STORE / GAS,"$5,684.84 ",Beer/Wine,(TX) Cooke
3385,FOSSIL CREEK LIQUOR - JUSTIN,FOSSIL CREEK LIQUOR - JUSTIN,FOSSIL CREEK LIQUOR (TX),,Denton,Active,LIQUOR / PACKAGE STORE,"$5,675.74 ",All (Beer/Wine/Spirits),(TX) Denton
1318,POINT MART,POINT MART,* Independent Fisher59 - TEXAS,(347) 476-8793,Denton,Active,C-STORE / GAS,"$5,652.65 ",Beer/Wine,(TX) Denton
2678,GRATEFUL HEAD PIZZA,GRATEFUL HEAD PIZZA,* Independent Fisher59 - OKLAHOMA,(580) 494-6030,EAST,Active,RESTAURANT,"$5,652.16 ",All (Beer/Wine/Spirits),(OK) McCurtain
3116,ACE LIQUOR,ACE LIQUOR,* Independent Fisher59 - OKLAHOMA,(580) 798-2499,Ardmore,Active,LIQUOR / PACKAGE STORE,"$5,622.42 ",All (Beer/Wine/Spirits),(OK) Carter
13810,PAULS VALLEY TRAVEL CENTER,WILLIAMS EXPRESS #6,* Independent Fisher59 - OKLAHOMA,(405) 238-3216,Ardmore,Active,C-STORE / GAS,"$5,607.66 ",Beer/NA,(OK) Garvin
471,H P OIL,H P OIL,* Independent Fisher59 - TEXAS,(940) 889-6236,Wichita Falls,Active,C-STORE / GAS,"$5,600.75 ",Repeal No Malt Beer,"(TX) Archer, Baylor, Wichita, Wilbarger"
59139,THE TRIBUTE 19TH HOLE CLUB,THE TRIBUTE 19TH HOLE CLUB,* Independent Fisher59 - TEXAS,(972) 380-5465,Denton,Active,GOLF / COUNTRY CLUB,"$5,598.50 ",Beer/Wine,(TX) Denton
61762,QWRA II#7553 (GANA SHELL),QWRA II#7553 (GANA SHELL),* Independent Fisher59 - TEXAS,(940) 243-2411,Denton,Active,C-STORE / GAS,"$5,596.37 ",Beer/Wine,(TX) Denton
931,THE LOCAL SHOPPE #713,THE LOCAL SHOPPE #713,* Independent Fisher59 - TEXAS,9722209296EXT514,Denton,Active,C-STORE / GAS,"$5,587.77 ",Beer/Wine,(TX) Denton
12890,SAIBABA ARDMORE RAINFOREST,SAIBABA ARDMORE RAINFOREST,* Independent Fisher59 - OKLAHOMA,(580) 504-2870,Ardmore,Active,C-STORE / GAS,"$5,586.19 ",Beer/NA,(OK) Carter
2535,DOLLAR GENERAL #23533 (PURVIS DR.),DOLLAR GENERAL (OK),DOLLAR GENERAL (OK),,Ardmore,Active,GENERAL MERCHANDISER,"$5,581.48 ",Beer/NA,(OK) Carter
1736,LIQUORTY SPLIT,LIQUORTY SPLIT,* Independent Fisher59 - OKLAHOMA,(580) 656-5055,Ardmore,Active,LIQUOR / PACKAGE STORE,"$5,576.55 ",All (Beer/Wine/Spirits),(OK) Marshall East (East of 377)
46706,NEIL'S SUBWAY,NEIL'S SUBWAY,* Independent Fisher59 - TEXAS,(940) 759-2923,Denton,Active,C-STORE / GAS,"$5,569.94 ",Beer/Wine,(TX) Cooke
6158,IRON HORSE PUB,IRON HORSE PUB,* Independent Fisher59 - TEXAS,(000) 767-9488,Wichita Falls,Active,BAR / TAVERN,"$5,566.21 ",Beer/Wine,"(TX) Archer, Baylor, Wichita, Wilbarger"
2445,POUR SPORTS,POUR SPORTS,* Independent Fisher59 - TEXAS,,Denton,Active,SPORTS BAR,"$5,561.40 ",Beer/Wine,(TX) Denton
4680,QUICK STOP_,QUICK STOP_,* Independent Fisher59 - OKLAHOMA,(580) 536-3323,Lawton,Active,C-STORE / GAS,"$5,558.80 ",Beer/NA,(OK) Comanche
1101,JACK'S TAVERN,JACK'S TAVERN,* Independent Fisher59 - TEXAS,(940) 367-6812,Denton,Active,BAR / TAVERN,"$5,556.50 ",Beer/Wine,(TX) Denton
1807,HEBRON LIQUOR,HEBRON LIQUOR,* Independent Fisher59 - TEXAS,(972) 798-3888,Denton,Active,LIQUOR / PACKAGE STORE,"$5,509.10 ",All (Beer/Wine/Spirits),(TX) Denton
2919,CHUCK'S CORNER - INDIAHOMA,CHUCK'S CORNER - INDIAHOMA,* Independent Fisher59 - OKLAHOMA,(580) 583-1106,Lawton,Active,C-STORE / GAS,"$5,490.36 ",Beer/NA,(OK) Comanche
11869,DOLLAR GENERAL #252 (HEALDTON),DOLLAR GENERAL (OK),DOLLAR GENERAL (OK),(580) 229-0274,Ardmore,Active,GENERAL MERCHANDISER,"$5,449.01 ",Beer/NA,(OK) Carter
58058,LAKE LANES,LAKE LANES,* Independent Fisher59 - TEXAS,(972) 880-2074,Denton,Active,BOWLING CENTER,"$5,435.85 ",Beer/Wine,(TX) Denton
41093,JIM RAY'S QUICK STOP,JIM RAY'S QUICK STOP,* Independent Fisher59 - OKLAHOMA,(580) 298-5521,EAST,Active,C-STORE / GAS,"$5,434.48 ",Beer/Wine,(OK) Pushmataha
3147,BOOTLEGGERS LIQUOR - CACHE,BOOTLEGGERS LIQUOR COMPANY 2,* Independent Fisher59 - OKLAHOMA,(580) 305-2949,Lawton,Active,LIQUOR / PACKAGE STORE,"$5,425.25 ",All (Beer/Wine/Spirits),(OK) Comanche
53998,WALGREENS #5161,WALGREENS (D),WALGREENS (TX),(940) 384-0240,Denton,Active,DRUG STORE,"$5,409.15 ",Beer/Wine,(TX) Denton
6585,UNITED SUPERMARKET #366,HOMELAND/UNITED (L),HOMELAND/UNITED (OK),(580) 482-1184,Lawton,Active,SUPERMARKET,"$5,399.03 ",Beer/Wine,(OK) Jackson
4168,DISCOUNT CIGARETTE AND BEER INC,DISCOUNT CIGARETTE AND BEER INC,* Independent Fisher59 - TEXAS,(940) 716-0883,Wichita Falls,Active,C-STORE / GAS,"$5,388.39 ",Beer/Wine,"(TX) Archer, Baylor, Wichita, Wilbarger"
2375,LOVE'S TRAVEL STOP #168,LOVES (LAW),LOVES (OK),(580) 875-3992,Lawton,Active,C-STORE / GAS,"$5,380.30 ",Non Alcohol Only,(OK) Cotton
6090,SOUTHERN HILLS,SOUTHERN HILLS,* Independent Fisher59 - OKLAHOMA,(405) 224-9800,Lawton,Active,C-STORE / GAS,"$5,370.77 ",Beer/NA,(OK) Grady
3153,UNNATI VENTURES,UNNATI VENTURES,* Independent Fisher59 - TEXAS,(901) 550-9407,Denton,Active,C-STORE / GAS,"$5,359.70 ",Beer/Wine,(TX) Cooke
49387,DOLLAR GENERAL #16514 (RATLIFF CITY),DOLLAR GENERAL (OK),DOLLAR GENERAL (OK),,Lawton,Active,GENERAL MERCHANDISER,"$5,356.09 ",Beer/NA,(OK) Carter
1482,DOLLAR GENERAL #4511 (WALTERS),DOLLAR GENERAL (OK),DOLLAR GENERAL (OK),(580) 875-3083,Lawton,Active,GENERAL MERCHANDISER,"$5,354.95 ",Beer/NA,(OK) Cotton
57471,LAKESIDE LIQUOR,LAKESIDE LIQUOR,* Independent Fisher59 - TEXAS,(940) 321-6002,Denton,Active,LIQUOR / PACKAGE STORE,"$5,350.24 ",All (Beer/Wine/Spirits),(TX) Denton
3366,ACE LIQUOR 2,ACE LIQUOR 2,* Independent Fisher59 - OKLAHOMA,(510) 860-2177,Ardmore,Active,LIQUOR / PACKAGE STORE,"$5,344.58 ",All (Beer/Wine/Spirits),(OK) Carter
3337,ARGYLE FINE WINE & SPIRITS,ARGYLE FINE WINE & SPIRITS,* Independent Fisher59 - TEXAS,,Denton,Active,LIQUOR / PACKAGE STORE,"$5,338.85 ",All (Beer/Wine/Spirits),(TX) Denton
6185,GOGOS,GOGOS,* Independent Fisher59 - OKLAHOMA,(405) 696-1588,Lawton,Active,C-STORE / GAS,"$5,337.41 ",Beer/NA,(OK) Grady
13580,SNAK SHAK #10,PITMON OIL (L),PITMON OIL (SNAK SHAK) (OK),(580) 369-2885,Ardmore,Active,C-STORE / GAS,"$5,334.81 ",Beer/Wine,(OK) Murray
48413,THE ROOST,THE ROOST,* Independent Fisher59 - TEXAS,(972) 436-4258,Denton,Active,BAR / TAVERN,"$5,330.75 ",Beer/Wine,(TX) Denton
1644,DOLLAR GENERAL #23764 (ST. HWY 53),DOLLAR GENERAL (OK),DOLLAR GENERAL (OK),,Ardmore,Active,GENERAL MERCHANDISER,"$5,324.35 ",Beer/NA,(OK) Carter
48348,SUPER TARGET #1395 (LEWISVILLE),SUPER TARGET (D),TARGET (TX),(972) 459-2605,Denton,Active,SUPERCENTER,"$5,311.11 ",Beer/Wine,(TX) Denton
12005,SPRINGER PETROLEUM,SPRINGER SHELL,* Independent Fisher59 - OKLAHOMA,(580) 653-2464,Ardmore,Active,C-STORE / GAS,"$5,311.06 ",Beer/Wine,(OK) Carter
438,ESKIMO HUT #2 (SEY HWY),ESKIMO HUT #2,* Independent Fisher59 - TEXAS,(940) 337-5190,Wichita Falls,Active,C-STORE / GAS,"$5,307.61 ",Beer/Wine,"(TX) Archer, Baylor, Wichita, Wilbarger"
836,OXXO #51215 (CITY VIEW),SOUTHWEST CONVENIENCE STORES (WF),SOUTHWEST CONVENIENCE STORES (TX),(940) 855-2307,Wichita Falls,Active,C-STORE / GAS,"$5,305.82 ",Beer/Wine,"(TX) Archer, Baylor, Wichita, Wilbarger"
12770,LEONARDS GRO.,LEONARDS GRO.,* Independent Fisher59 - OKLAHOMA,(405) 238-7256,Ardmore,Active,C-STORE / GAS,"$5,305.68 ",Beer/Wine,(OK) Garvin
1532,HARD TO FIND DISCOUNT LIQUOR,HARD TO FIND DISCOUNT LIQUOR,* Independent Fisher59 - OKLAHOMA,(580) 226-4242,Ardmore,Active,LIQUOR / PACKAGE STORE,"$5,301.80 ",All (Beer/Wine/Spirits),(OK) Carter
958,DOLLAR GENERAL #14966 (TISHOMINGO) (POPSHELF),DOLLAR GENERAL (OK),DOLLAR GENERAL (OK),(580) 371-0310,Ardmore,Active,GENERAL MERCHANDISER,"$5,296.46 ",Beer/NA,(OK) Johnston
55879,ALLSUPS #102054 (QUANAH),YESWAY (D),YESWAY (TX),(940) 663-5192,Wichita Falls,Active,C-STORE / GAS,"$5,295.24 ",Beer/Wine,(TX) Hardeman
3038,BO'S LIQUOR & BAIT,BO'S LIQUOR & BAIT,* Independent Fisher59 - OKLAHOMA,(580) 471-8933,Lawton,Active,LIQUOR / PACKAGE STORE,"$5,294.09 ",All (Beer/Wine/Spirits),(OK) Jackson
10005,DICKSON ONE STOP,DICKSON ONE STOP,* Independent Fisher59 - OKLAHOMA,(580) 490-3508,Ardmore,Active,C-STORE / GAS,"$5,290.73 ",Beer/NA,(OK) Carter
50153,TEXAS ROADHOUSE - THE COLONY,TEXAS ROADHOUSE (D),TEXAS ROADHOUSE (TX),(325) 665-8580,Denton,Active,RESTAURANT,"$5,285.90 ",Beer/Wine,(TX) Denton
1452,CHOCTAW TRAVEL PLAZA - HUGO,CHOCTAW NATION (L),CHOCTAW TRAVEL PLAZA (OK),(580) 924-8280,EAST,Active,C-STORE / GAS,"$5,284.97 ",Beer/Wine,(OK) Choctaw
13210,BRAKE TIME #2 (WYNNEWOOD),BRAKE TIME (WYNNEWOOD),* Independent Fisher59 - OKLAHOMA,(405) 665-4035,Ardmore,Active,C-STORE / GAS,"$5,278.36 ",Beer/Wine,(OK) Garvin
2859,SCRAPPY EAGLE LIQUOR,SCRAPPY EAGLE LIQUOR,SCRAPPY LIQUOR (TX),(254) 434-3550,Denton,Active,LIQUOR / PACKAGE STORE,"$5,277.64 ",All (Beer/Wine/Spirits),(TX) Denton
40742,PARKWEST SUPERETTE,PARKWEST SUPERETTE,* Independent Fisher59 - OKLAHOMA,(580) 924-9040,Ardmore,Active,C-STORE / GAS,"$5,253.92 ",Beer/Wine,(OK) Bryan
5270,HOP SACK #11 - TIPTON,BOOKER HOP & SACK (L),BOOKER HOP & SACK (OK),(580) 667-5338,Lawton,Active,C-STORE / GAS,"$5,233.02 ",Beer/NA,(OK) Tillman
1897,THE GOLF CLUB AT CHAMPIONS CIRCLE,THE GOLF CLUB AT CHAMPIONS CIRCLE,* Independent Fisher59 - TEXAS,,Denton,Active,GOLF / COUNTRY CLUB,"$5,229.25 ",Beer/Wine,(TX) Denton
49619,EDGAR'S SHELL,EDGAR'S SHELL,* Independent Fisher59 - TEXAS,(940) 365-2718,Denton,Active,C-STORE / GAS,"$5,222.24 ",Beer/Wine,(TX) Denton
1967,MURPHY USA #7741 (G'VILLE),MURPHY USA (D),MURPHY USA (TX),(940) 668-2880,Denton,Active,C-STORE / GAS,"$5,203.70 ",Beer/Wine,(TX) Cooke
1743,RAPIDO MARKET,RAPIDO MARKET,* Independent Fisher59 - TEXAS,(682) 704-0918,Wichita Falls,Active,C-STORE / GAS,"$5,190.55 ",Beer/Wine,"(TX) Archer, Baylor, Wichita, Wilbarger"
49378,DOLLAR GENERAL #2951 (BOWIE),DOLLAR GENERAL (DEN),DOLLAR GENERAL (TX),(940) 872-1205,Denton,Active,GENERAL MERCHANDISER,"$5,170.33 ",Beer/Wine,(TX) Montague
6980,THE TUNNEL_2,THE TUNNEL_2,* Independent Fisher59 - OKLAHOMA,(580) 482-4100,Lawton,Active,C-STORE / GAS,"$5,164.33 ",Beer/NA,(OK) Jackson
12840,LOVE'S COUNTRY STORE #50,LOVES (LAW),LOVES (OK),(405) 238-5861,Ardmore,Active,C-STORE / GAS,"$5,161.97 ",Beer/Wine,(OK) Garvin
2772,COMANCHE CACHE QUICK STOP,COMANCHE QUIK STOP,* Independent Fisher59 - OKLAHOMA,,Lawton,Active,C-STORE / GAS,"$5,130.73 ",Beer/Wine,(OK) Comanche
1805,MIKE'S SPORTS GRILLE LAWTON,MIKE'S SPORTS GRILLE LAWTON,* Independent Fisher59 - OKLAHOMA,(580) 357-3080,Lawton,Active,SPORTS BAR,"$5,125.88 ",All (Beer/Wine/Spirits),(OK) Comanche
3208,ARBUCKLE LIQUOR,ARBUCKLE LIQUOR,* Independent Fisher59 - OKLAHOMA,(405) 520-8226,Ardmore,Active,LIQUOR / PACKAGE STORE,"$5,114.23 ",All (Beer/Wine/Spirits),(OK) Murray
1726,FRONTIER SPIRITS,FRONTIER SPIRITS,* Independent Fisher59 - OKLAHOMA,,Lawton,Active,LIQUOR / PACKAGE STORE,"$5,106.63 ",All (Beer/Wine/Spirits),(OK) Caddo
49692,OUTBACK GROCERY,OUTBACK GROCERY,* Independent Fisher59 - TEXAS,(940) 482-6561,Denton,Active,C-STORE / GAS,"$5,094.41 ",Beer/Wine,(TX) Denton
2915,DOLLAR SAVER #27,DOLLAR SAVER #27,* Independent Fisher59 - TEXAS,,Wichita Falls,Active,C-STORE / GAS,"$5,090.53 ",Beer/Wine,"(TX) Archer, Baylor, Wichita, Wilbarger"
11656,BAIT BOX AND MORE,BAIT BOX AND MORE,* Independent Fisher59 - OKLAHOMA,(580) 618-1178,Ardmore,Active,C-STORE / GAS,"$5,069.05 ",Beer/NA,(OK) Murray
26641,THE SCOTLAND HOUSE ARCHER COUNTY,CIRCLE P II OUTPOST,* Independent Fisher59 - TEXAS,(940) 541-2246,Wichita Falls,Active,C-STORE / GAS,"$5,056.54 ",Beer/Wine,"(TX) Archer, Baylor, Wichita, Wilbarger"
2477,B & R,B & R,* Independent Fisher59 - TEXAS,(940) 691-5621,Wichita Falls,Active,BAR / TAVERN,"$5,047.50 ",Beer/Wine,"(TX) Archer, Baylor, Wichita, Wilbarger"
3171,ZOO,THE ZOO,* Independent Fisher59 - OKLAHOMA,(580) 250-1088,Lawton,Active,RESTAURANT,"$5,038.59 ",All (Beer/Wine/Spirits),(OK) Comanche
2360,FOOD MART (ELECTRA),FOOD MART (ELECTRA),* Independent Fisher59 - TEXAS,(940) 495-3887,Wichita Falls,Active,C-STORE / GAS,"$5,035.11 ",Beer/Wine,"(TX) Archer, Baylor, Wichita, Wilbarger"
5860,TRIO MART #1,TRIO MART #1,* Independent Fisher59 - OKLAHOMA,,Lawton,Active,C-STORE / GAS,"$5,032.35 ",Beer/Wine,(OK) Jackson
7859,MURPHY USA #7859 (DECATUR),MURPHY USA (D),MURPHY USA (TX),,Denton,Active,C-STORE / GAS,"$5,026.95 ",Beer/Wine,(TX) Wise
2226,TEXAS ROADHOUSE - NORTHLAKE,TEXAS ROADHOUSE (D),TEXAS ROADHOUSE (TX),,Denton,Active,RESTAURANT,"$5,024.30 ",Beer/Wine,(TX) Denton
26011,KEMP-CIRCLE LIQUOR,KEMP-CIRCLE LIQUOR,* Independent Fisher59 - TEXAS,(940) 723-2656,Wichita Falls,Active,LIQUOR / PACKAGE STORE,"$5,013.44 ",All (Beer/Wine/Spirits),"(TX) Archer, Baylor, Wichita, Wilbarger"
53041,HIGHLAND VILLAGE CHEVRON,HIGHLAND VILLAGE CHEVRON,* Independent Fisher59 - TEXAS,(972) 317-9599,Denton,Active,C-STORE / GAS,"$4,999.83 ",Beer/Wine,(TX) Denton
11590,LASLEYS ONE STOP,LASLEYS ONE STOP,* Independent Fisher59 - OKLAHOMA,(580) 223-1841,Ardmore,Active,C-STORE / GAS,"$4,997.14 ",Beer/NA,(OK) Carter
53648,ROBIN BEER & WINE FOOD STORE,ROBIN BEER & WINE FOOD STORE,* Independent Fisher59 - TEXAS,(469) 360-9605,Denton,Active,C-STORE / GAS,"$4,988.00 ",Beer/Wine,(TX) Cooke
11270,PRO-MART #5,PRO-MART #5,PRO-MART (OK),(580) 226-0427,Ardmore,Active,C-STORE / GAS,"$4,985.92 ",Beer/NA,(OK) Carter
2433,LUKA'S LIQUOR,LUKA'S LIQUOR,* Independent Fisher59 - TEXAS,(616) 329-1413,Denton,Active,LIQUOR / PACKAGE STORE,"$4,949.00 ",All (Beer/Wine/Spirits),(TX) Denton
54010,WALGREENS #11567,WALGREENS (D),WALGREENS (TX),(972) 347-5112,Denton,Active,DRUG STORE,"$4,927.35 ",Beer/Wine,(TX) Denton
3235,HOP & SACK #2,DONNY HOP & SACK (L),DONNY HOP & SACK (OK),(580) 476-2507,Lawton,Active,C-STORE / GAS,"$4,918.52 ",Beer/NA,(OK) Stephens
55049,RUSTY BEAGLE,RUSTY BEAGLE,* Independent Fisher59 - TEXAS,(940) 206-9759,Denton,Active,BAR / TAVERN,"$4,918.25 ",Beer/Wine,(TX) Denton
56382,QUICK ALS,QUICK ALS,* Independent Fisher59 - TEXAS,(940) 627-8792,Denton,Active,C-STORE / GAS,"$4,916.42 ",Beer/Wine,(TX) Wise
3114,ALLSUP'S #102472 (ATOKA),YESWAY (LAW),YESWAY (OK),,EAST,Active,C-STORE / GAS,"$4,905.41 ",Beer/Wine,(OK) Atoka
1704,MURPHREE'S WINE & SPIRITS,MURPHEE'S WINE & SPIRITS,* Independent Fisher59 - OKLAHOMA,(813) 453-5295,Lawton,Active,LIQUOR / PACKAGE STORE,"$4,904.12 ",All (Beer/Wine/Spirits),(OK) Stephens
3298,WINCO-DRY & GENERAL MERCH.,"WINCO FOODS, LLC",WINCO (TX),(940) 703-7100,Denton,Active,DISTRIBUTION CENTER,"$4,898.88 ",Non Alcohol Only,(TX) Denton
6973,OXXO #51211 (KEMP),SOUTHWEST CONVENIENCE STORES (WF),SOUTHWEST CONVENIENCE STORES (TX),(940) 322-7121,Wichita Falls,Active,C-STORE / GAS,"$4,896.25 ",Beer/Wine,"(TX) Archer, Baylor, Wichita, Wilbarger"
6828,WING DADDY'S SAUCE HOUSE,WING DADDY'S SAUCE HOUSE,WING DADDY'S (TX),(915) 203-2003,Denton,Active,SPORTS BAR,"$4,895.50 ",Beer/Wine,(TX) Denton
1804,CASEY'S GENERAL STORE #4542,CASEY'S (L),CASEY'S GENERAL STORES (OK),(580) 286-4000,EAST,Active,C-STORE / GAS,"$4,887.62 ",Beer/Wine,(OK) McCurtain
1626,LOU'S LIQUOR STORE,LOU'S,* Independent Fisher59 - OKLAHOMA,(405) 238-5594,Ardmore,Active,LIQUOR / PACKAGE STORE,"$4,887.45 ",All (Beer/Wine/Spirits),(OK) Garvin
47648,DAM STORE,DAM STORE,* Independent Fisher59 - TEXAS,(940) 488-4888,Denton,Active,C-STORE / GAS,"$4,885.60 ",Beer/Wine,(TX) Denton
58032,FM BEER & WINE,FM BEER & WINE,* Independent Fisher59 - TEXAS,(972) 355-3959,Denton,Active,C-STORE / GAS,"$4,871.73 ",Beer/Wine,(TX) Denton
1476,DOLLAR GENERAL #7578 (ELGIN),DOLLAR GENERAL (OK),DOLLAR GENERAL (OK),(580) 492-6532,Lawton,Active,GENERAL MERCHANDISER,"$4,862.70 ",Beer/NA,(OK) Comanche
46673,BUFFALO WILD WINGS - DENTON,BUFFALO WILD WIN (D),BUFFALO WILD WINGS (TX),(940) 231-6907,Denton,Active,RESTAURANT,"$4,860.75 ",Beer/Wine,(TX) Denton
11861,DOLLAR GENERAL #1989 (DAVIS),DOLLAR GENERAL (OK),DOLLAR GENERAL (OK),(580) 369-2144,Ardmore,Active,GENERAL MERCHANDISER,"$4,835.54 ",Beer/NA,(OK) Murray
54742,NICK'S GRILL & BAR,NICK'S GRILL & BAR,* Independent Fisher59 - TEXAS,(972) 625-0936,Denton,Active,SPORTS BAR,"$4,833.50 ",Beer/Wine,(TX) Denton
651,BURK MARKET,BURK MARKET,* Independent Fisher59 - TEXAS,(940) 704-9191,Wichita Falls,Active,C-STORE / GAS,"$4,826.79 ",Beer/Wine,"(TX) Archer, Baylor, Wichita, Wilbarger"
589,SPRING MARKET #732 (HENRIETTA),BROOKSHIRES GRO (D),BROOKSHIRES GROCERY (TX),,Wichita Falls,Active,SUPERMARKET,"$4,826.10 ",Beer/Wine,(TX) Clay
46128,DD LIQUOR & TOBACCO,DD LIQUOR & TOBACCO,* Independent Fisher59 - TEXAS,(940) 380-1869,Denton,Active,LIQUOR / PACKAGE STORE,"$4,816.12 ",All (Beer/Wine/Spirits),(TX) Denton
360,HOP IN #430468 (QUANAH),HOP IN (West Tx Mgmt),* Independent Fisher59 - TEXAS,,Wichita Falls,Active,C-STORE / GAS,"$4,814.10 ",Beer/Wine,(TX) Hardeman
2995,ANGRY ELEPHANT - LITTLE ELM,ANGRY ELEPHANT - LITTLE ELM,* Independent Fisher59 - TEXAS,,Denton,Active,RESTAURANT,"$4,808.80 ",Beer/Wine,(TX) Denton
4655,MR BILL GAS & FOOD,MR. BILL'S #5,* Independent Fisher59 - OKLAHOMA,(405) 482-4929,Lawton,Active,C-STORE / GAS,"$4,805.10 ",Beer/NA,(OK) Jackson
671,COMANCHE NATION TRAVEL PLAZA,NUMUNU PAHMU LLC SMOKE SHOPS (L),NUMUNU PAHMU LLC SMOKE SHOPS (OK),,Lawton,Active,C-STORE / GAS,"$4,792.25 ",Beer/NA,(OK) Cotton
3265,FOSSIL CREEK LIQUOR - ARGYLE,FOSSIL CREEK LIQUOR - ARGYLE,FOSSIL CREEK LIQUOR (TX),(847) 471-7715,Denton,Active,LIQUOR / PACKAGE STORE,"$4,786.21 ",All (Beer/Wine/Spirits),(TX) Denton
50179,GREEN VALLEY PIT STOP,GREEN VALLEY PIT STOP,* Independent Fisher59 - TEXAS,(940) 383-9468,Denton,Active,C-STORE / GAS,"$4,784.16 ",Beer/Wine,(TX) Denton
41096,E-Z MART #4255(ANTLERS),GPM SOUTHEAST (L),GPM SOUTHEAST (E-Z MART) (OK),(580) 298-5114,EAST,Active,C-STORE / GAS,"$4,778.54 ",Beer/Wine,(OK) Pushmataha
1909,LOYALTY LIQUOR,LOYALTY LIQUOR,* Independent Fisher59 - TEXAS,,Denton,Active,LIQUOR / PACKAGE STORE,"$4,778.41 ",All (Beer/Wine/Spirits),(TX) Denton
40309,PUSHEM STATION,PUSHEM STATION,* Independent Fisher59 - OKLAHOMA,(580) 924-9841,Ardmore,Active,C-STORE / GAS,"$4,777.09 ",Beer/Wine,(OK) Bryan
1951,BOTTLECAP ALLEY ICEHOUSE GRILL,BOTTLECAP ALLEY ICEHOUSE GRILL,* Independent Fisher59 - TEXAS,(817) 873-8220,Denton,Active,RESTAURANT,"$4,772.25 ",Beer/Wine,(TX) Denton
3229,ALLSUPS #102221 (THROCKMORTON),YESWAY (D),YESWAY (TX),(940) 849-3003,Wichita Falls,Active,C-STORE / GAS,"$4,758.73 ",Beer/Wine,(TX) Throckmorton
3072,LAKECREST CASINO BEVERAGES,WINSTAR/TRADITIONS ON PREMISE (L),WINSTAR/TRADITIONS ON PREMISE (OK),(580) 634-1788,Ardmore,Active,CASINO / GAMING,"$4,755.61 ",All (Beer/Wine/Spirits),(OK) Carter
12430,BINGO BURGER,BINGOS CONVENIENCE STORE,* Independent Fisher59 - OKLAHOMA,(580) 223-0505,Ardmore,Active,C-STORE / GAS,"$4,748.42 ",Beer/NA,(OK) Carter
1016,LA MICHOACANA MEAT MKT - DENTON,LA MICHOACANA MEAT MARKET,LA MICHOACANA (TX),,Denton,Active,NEIGHBORHOOD GROC.,"$4,734.42 ",Beer/Wine,(TX) Denton
5735,OXXO #51203 (BURKBURNETT),SOUTHWEST CONVENIENCE STORES (WF),SOUTHWEST CONVENIENCE STORES (TX),(940) 569-4022,Wichita Falls,Active,C-STORE / GAS,"$4,730.42 ",Beer/Wine,"(TX) Archer, Baylor, Wichita, Wilbarger"
2683,TRES AMIGOS TOBACCO BEER & WINE,TRES AMIGOS TOBACCO BEER & WINE,* Independent Fisher59 - TEXAS,,Wichita Falls,Active,C-STORE / GAS,"$4,669.83 ",Beer/Wine,"(TX) Archer, Baylor, Wichita, Wilbarger"
6800,SNYDER EXPRESS,SNYDER EXPRESS,* Independent Fisher59 - OKLAHOMA,(615) 582-2684,Lawton,Active,C-STORE / GAS,"$4,660.00 ",Beer/Wine,(OK) Kiowa
25372,DOLLAR GENERAL #25372 (SANGER FM2450),DOLLAR GENERAL (DEN),DOLLAR GENERAL (TX),,Denton,Active,GENERAL MERCHANDISER,"$4,655.18 ",Beer/Wine,(TX) Denton
2545,BACK PORCH DRAFTHOUSE - NORTHLAKE,BACKPORCH DRAFTHOUSE - NORTHLAKE,* Independent Fisher59 - TEXAS,,Denton,Active,SPORTS BAR,"$4,648.20 ",Beer/Wine,(TX) Denton
945,VERNON PARTS SPORTS GRILL,VERNON PARTS SPORTS GRILL,* Independent Fisher59 - TEXAS,,Wichita Falls,Active,SPORTS BAR,"$4,643.65 ",Beer/Wine,"(TX) Archer, Baylor, Wichita, Wilbarger"
1485,DOLLAR GENERAL #11926 (RUSH SPRINGS),DOLLAR GENERAL (OK),DOLLAR GENERAL (OK),(580) 111-1111,Lawton,Active,GENERAL MERCHANDISER,"$4,641.49 ",Beer/NA,(OK) Grady
684,NORMANS COUNTRY STORE & GRILL,NORMANS,* Independent Fisher59 - OKLAHOMA,(580) 220-8275,Ardmore,Active,C-STORE / GAS,"$4,634.09 ",Beer/NA,(OK) Carter
569,TUNNEL,THE TUNNEL,* Independent Fisher59 - OKLAHOMA,(580) 454-5002,Lawton,Active,C-STORE / GAS,"$4,632.58 ",Beer/NA,(OK) Comanche
2395,SKYLINE EXPRESS,SKYLINE EXPRESS,* Independent Fisher59 - OKLAHOMA,(405) 973-7755,Lawton,Active,C-STORE / GAS,"$4,631.91 ",Beer/NA,(OK) Comanche
1285,DOLLAR GENERAL #20249 (BURNEYVILLE),DOLLAR GENERAL (OK),DOLLAR GENERAL (OK),,Ardmore,Active,GENERAL MERCHANDISER,"$4,630.80 ",Beer/NA,(OK) Love
10019,CHISHOLM CORNER OK #12 EAST,CHISHOLM CORNER (L),CHISHOLM CORNER/JACK'S_DMG CORP (OK),(405) 207-9009,Ardmore,Active,C-STORE / GAS,"$4,624.79 ",Beer/Wine,(OK) Garvin
3417,DOLLAR GENERAL #31320 (GRAND),DOLLAR GENERAL (OK),DOLLAR GENERAL (OK),,Lawton,Active,GENERAL MERCHANDISER,"$4,622.35 ",Beer/NA,(OK) Grady
49289,DOLLAR GENERAL #16272 (GERONIMO),DOLLAR GENERAL (OK),DOLLAR GENERAL (OK),,Lawton,Active,GENERAL MERCHANDISER,"$4,616.79 ",Beer/NA,(OK) Comanche
61929,JOHNNY JOES KWIK STOP,JOHNNY JOES KWIK STOP,* Independent Fisher59 - TEXAS,(940) 382-1179,Denton,Active,C-STORE / GAS,"$4,616.73 ",Beer/Wine,(TX) Denton
14951,WATER HOLE,WATER HOLE,* Independent Fisher59 - TEXAS,(940) 767-7782,Wichita Falls,Active,BAR / TAVERN,"$4,616.40 ",Beer/Wine,"(TX) Archer, Baylor, Wichita, Wilbarger"
738,SCOBEE'S MINI MART BEER & WINE,SCOBEE'S MINI MART BEER & WINE,* Independent Fisher59 - TEXAS,(940) 592-5961,Wichita Falls,Active,C-STORE / GAS,"$4,611.81 ",Beer/Wine,"(TX) Archer, Baylor, Wichita, Wilbarger"
24140,DOLLAR GENERAL #24140 (SEYM HWY),DOLLAR GENERAL (DEN),DOLLAR GENERAL (TX),,Wichita Falls,Active,GENERAL MERCHANDISER,"$4,610.62 ",Beer/Wine,"(TX) Archer, Baylor, Wichita, Wilbarger"
13590,SNAK SHAK DAVIS,PITMON OIL (L),PITMON OIL (SNAK SHAK) (OK),(580) 369-3091,Ardmore,Active,C-STORE / GAS,"$4,610.25 ",Beer/NA,(OK) Murray
802,DOLLAR SAVER 11 (I.P. ROAD),DOLLAR SAVER 11 (I.P. ROAD),* Independent Fisher59 - TEXAS,(940) 322-3438,Wichita Falls,Active,C-STORE / GAS,"$4,606.34 ",Beer/Wine,"(TX) Archer, Baylor, Wichita, Wilbarger"
4470,MAC'S #3,MAC'S #3,* Independent Fisher59 - OKLAHOMA,(813) 453-5295,Lawton,Active,C-STORE / GAS,"$4,602.96 ",Beer/NA,(OK) Jefferson
47738,HOOTERS - DENTON,HOOTERS (D),HOOTERS (TX),(940) 442-6049,Denton,Active,RESTAURANT,"$4,596.31 ",Beer/Wine,(TX) Denton
2977,SHOP STOP,SHOP STOP,* Independent Fisher59 - TEXAS,,Wichita Falls,Active,C-STORE / GAS,"$4,567.47 ",Beer/Wine,"(TX) Archer, Baylor, Wichita, Wilbarger"
2695,LIQUORLAND - LEWISVILLE,LIQUORLAND - LEWISVILLE,LIQUORLAND (TX),(860) 215-4135,Denton,Active,LIQUOR / PACKAGE STORE,"$4,564.83 ",All (Beer/Wine/Spirits),(TX) Denton
1032,DOLLAR GENERAL #14915 (SEYMOUR HWY),DOLLAR GENERAL (DEN),DOLLAR GENERAL (TX),(940) 689-0666,Wichita Falls,Active,GENERAL MERCHANDISER,"$4,563.77 ",Beer/Wine,"(TX) Archer, Baylor, Wichita, Wilbarger"
2642,STRIPES #25444 (BURK RD),711 (Denton),711 (TX),(940) 855-2310,Wichita Falls,Active,C-STORE / GAS,"$4,560.26 ",Beer/Wine,"(TX) Archer, Baylor, Wichita, Wilbarger"
627,BACK PORCH & DRAFTHOUSE (GORE),BACK PORCH DRAFT HOUSE,* Independent Fisher59 - OKLAHOMA,(580) 699-2990,Lawton,Active,RESTAURANT,"$4,552.61 ",All (Beer/Wine/Spirits),(OK) Comanche
1259,54TH STREET RESTAURANT & DRAFTHOUSE - COLONY,54TH STREET RESTAURANT & DRAFTHOUSE - COLONY,54TH STREET RESTAURANT & DRAFTHOUSE (TX),(972) 561-0711,Denton,Active,RESTAURANT,"$4,542.75 ",Beer/Wine,(TX) Denton
1390,BLAIR SUPERETTE,BLAIR SUPERETTE,* Independent Fisher59 - OKLAHOMA,(580) 563-9291,Lawton,Active,C-STORE / GAS,"$4,541.97 ",Beer/NA,(OK) Jackson
25791,ALLSUPS #102159 (NORTH-SEYMOUR),YESWAY (D),YESWAY (TX),(940) 888-3552,Wichita Falls,Active,C-STORE / GAS,"$4,540.60 ",Beer/Wine,"(TX) Archer, Baylor, Wichita, Wilbarger"
815,SHAX LIQUOR - LITTLE ELM,SHAX LIQUOR - LITTLE ELM,SHAX LIQUOR (TX),(817) 350-0033,Denton,Active,LIQUOR / PACKAGE STORE,"$4,538.41 ",All (Beer/Wine/Spirits),(TX) Denton
50922,LAKEWAY LIQUOR,LAKEWAY LIQUOR,* Independent Fisher59 - TEXAS,(940) 665-3540,Denton,Active,LIQUOR / PACKAGE STORE,"$4,526.44 ",All (Beer/Wine/Spirits),(TX) Cooke
3412,DOLLAR GENERAL #31490 (GORE),DOLLAR GENERAL (OK),DOLLAR GENERAL (OK),,Lawton,Active,GENERAL MERCHANDISER,"$4,510.18 ",Beer/NA,(OK) Comanche
3098,DOLLAR GENERAL #25943 (SUNSET),DOLLAR GENERAL (DEN),DOLLAR GENERAL (TX),,Denton,Active,GENERAL MERCHANDISER,"$4,499.83 ",Beer/Wine,(TX) Montague
40001,FASTLANE OF BB,FAST LANE,* Independent Fisher59 - OKLAHOMA,(580) 584-3560,EAST,Active,C-STORE / GAS,"$4,496.95 ",Beer/Wine,(OK) McCurtain
1639,E-Z MART #4466(VALLIANT),GPM SOUTHEAST (L),GPM SOUTHEAST (E-Z MART) (OK),,EAST,Active,C-STORE / GAS,"$4,491.32 ",Beer/Wine,(OK) McCurtain
40943,LOVE'S #94,LOVES (LAW),LOVES (OK),(580) 584-3813,EAST,Active,C-STORE / GAS,"$4,481.93 ",Beer/Wine,(OK) McCurtain
1406,DURBAR LIQUOR,DURBAR LIQUOR,* Independent Fisher59 - TEXAS,(917) 678-8724,Denton,Active,LIQUOR / PACKAGE STORE,"$4,479.99 ",All (Beer/Wine/Spirits),(TX) Denton
10405,ZOOM ZOOM #3 GROCERY (HINES),ZOOM ZOOM #3 GROCERY (HINES),* Independent Fisher59 - TEXAS,(940) 280-8674,Wichita Falls,Active,C-STORE / GAS,"$4,479.30 ",Beer/Wine,"(TX) Archer, Baylor, Wichita, Wilbarger"
813,LONE STAR ATTITUDE BURGER,LONE STAR ATTITUDE BURGER,* Independent Fisher59 - TEXAS,(940) 300-0003,Denton,Active,RESTAURANT,"$4,471.25 ",Beer/Wine,(TX) Denton
7555,MURPHY EXPRESS #8631 (LAW),MURPHY USA (D),MURPHY USA (TX),(940) 691-0496,Wichita Falls,Active,C-STORE / GAS,"$4,465.31 ",Beer/Wine,"(TX) Archer, Baylor, Wichita, Wilbarger"
4645,MERIDIAN QUICK MART,MERIDIAN QUICK MART,* Independent Fisher59 - OKLAHOMA,(580) 439-6696,Lawton,Active,C-STORE / GAS,"$4,461.74 ",Beer/NA,(OK) Stephens
1116,LUCKY LIQUOR (WF),LUCKY LIQUOR,* Independent Fisher59 - TEXAS,(940) 855-5800,Wichita Falls,Active,LIQUOR / PACKAGE STORE,"$4,459.23 ",All (Beer/Wine/Spirits),"(TX) Archer, Baylor, Wichita, Wilbarger"
5622,UNITED SUPERMARKET #358,HOMELAND/UNITED (L),HOMELAND/UNITED (OK),(580) 782-3298,Lawton,Active,SUPERMARKET,"$4,456.24 ",Beer/Wine,(OK) Greer
50096,II CHARLIES,II CHARLIES,* Independent Fisher59 - TEXAS,(940) 891-1100,Denton,Active,BAR / TAVERN,"$4,454.31 ",Beer/Wine,(TX) Denton
53710,DANS SILVERLEAF,DANS SILVERLEAF,* Independent Fisher59 - TEXAS,(940) 320-2000,Denton,Active,MUSIC / DANCE CLUB,"$4,451.15 ",Beer/Wine,(TX) Denton
599,DOLLAR GENERAL #21635 (NOCONA),DOLLAR GENERAL (DEN),DOLLAR GENERAL (TX),(940) 314-2034,Denton,Active,GENERAL MERCHANDISER,"$4,441.90 ",Beer/Wine,(TX) Montague
1063,THE MAVERICK,THE MAVERICK,* Independent Fisher59 - TEXAS,(214) 288-3775,Denton,Active,BAR / TAVERN,"$4,440.55 ",Beer/Wine,(TX) Denton
1798,CHOCTAW CASINO DURANT GIFT SHOP (VENDING),CHOCTAW NATION (L),CHOCTAW CASINO (OK),,Ardmore,Active,NON BEER OFF PREMISE,"$4,440.00 ",Non Alcohol Only,(OK) Bryan
353,DOLLAR GENERAL #13114 (STRATFORD),DOLLAR GENERAL (OK),DOLLAR GENERAL (OK),(580) 574-3850,Ardmore,Active,GENERAL MERCHANDISER,"$4,436.75 ",Beer/NA,(OK) Garvin
3344,BUFFALO HIRSCH BEERGARDEN,BUFFALO HIRSCH BEERGARDEN,* Independent Fisher59 - TEXAS,(940) 453-8076,Denton,Active,BAR / TAVERN,"$4,435.45 ",Beer/Wine,(TX) Denton
1020,MAC'S #7,MAC'S NO.7,* Independent Fisher59 - OKLAHOMA,(813) 453-5295,Lawton,Active,C-STORE / GAS,"$4,428.33 ",Beer/NA,(OK) Grady
4036,JJS FASTOP #260,JJS FASTOP #260,* Independent Fisher59 - TEXAS,(903) 394-6416,Wichita Falls,Active,C-STORE / GAS,"$4,424.04 ",Beer/Wine,"(TX) Archer, Baylor, Wichita, Wilbarger"
2176,BUBBA'S 33 (THE COLONY),BUBBA'S 33 (THE COLONY),BUBBA'S 33,,Denton,Active,RESTAURANT,"$4,411.20 ",Beer/Wine,(TX) Denton
24767,DOLLAR GENERAL #24767 (SHERIDAN RD),DOLLAR GENERAL (OK),DOLLAR GENERAL (OK),,Lawton,Active,GENERAL MERCHANDISER,"$4,403.84 ",Beer/NA,(OK) Comanche
48397,LEGEND'S SPORTS BAR GRILL,LEGEND'S SPORTS BAR GRILL,* Independent Fisher59 - TEXAS,(972) 672-9190,Denton,Active,SPORTS BAR,"$4,395.70 ",Beer/Wine,(TX) Denton
1402,CRAZY HORSE SALOON,CRAZY HORSE SALOON (WF),* Independent Fisher59 - TEXAS,(940) 782-0882,Wichita Falls,Active,BAR / TAVERN,"$4,384.70 ",Beer/Wine,"(TX) Archer, Baylor, Wichita, Wilbarger"
1499,54TH STREET RESTAURANT & DRAFTHOUSE - LEWISVILLE,54TH STREET RESTAURANT & DRAFTHOUSE - LEWISVILLE,54TH STREET RESTAURANT & DRAFTHOUSE (TX),(816) 455-9008,Denton,Active,RESTAURANT,"$4,382.40 ",Beer/Wine,(TX) Denton
1920,RACKHOUSE - THE COLONY,RACKHOUSE - THE COLONY,* Independent Fisher59 - TEXAS,(678) 724-1199,Denton,Active,RESTAURANT,"$4,369.90 ",Beer/Wine,(TX) Denton
11864,DOLLAR GENERAL #3880 (WYNNEWOOD),DOLLAR GENERAL (OK),DOLLAR GENERAL (OK),(580) 665-5334,Ardmore,Active,GENERAL MERCHANDISER,"$4,367.87 ",Beer/NA,(OK) Garvin
26179,PIT STOP 114 (MEGARGEL),PIT STOP 114 (MEGARGEL),* Independent Fisher59 - TEXAS,(940) 562-2411,Wichita Falls,Active,C-STORE / GAS,"$4,360.75 ",Beer/Wine,"(TX) Archer, Baylor, Wichita, Wilbarger"
2548,SHUCK ME,SHUCK ME,* Independent Fisher59 - TEXAS,(940) 736-0865,Denton,Active,RESTAURANT,"$4,360.60 ",Beer/Wine,(TX) Denton
2327,SPIRITS & SMOKE,SPIRITS & SMOKE,* Independent Fisher59 - OKLAHOMA,(805) 710-5898,Lawton,Active,LIQUOR / PACKAGE STORE,"$4,343.33 ",All (Beer/Wine/Spirits),(OK) Comanche
398,STRIPES #25443 (BROAD),711 (Denton),711 (TX),,Wichita Falls,Active,C-STORE / GAS,"$4,331.55 ",Beer/Wine,"(TX) Archer, Baylor, Wichita, Wilbarger"
2118,FAMILY DOLLAR #11718 (VELMA),FAMILY DOLLAR (OK),FAMILY DOLLAR (OK),,Lawton,Active,GENERAL MERCHANDISER,"$4,325.32 ",Beer/Wine,(OK) Stephens
40697,CHOCTAW TRAVEL PLAZA #632 - DURANT WEST,CHOCTAW NATION (L),CHOCTAW TRAVEL PLAZA (OK),(580) 924-9660,Ardmore,Active,C-STORE / GAS,"$4,323.70 ",Beer/Wine,(OK) Bryan
683,PRUETT'S FOODS - BROKEN BOW,PRUETT'S FOOD (L),PRUETT'S FOOD (OK),(580) 584-6056,EAST,Active,NEIGHBORHOOD GROC.,"$4,322.67 ",Non Alcohol Only,(OK) McCurtain
587,ALLSUPS #102174 (HENRIETTA),YESWAY (D),YESWAY (TX),(940) 538-5872,Wichita Falls,Active,C-STORE / GAS,"$4,322.48 ",Beer/Wine,(TX) Clay
49343,PILOT TRAVEL CENTER #49800,PILOT TRAVEL CENTER #49800,FLYING J/PILOT TRAVEL CENTER (OK),,EAST,Active,C-STORE / GAS,"$4,321.95 ",Beer/NA,(OK) Atoka
871,MCCLUNGS,MCCLUNGS,* Independent Fisher59 - OKLAHOMA,(580) 695-9318,Lawton,Active,C-STORE / GAS,"$4,312.14 ",Beer/NA,(OK) Comanche
2434,377 LIQUOR,377 LIQUOR,* Independent Fisher59 - TEXAS,(940) 300-1445,Denton,Active,LIQUOR / PACKAGE STORE,"$4,308.71 ",All (Beer/Wine/Spirits),(TX) Denton
56713,ALLSUPS #102103 (DECATUR 287),YESWAY (D),YESWAY (TX),(940) 627-1549,Denton,Active,C-STORE / GAS,"$4,307.37 ",Beer/Wine,(TX) Wise
2550,MURPHY USA #7858 (AIRPORT),MURPHY USA (D),MURPHY USA (TX),,Wichita Falls,Active,C-STORE / GAS,"$4,303.84 ",Beer/Wine,"(TX) Archer, Baylor, Wichita, Wilbarger"
526,SAIBABA 42 OK TRUCK STOP,SAIBABA 42 OK TRUCK STOP,* Independent Fisher59 - OKLAHOMA,(580) 653-2428,Ardmore,Active,C-STORE / GAS,"$4,288.10 ",Beer/NA,(OK) Carter
757,DOLLAR GENERAL #14445 (LAKE MURRAY DR),DOLLAR GENERAL (OK),DOLLAR GENERAL (OK),1 (580) 319-4029,Ardmore,Active,GENERAL MERCHANDISER,"$4,287.48 ",Beer/NA,(OK) Carter
12300,JASON'S HILLTOP GROCERY,HILLTOP GROCERY,* Independent Fisher59 - OKLAHOMA,(580) 276-2141,Ardmore,Active,C-STORE / GAS,"$4,284.57 ",Beer/NA,(OK) Love
49874,J J TRUCK STOP,J J TRUCK STOP,* Independent Fisher59 - TEXAS,(940) 482-6066,Denton,Active,C-STORE / GAS,"$4,278.89 ",Beer/Wine,(TX) Denton
1537,DOLLAR GENERAL #17609 (OAK RIDGE),DOLLAR GENERAL (DEN),DOLLAR GENERAL (TX),(682) 978-4065,Denton,Active,GENERAL MERCHANDISER,"$4,270.28 ",Beer/Wine,(TX) Cooke
1471,DOLLAR GENERAL #9348 (CACHE),DOLLAR GENERAL (OK),DOLLAR GENERAL (OK),(580) 429-3753,Lawton,Active,GENERAL MERCHANDISER,"$4,265.30 ",Beer/NA,(OK) Comanche
24130,R & W FOOD MART,R & W FOOD MART,* Independent Fisher59 - TEXAS,(940) 386-1600,Wichita Falls,Active,C-STORE / GAS,"$4,261.26 ",Beer/Wine,"(TX) Archer, Baylor, Wichita, Wilbarger"
6285,CALLFIELD STOP,CALLFIELD STOP,* Independent Fisher59 - TEXAS,(940) 696-8797,Wichita Falls,Active,C-STORE / GAS,"$4,260.44 ",Beer/Wine,"(TX) Archer, Baylor, Wichita, Wilbarger"
409,SUNSET GAS AND GRILL (BOWIE),SUNSET GAS AND GRILL (BOWIE),* Independent Fisher59 - TEXAS,(940) 845-4772,Denton,Active,C-STORE / GAS,"$4,255.76 ",Beer/Wine,(TX) Montague
971,UNITED EXPRESS #1216,UNITED SUPERMARKET (D),UNITED SUPERMARKET (TX),,Wichita Falls,Active,C-STORE / GAS,"$4,253.72 ",Beer/Wine,"(TX) Archer, Baylor, Wichita, Wilbarger"
52720,RUBBER GLOVES,RUBBER GLOVES,* Independent Fisher59 - TEXAS,(940) 387-7781,Denton,Active,MUSIC / DANCE CLUB,"$4,243.45 ",Beer/Wine,(TX) Denton
49222,DOLLAR GENERAL #11585 (VALLEY VIEW),DOLLAR GENERAL (DEN),DOLLAR GENERAL (TX),(940) 277-2050,Denton,Active,GENERAL MERCHANDISER,"$4,239.87 ",Beer/Wine,(TX) Cooke
6835,CASEY'S GENERAL STORE #4594,CASEY'S (L),CASEY'S GENERAL STORES (OK),(580) 228-3800,Lawton,Active,C-STORE / GAS,"$4,238.72 ",Beer/Wine,(OK) Jefferson
1080,ALLSUPS #102281 (FREDRICK),YESWAY (LAW),YESWAY (OK),(580) 335-7270,Lawton,Active,C-STORE / GAS,"$4,238.04 ",Beer/NA,(OK) Tillman
1472,DOLLAR GENERAL #4909 (COMANCHE),DOLLAR GENERAL (OK),DOLLAR GENERAL (OK),(580) 439-2044,Lawton,Active,GENERAL MERCHANDISER,"$4,235.84 ",Beer/NA,(OK) Stephens
1534,TASTY'S WINE AND SPIRITS,TASTY'S WINE AND SPIRITS,* Independent Fisher59 - OKLAHOMA,(580) 223-5050,Ardmore,Active,LIQUOR / PACKAGE STORE,"$4,229.40 ",All (Beer/Wine/Spirits),(OK) Carter
6896,HOP IN VERNON 1 (@LEXINGTON),HOP IN VERNON 1 (@LEXINGTON),* Independent Fisher59 - TEXAS,(940) 553-1038,Wichita Falls,Active,C-STORE / GAS,"$4,228.50 ",Beer/Wine,"(TX) Archer, Baylor, Wichita, Wilbarger"
1152,HARVEST HOUSE,HARVEST HOUSE,* Independent Fisher59 - TEXAS,,Denton,Active,BAR / TAVERN,"$4,227.35 ",Beer/Wine,(TX) Denton
4485,CHISHOLM CORNER OK #5,CHISHOLM CORNER (L),CHISHOLM CORNER/JACK'S_DMG CORP (OK),(580) 658-1246,Lawton,Active,C-STORE / GAS,"$4,225.28 ",Beer/Wine,(OK) Stephens
1563,ICE DOCK,ICE DOCK,* Independent Fisher59 - OKLAHOMA,(405) 756-8249,Lawton,Active,LIQUOR / PACKAGE STORE,"$4,215.70 ",All (Beer/Wine/Spirits),(OK) Stephens
7845,TEXAS PRIDE N JOY,TEXAS PRIDE N JOY,* Independent Fisher59 - TEXAS,(940) 257-3522,Wichita Falls,Active,C-STORE / GAS,"$4,200.73 ",Beer/Wine,(TX) Clay
401,SOONER FOODS #2,SOONER FOODS #2,SOONER FOODS (OK),(580) 369-2334,Ardmore,Active,C-STORE / GAS,"$4,195.97 ",Beer/Wine,(OK) Murray
2264,BIG SHOTS GOLF,BIG SHOTS GOLF,* Independent Fisher59 - TEXAS,,Denton,Active,GOLF / COUNTRY CLUB,"$4,180.95 ",Beer/Wine,(TX) Denton
40652,TUSHKA TRUCK STOP,TUSHKA TRUCK STOP,* Independent Fisher59 - OKLAHOMA,(580) 889-3275,EAST,Active,C-STORE / GAS,"$4,161.21 ",Beer/Wine,(OK) Atoka
2415,SIDE TRACK LIQUOR,SIDE TRACK LIQUOR,* Independent Fisher59 - OKLAHOMA,(580) 313-0032,Lawton,Active,LIQUOR / PACKAGE STORE,"$4,157.04 ",All (Beer/Wine/Spirits),(OK) Jefferson
1730,COWBOY & INDIAN SPIRITS ETC,COWBOY & INDIAN SPIRITS,* Independent Fisher59 - OKLAHOMA,(580) 668-3335,Ardmore,Active,LIQUOR / PACKAGE STORE,"$4,134.56 ",All (Beer/Wine/Spirits),(OK) Carter
50435,LINDSAY MART,LINDSAY MART,* Independent Fisher59 - TEXAS,(940) 612-2032,Denton,Active,C-STORE / GAS,"$4,132.16 ",Beer/Wine,(TX) Cooke
1916,DW'S LIQUOR,DW'S LIQUOR,* Independent Fisher59 - OKLAHOMA,,Ardmore,Active,LIQUOR / PACKAGE STORE,"$4,131.37 ",All (Beer/Wine/Spirits),(OK) Bryan
2104,DOLLAR GENERAL #21099 (VERDEN),DOLLAR GENERAL (OK),DOLLAR GENERAL (OK),,Lawton,Active,GENERAL MERCHANDISER,"$4,128.71 ",Beer/NA,(OK) Grady
6781,VERNON HOP IN,HOP IN VERNON 2 (@13TH ST),* Independent Fisher59 - TEXAS,(940) 552-6172,Wichita Falls,Active,C-STORE / GAS,"$4,125.47 ",Beer/Wine,"(TX) Archer, Baylor, Wichita, Wilbarger"
41164,DOLLAR GENERAL #603 (ANTLERS),DOLLAR GENERAL (OK),DOLLAR GENERAL (OK),(580) 298-5863,EAST,Active,GENERAL MERCHANDISER,"$4,124.37 ",Beer/NA,(OK) Pushmataha
3074,CASEY'S GENERAL STORE #4475 (HUGO),CASEY'S (L),CASEY'S GENERAL STORES (OK),,EAST,Active,C-STORE / GAS,"$4,121.91 ",Beer/Wine,(OK) Choctaw
4050,HOP SACK #21 - DAVIDSON,BOOKER HOP & SACK (L),BOOKER HOP & SACK (OK),(580) 568-2222,Lawton,Active,C-STORE / GAS,"$4,115.12 ",Beer/NA,(OK) Tillman
2184,BRICKTOWN BREWERY-LAWTON,BRICKTOWN BREWERY,* Independent Fisher59 - OKLAHOMA,(580) 297-8688,Lawton,Active,RESTAURANT,"$4,106.72 ",All (Beer/Wine/Spirits),(OK) Comanche
12540,PRO-MART #1,PRO-MART #1,PRO-MART (OK),(580) 226-1885,Ardmore,Active,C-STORE / GAS,"$4,105.30 ",Beer/NA,(OK) Carter
974,LEBANON ONE STOP,BOB SINGH'S STORES (L),BOB SINGH'S STORES (OK),(580) 504-1012,Ardmore,Active,C-STORE / GAS,"$4,099.93 ",Beer/NA,(OK) Marshall West (377 & west)
46675,BUFFALO WILD WINGS - H VILLAGE,BUFFALO WILD WIN (D),BUFFALO WILD WINGS (TX),(972) 966-0800,Denton,Active,RESTAURANT,"$4,097.10 ",Beer/Wine,(TX) Denton
6290,OKIE STAR MINI MART,OKIE STAR MINI MART,* Independent Fisher59 - OKLAHOMA,(405) 600-4467,Lawton,Active,C-STORE / GAS,"$4,096.15 ",Beer/NA,(OK) Grady
1581,DOLLAR GENERAL #17810 (LAKE KIOWA),DOLLAR GENERAL (DEN),DOLLAR GENERAL (TX),(940) 641-8880,Denton,Active,GENERAL MERCHANDISER,"$4,077.06 ",Beer/Wine,(TX) Cooke
4016,YESWAY STORE #1197 (VERNON),YESWAY (D),YESWAY (TX),(940) 553-1663,Wichita Falls,Active,C-STORE / GAS,"$4,075.40 ",Beer/Wine,"(TX) Archer, Baylor, Wichita, Wilbarger"
2814,BUFFALO WILD WINGS,BUFFALO WILD WINGS (LAW),BUFFALO WILD WINGS (OK),(580) 357-9464,Lawton,Active,RESTAURANT,"$4,068.75 ",All (Beer/Wine/Spirits),(OK) Comanche
3332,SS FOOD MART 2,SS FOOD MART 2,* Independent Fisher59 - TEXAS,,Denton,Active,C-STORE / GAS,"$4,063.69 ",Beer/Wine,(TX) Denton
2633,H2 OAK (El Taco H),H2 OAK,* Independent Fisher59 - TEXAS,(940) 331-7776,Denton,Active,RESTAURANT,"$4,062.15 ",Beer/Wine,(TX) Denton
63479,SUPERSAVE #2,SUPER SAVE FOOD STORE,* Independent Fisher59 - TEXAS,(972) 998-1138,Denton,Active,C-STORE / GAS,"$4,058.71 ",Beer/Wine,(TX) Denton
12420,BROADWAY MART,BOB SINGH'S STORES (L),BOB SINGH'S STORES (OK),(580) 371-9201,Ardmore,Active,C-STORE / GAS,"$4,058.06 ",Beer/Wine,(OK) Johnston
5520,GENERAL STORE,IBC Group-COD (L),* Independent Fisher59 - OKLAHOMA,(580) 479-3316,Lawton,Active,C-STORE / GAS,"$4,055.07 ",Beer/Wine,(OK) Tillman
3380,HOLLIS MART,HOLLIS MART,* Independent Fisher59 - OKLAHOMA,,Lawton,Active,C-STORE / GAS,"$4,041.17 ",Beer/Wine,(OK) Harmon
54700,OASIS LIQUOR,OASIS LIQUOR,* Independent Fisher59 - TEXAS,(972) 624-1100,Denton,Active,LIQUOR / PACKAGE STORE,"$4,038.93 ",All (Beer/Wine/Spirits),(TX) Denton
1641,ANDERSONS LIQUOR STORE,ANDERSONS LIQUOR STORE,* Independent Fisher59 - OKLAHOMA,(580) 569-4905,Lawton,Active,LIQUOR / PACKAGE STORE,"$4,038.03 ",All (Beer/Wine/Spirits),(OK) Kiowa
41039,E-Z MART #4376(LINCOLN IDABEL),GPM SOUTHEAST (L),GPM SOUTHEAST (E-Z MART) (OK),(580) 286-9473,EAST,Active,C-STORE / GAS,"$4,038.00 ",Beer/Wine,(OK) McCurtain
1208,EXXON ONE (WINDTHORST RD),EXXON ONE (WINDTHORST RD),* Independent Fisher59 - TEXAS,(903) 851-1087,Wichita Falls,Active,C-STORE / GAS,"$4,029.32 ",Beer/Wine,"(TX) Archer, Baylor, Wichita, Wilbarger"
40865,TRAVEL PLAZA #633 - GRANT,CHOCTAW NATION (L),CHOCTAW TRAVEL PLAZA (OK),(580) 326-7595,EAST,Active,C-STORE / GAS,"$4,029.29 ",Beer/Wine,(OK) Choctaw
2170,TEXAS ROADHOUSE,TEXAS ROADHOUSE (LAW),TEXAS ROADHOUSE (OK),(580) 248-7427,Lawton,Active,RESTAURANT,"$3,972.39 ",All (Beer/Wine/Spirits),(OK) Comanche
40694,KWIK CHEK FOOD MART #13,KWIK CHEK (L),KWIK CHEK (OK),(580) 434-7312,Ardmore,Active,C-STORE / GAS,"$3,936.12 ",Beer/NA,(OK) Bryan
2203,DOLLAR GENERAL #21773 (THACKERVILLE),DOLLAR GENERAL (OK),DOLLAR GENERAL (OK),,Ardmore,Active,GENERAL MERCHANDISER,"$3,932.60 ",Beer/NA,(OK) Love
49809,METZLERS 380,METZLERS 380,* Independent Fisher59 - TEXAS,(940) 383-1987,Denton,Active,NEIGHBORHOOD GROC.,"$3,926.75 ",Beer/Wine,(TX) Denton
1657,MARTY B's,MARTY B's,* Independent Fisher59 - TEXAS,(972) 849-5177,Denton,Active,RESTAURANT,"$3,926.08 ",Beer/Wine,(TX) Denton
980,DOLLAR GENERAL #22853,DOLLAR GENERAL (DEN),DOLLAR GENERAL (TX),(940) 276-1302,Wichita Falls,Active,GENERAL MERCHANDISER,"$3,922.36 ",Beer/Wine,"(TX) Archer, Baylor, Wichita, Wilbarger"
4044,LEGENDS PUBHOUSE AND VENUE,LEGENDS PUBHOUSE & VENUE,* Independent Fisher59 - OKLAHOMA,(405) 933-7790,Lawton,Active,RESTAURANT,"$3,918.83 ",All (Beer/Wine/Spirits),(OK) Grady
2776,DOLLAR GENERAL #24623,DOLLAR GENERAL (OK),DOLLAR GENERAL (OK),,Lawton,Active,GENERAL MERCHANDISER,"$3,918.21 ",Beer/NA,(OK) Caddo
57976,V.F.W. CLUB - LAKE DALLAS,V.F.W. CLUB - LAKE DALLAS,* Independent Fisher59 - TEXAS,(940) 321-9333,Denton,Active,PRIVATE CLUB,"$3,917.60 ",Beer/Wine,(TX) Denton
6228,MAC'S #5,MAC'S #5,* Independent Fisher59 - OKLAHOMA,(813) 453-5295,Lawton,Active,C-STORE / GAS,"$3,916.97 ",Beer/NA,(OK) Jefferson
1707,OASIS LIQUOR SHACK,OASIS LIQUOR SHACK,* Independent Fisher59 - OKLAHOMA,(405) 255-4580,Lawton,Active,LIQUOR / PACKAGE STORE,"$3,914.84 ",All (Beer/Wine/Spirits),(OK) Grady
19711,FOOD BARN,FOOD BARN,* Independent Fisher59 - TEXAS,(940) 613-3370,Wichita Falls,Active,C-STORE / GAS,"$3,905.72 ",Beer/Wine,"(TX) Archer, Baylor, Wichita, Wilbarger"
800,THE ISLE AT WINSTAR,CHICKASAW NATION DIV OF COMMERCE (L),CHICKASAW NATION DIV OF COMMERCE (OK),,Ardmore,Active,NON BEER OFF PREMISE,"$3,904.40 ",Non Alcohol Only,(OK) Love
1692,BOOTLEGGERS - LEE BLVD,BOOTLEGGERS LIQUOR,* Independent Fisher59 - OKLAHOMA,(580) 699-2026,Lawton,Active,LIQUOR / PACKAGE STORE,"$3,903.98 ",All (Beer/Wine/Spirits),(OK) Comanche
47712,COYOTE RIDGE GOLF CLUB,COYOTE RIDGE GOLF CLUB,* Independent Fisher59 - TEXAS,(972) 395-0786,Denton,Active,GOLF / COUNTRY CLUB,"$3,902.01 ",Beer/Wine,(TX) Denton
697,BLACK SHEEP BAR,BLACK SHEEP BAR,* Independent Fisher59 - TEXAS,(940) 923-0464,Wichita Falls,Active,BAR / TAVERN,"$3,900.75 ",Beer/Wine,"(TX) Archer, Baylor, Wichita, Wilbarger"
2809,CHOCTAW CASINO - GRANT,CHOCTAW NATION (L),CHOCTAW CASINO (OK),,EAST,Active,CASINO / GAMING,"$3,889.51 ",All (Beer/Wine/Spirits),(OK) Choctaw
31849,FAS-PAC,FAS-PAC,* Independent Fisher59 - TEXAS,(940) 767-2040,Wichita Falls,Active,C-STORE / GAS,"$3,886.28 ",Beer/Wine,"(TX) Archer, Baylor, Wichita, Wilbarger"
30963,DOLLAR GENERAL #30963 (MILBURN),DOLLAR GENERAL (OK),DOLLAR GENERAL (OK),,Ardmore,Active,GENERAL MERCHANDISER,"$3,883.56 ",Beer/NA,(OK) Johnston
1893,DOLLAR GENERAL #19961 (GRANDFIELD),DOLLAR GENERAL (OK),DOLLAR GENERAL (OK),,Lawton,Active,GENERAL MERCHANDISER,"$3,883.30 ",Beer/NA,(OK) Tillman
11120,SNAK SHAK MILL CREEK,PITMON OIL (L),PITMON OIL (SNAK SHAK) (OK),(580) 384-5775,Ardmore,Active,C-STORE / GAS,"$3,879.88 ",Beer/NA,(OK) Johnston
11354,FILLIN STATION,BARNWATER (L),BARNWATER (OK),(580) 622-6223,Ardmore,Active,C-STORE / GAS,"$3,875.60 ",Beer/NA,(OK) Murray
2254,TAILGATER'S SPORTS BAR & GRILL - NORTH,TAILGATER'S SPORTS BAR & GRILL - NORTH,* Independent Fisher59 - TEXAS,(407) 832-8836,Denton,Active,SPORTS BAR,"$3,861.20 ",Beer/Wine,(TX) Denton
1131,JACK & GRILL,JACK & GRILL_3,* Independent Fisher59 - TEXAS,(682) 931-1177,Denton,Active,BAR / TAVERN,"$3,853.05 ",Beer/Wine,(TX) Denton
5680,ZOO TOO,THE ZOO TOO,* Independent Fisher59 - OKLAHOMA,(580) 250-1088,Lawton,Active,BAR / TAVERN,"$3,852.40 ",All (Beer/Wine/Spirits),(OK) Comanche
61580,MINIMARKET LA ESTRELLA,MINIMARKET LA ESTRELLA,* Independent Fisher59 - TEXAS,(940) 566-3405,Denton,Active,C-STORE / GAS,"$3,850.89 ",Beer/Wine,(TX) Denton
11871,DOLLAR GENERAL #3999 (LONE GROVE),DOLLAR GENERAL (OK),DOLLAR GENERAL (OK),(580) 657-6707,Ardmore,Active,GENERAL MERCHANDISER,"$3,848.69 ",Beer/NA,(OK) Carter
12145,FUEL WORLD,FUEL WORLD,* Independent Fisher59 - TEXAS,(940) 825-3479,Denton,Active,C-STORE / GAS,"$3,848.21 ",Beer/Wine,(TX) Montague
3161,UPTOWN RAIL BREWERY,UPTOWN RAIL BREWERY,* Independent Fisher59 - TEXAS,(214) 909-0841,Denton,Active,BAR / TAVERN,"$3,847.38 ",All (Beer/Wine/Spirits),(TX) Denton
1459,DOLLAR GENERAL #3197 (W GRAND AVE),DOLLAR GENERAL (OK),DOLLAR GENERAL (OK),(405) 222-3105,Lawton,Active,GENERAL MERCHANDISER,"$3,845.17 ",Beer/NA,(OK) Grady
1800,CEMENT GAS-N-GO,CEMENT GAS GO,* Independent Fisher59 - OKLAHOMA,(405) 489-3390,Lawton,Active,C-STORE / GAS,"$3,842.52 ",Beer/NA,(OK) Caddo
2393,WINSTAR LE FLEUR,CHICKASAW NATION (L),CHICKASAW NATION (OK),(580) 238-9246,Ardmore,Active,NON BEER OFF PREMISE,"$3,837.51 ",Non Alcohol Only,(OK) Love
1291,LOVE'S TRAVEL STOP #662 (QUANAH),LOVES (D),LOVES (TX),(405) 463-8891,Wichita Falls,Active,C-STORE / GAS,"$3,835.93 ",Beer/Wine,(TX) Hardeman
2219,GASQUATCH,"GASQUATCH, LLC",* Independent Fisher59 - OKLAHOMA,(972) 345-9604,EAST,Active,C-STORE / GAS,"$3,830.02 ",Beer/Wine,(OK) McCurtain
10020,SNAK SHAK INTERSTATE,PITMON OIL (L),PITMON OIL (SNAK SHAK) (OK),(580) 369-2992,Ardmore,Active,C-STORE / GAS,"$3,828.16 ",Beer/NA,(OK) Murray
2999,FAMILY DOLLAR #13778,FAMILY DOLLAR (TX),FAMILY DOLLAR (TX),,Denton,Active,GENERAL MERCHANDISER,"$3,812.39 ",Beer/Wine,(TX) Cooke
1034,TRAILS OF FRISCO,TRAILS OF FRISCO,* Independent Fisher59 - TEXAS,,Denton,Active,GOLF / COUNTRY CLUB,"$3,807.33 ",Beer/Wine,(TX) Denton
1530,JOE DAN'S SALOON & DANCE HALL,JOE DANS SALOON DANCE,* Independent Fisher59 - OKLAHOMA,(580) 713-9329,Lawton,Active,BAR / TAVERN,"$3,800.48 ",All (Beer/Wine/Spirits),(OK) Jackson
1700,SOUTHSIDE LIQUOR,SOUTHSIDE LIQUOR,* Independent Fisher59 - OKLAHOMA,(580) 786-5500,Lawton,Active,LIQUOR / PACKAGE STORE,"$3,793.20 ",All (Beer/Wine/Spirits),(OK) Stephens
6982,LOS TRES AMIGOS (CACHE RD),LOS TRES AMIGOS WEST SIDE,* Independent Fisher59 - OKLAHOMA,(580) 353-3380,Lawton,Active,RESTAURANT,"$3,788.37 ",All (Beer/Wine/Spirits),(OK) Comanche
6155,STAR CLUB,STAR CLUB,* Independent Fisher59 - OKLAHOMA,(580) 255-1200,Lawton,Active,BAR / TAVERN,"$3,780.20 ",All (Beer/Wine/Spirits),(OK) Stephens
3756,OXXO #51214 (GRANT),SOUTHWEST CONVENIENCE STORES (WF),SOUTHWEST CONVENIENCE STORES (TX),(940) 322-2374,Wichita Falls,Active,C-STORE / GAS,"$3,778.98 ",Beer/Wine,"(TX) Archer, Baylor, Wichita, Wilbarger"
5256,EXXON TWO (I-44),EXXON TWO (I-44),* Independent Fisher59 - TEXAS,(940) 855-2335,Wichita Falls,Active,C-STORE / GAS,"$3,771.09 ",Beer/Wine,"(TX) Archer, Baylor, Wichita, Wilbarger"
4587,SS SMOKE SHOP,SS SMOKE SHOP,* Independent Fisher59 - TEXAS,(940) 552-2228,Wichita Falls,Active,C-STORE / GAS,"$3,764.81 ",Beer/Wine,"(TX) Archer, Baylor, Wichita, Wilbarger"
1469,DOLLAR GENERAL #533,DOLLAR GENERAL (OK),DOLLAR GENERAL (OK),(580) 477-3795,Lawton,Active,GENERAL MERCHANDISER,"$3,760.71 ",Beer/NA,(OK) Jackson
25809,BEVERLY LIQUOR,BEVERLY LIQUOR,* Independent Fisher59 - TEXAS,(940) 855-3251,Wichita Falls,Active,LIQUOR / PACKAGE STORE,"$3,758.53 ",All (Beer/Wine/Spirits),"(TX) Archer, Baylor, Wichita, Wilbarger"
1750,ALLSUPS #102309 (SOUTH-SEYMOUR),YESWAY (D),YESWAY (TX),(940) 888-5692,Wichita Falls,Active,C-STORE / GAS,"$3,756.68 ",Beer/Wine,"(TX) Archer, Baylor, Wichita, Wilbarger"
3296,MAC'S #11,MAC'S #11,* Independent Fisher59 - OKLAHOMA,(813) 453-5295,Lawton,Active,C-STORE / GAS,"$3,753.74 ",Beer/Wine,(OK) Jackson
31111,TEXAS ROADHOUSE - WF,TEXAS ROADHOUSE (D),TEXAS ROADHOUSE (TX),(940) 687-7427,Wichita Falls,Active,RESTAURANT,"$3,747.90 ",Beer/Wine,"(TX) Archer, Baylor, Wichita, Wilbarger"
718,IOWA HOP IN,HOP IN IOWA PARK,* Independent Fisher59 - TEXAS,(940) 213-5005,Wichita Falls,Active,C-STORE / GAS,"$3,737.06 ",Beer/Wine,"(TX) Archer, Baylor, Wichita, Wilbarger"
19448,OXXO #51204 (NORTHBOUND),SOUTHWEST CONVENIENCE STORES (WF),SOUTHWEST CONVENIENCE STORES (TX),(940) 766-3848,Wichita Falls,Active,C-STORE / GAS,"$3,736.73 ",Beer/Wine,"(TX) Archer, Baylor, Wichita, Wilbarger"
12860,SUPERMART,BARNWATER (L),BARNWATER (OK),(580) 622-6008,Ardmore,Active,C-STORE / GAS,"$3,730.60 ",Beer/NA,(OK) Murray
594,DOLLAR GENERAL #18840 (BURK),DOLLAR GENERAL (DEN),DOLLAR GENERAL (TX),(940) 569-2503,Wichita Falls,Active,GENERAL MERCHANDISER,"$3,728.87 ",Beer/Wine,"(TX) Archer, Baylor, Wichita, Wilbarger"
3357,DOLLAR GENERAL #31080 (304 W MAIN),DOLLAR GENERAL (OK),DOLLAR GENERAL (OK),,Lawton,Active,GENERAL MERCHANDISER,"$3,726.35 ",Beer/NA,(OK) Stephens
57869,BIG DIAMOND #1201,DFW OIL & ENERGY (D),DFW OIL & ENERGY (TX),(972) 539-2236,Denton,Active,C-STORE / GAS,"$3,721.21 ",Beer/Wine,(TX) Denton
3207,LADY HOGS,LADY HOGS,* Independent Fisher59 - OKLAHOMA,(405) 854-7650,Lawton,Active,RESTAURANT,"$3,718.07 ",All (Beer/Wine/Spirits),(OK) Grady
3371,DOLLAR GENERAL #31526 (MARIETTA),DOLLAR GENERAL (OK),DOLLAR GENERAL (OK),,Ardmore,Active,GENERAL MERCHANDISER,"$3,715.86 ",Beer/NA,(OK) Love
1340,BRONCO TRUCK STOP,IBC Group-COD (L),* Independent Fisher59 - OKLAHOMA,(817) 822-1842,Lawton,Active,C-STORE / GAS,"$3,703.62 ",Beer/NA,(OK) Grady
53553,EBB TIDE SPORTS BAR,EBB TIDE SPORTS BAR,* Independent Fisher59 - TEXAS,(940) 580-3060,Denton,Active,RESTAURANT,"$3,701.80 ",Beer/Wine,(TX) Cooke
11866,DOLLAR GENERAL #3506 (N. WASHINGTON),DOLLAR GENERAL (OK),DOLLAR GENERAL (OK),(580) 226-1421,Ardmore,Active,GENERAL MERCHANDISER,"$3,697.30 ",Beer/NA,(OK) Carter
49281,YESWAY #1168 (IOWA PARK),YESWAY (D),YESWAY (TX),(940) 592-5607,Wichita Falls,Active,C-STORE / GAS,"$3,697.24 ",Beer/Wine,"(TX) Archer, Baylor, Wichita, Wilbarger"
13045,ZOOM ZOOM #5 (EASTSIDE),ZOOM ZOOM #5 (EASTSIDE),* Independent Fisher59 - TEXAS,(940) 761-1116,Wichita Falls,Active,C-STORE / GAS,"$3,695.66 ",Beer/Wine,"(TX) Archer, Baylor, Wichita, Wilbarger"
2688,RED DIRT RELOADED BAR & GRILL,RDR ENTERTAINMENT LLC,* Independent Fisher59 - OKLAHOMA,(580) 351-4430,Lawton,Active,BAR / TAVERN,"$3,695.00 ",All (Beer/Wine/Spirits),(OK) Comanche
1735,COWTOWN,COWTOWN,* Independent Fisher59 - TEXAS,(817) 466-8007,Wichita Falls,Active,C-STORE / GAS,"$3,679.99 ",Beer/Wine,"(TX) Archer, Baylor, Wichita, Wilbarger"
26548,OODLES SUPERMART (ARCHER CITY),OODLES SUPERMART (ARCHER CITY),* Independent Fisher59 - TEXAS,(940) 574-4543,Wichita Falls,Active,C-STORE / GAS,"$3,679.33 ",Beer/Wine,"(TX) Archer, Baylor, Wichita, Wilbarger"
5820,FALCON EXPRESS,FALCON EXPRESS,* Independent Fisher59 - OKLAHOMA,(580) 730-0793,Lawton,Active,C-STORE / GAS,"$3,653.33 ",Beer/NA,(OK) Jackson
2125,NAPOLIS 18,NAPOLIS 18,* Independent Fisher59 - OKLAHOMA,(405) 640-0706,Lawton,Active,C-STORE / GAS,"$3,651.29 ",Beer/NA,(OK) Stephens
10088,KINGSTON CORNER MARKET,TOWN COUNTRY,* Independent Fisher59 - OKLAHOMA,(580) 564-2380,Ardmore,Active,C-STORE / GAS,"$3,646.20 ",Beer/NA,(OK) Marshall East (East of 377)
40949,BURKE'S,BURKES CONVENIENCE STORE,* Independent Fisher59 - OKLAHOMA,(580) 584-9707,EAST,Active,C-STORE / GAS,"$3,645.68 ",Beer/NA,(OK) McCurtain
60905,V.F.W. CLUB #2205 - SUNSET,V.F.W. CLUB #2205 - SUNSET,* Independent Fisher59 - TEXAS,,Denton,Active,PRIVATE CLUB,"$3,643.61 ",Beer/Wine,(TX) Denton
61127,J.R. POCKETS,J.R. POCKETS,* Independent Fisher59 - TEXAS,(940) 383-3573,Denton,Active,BAR / TAVERN,"$3,627.40 ",Beer/Wine,(TX) Denton
532,ROOSTERS,ROOSTERS,* Independent Fisher59 - OKLAHOMA,(580) 699-5991,Lawton,Active,BAR / TAVERN,"$3,627.27 ",All (Beer/Wine/Spirits),(OK) Comanche
40961,TRAVEL PLAZA #635 - BROKEN BOW,CHOCTAW NATION (L),CHOCTAW TRAVEL PLAZA (OK),(580) 584-5528,EAST,Active,C-STORE / GAS,"$3,625.21 ",Beer/Wine,(OK) McCurtain
2098,CHISHOLM CORNER OK #19,DIAMOND JUBILEE OIL LLC (OK),* Independent Fisher59 - OKLAHOMA,(580) 255-6021,Lawton,Active,C-STORE / GAS,"$3,612.75 ",Beer/Wine,(OK) Stephens
1608,CHICKASHA BOWLING CENTER,CHICKASHA BOWLING CENTER,* Independent Fisher59 - OKLAHOMA,(405) 222-9311,Lawton,Active,BOWLING CENTER,"$3,611.78 ",All (Beer/Wine/Spirits),(OK) Grady
62571,MUTHERS - THE GARAGE,MUTHERS - THE GARAGE,* Independent Fisher59 - TEXAS,(940) 383-0045,Denton,Active,BAR / TAVERN,"$3,611.60 ",Beer/Wine,(TX) Denton
2799,CROSSROADS LIQUOR,CROSSROADS LIQUOR,* Independent Fisher59 - TEXAS,(410) 259-8837,Denton,Active,LIQUOR / PACKAGE STORE,"$3,610.70 ",All (Beer/Wine/Spirits),(TX) Cooke
1748,FORT SILL APACHE MARKET,APACHE MARKET,FT SILL APACHE C-STORE (OK),,Lawton,Active,C-STORE / GAS,"$3,609.61 ",Beer/NA,(OK) Caddo
1458,DOLLAR GENERAL #24280 (KANSAS AVE),DOLLAR GENERAL (OK),DOLLAR GENERAL (OK),(405) 224-2361,Lawton,Active,GENERAL MERCHANDISER,"$3,588.42 ",Beer/NA,(OK) Grady
1731,LONE GROVE LIQUOR,LONE GROVE LIQUOR,* Independent Fisher59 - OKLAHOMA,(580) 657-3954,Ardmore,Active,LIQUOR / PACKAGE STORE,"$3,586.11 ",All (Beer/Wine/Spirits),(OK) Carter
1269,IMPERIAL ALE & SPIRITS - SANGER,IMPERIAL ALE & SPIRITS - SANGER,* Independent Fisher59 - TEXAS,,Denton,Active,LIQUOR / PACKAGE STORE,"$3,580.36 ",All (Beer/Wine/Spirits),(TX) Denton
1106,DOLLAR GENERAL #3459 (THE COLONY),DOLLAR GENERAL (DEN),DOLLAR GENERAL (TX),(940) 536-4500,Denton,Active,GENERAL MERCHANDISER,"$3,568.99 ",Beer/Wine,(TX) Denton
46672,BUFFALO WILD WINGS - LEWIS,BUFFALO WILD WIN (D),BUFFALO WILD WINGS (TX),(214) 488-3700,Denton,Active,RESTAURANT,"$3,565.80 ",Beer/Wine,(TX) Denton
2123,BELLEVUE MART,BELLEVUE MART,* Independent Fisher59 - TEXAS,,Denton,Active,C-STORE / GAS,"$3,563.40 ",Beer/Wine,(TX) Clay
41045,IDABEL TRAVEL PLAZA,CHOCTAW NATION (L),CHOCTAW TRAVEL PLAZA (OK),(580) 286-2596,EAST,Active,C-STORE / GAS,"$3,563.03 ",Beer/Wine,(OK) McCurtain
11960,E-Z MART #4222(RAVIA),GPM SOUTHEAST (L),GPM SOUTHEAST (E-Z MART) (OK),(580) 371-9112,Ardmore,Active,C-STORE / GAS,"$3,553.47 ",Beer/Wine,(OK) Johnston
49236,WING DADDY'S,WING DADDY'S,* Independent Fisher59 - TEXAS,(915) 525-7761,Denton,Active,RESTAURANT,"$3,550.10 ",Beer/Wine,(TX) Denton
49349,LOVE'S TRAVEL STOP #648,LOVES (LAW),LOVES (OK),,EAST,Active,C-STORE / GAS,"$3,550.07 ",Beer/Wine,(OK) McCurtain
1630,A & A FOODS #2,A & A #II,* Independent Fisher59 - OKLAHOMA,(580) 355-5269,Lawton,Active,C-STORE / GAS,"$3,548.66 ",Beer/NA,(OK) Comanche
1987,IDABEL DISCOUNT LIQUOR,IDABEL DISCOUNT LIQUOR,* Independent Fisher59 - OKLAHOMA,(832) 702-6110,EAST,Active,LIQUOR / PACKAGE STORE,"$3,543.00 ",All (Beer/Wine/Spirits),(OK) McCurtain
661,DOLLAR GENERAL #14018 (ELMORE CITY),DOLLAR GENERAL (OK),DOLLAR GENERAL (OK),,Ardmore,Active,GENERAL MERCHANDISER,"$3,539.80 ",Beer/NA,(OK) Garvin
2054,FAMILY DOLLAR #1276 (MARIETA),FAMILY DOLLAR (OK),FAMILY DOLLAR (OK),,Ardmore,Active,GENERAL MERCHANDISER,"$3,531.14 ",Beer/Wine,(OK) Love
10002,FOSTER QUICK STOP,FOSTER GENERAL STORE,* Independent Fisher59 - OKLAHOMA,,Lawton,Active,C-STORE / GAS,"$3,527.73 ",Beer/NA,(OK) Garvin
3006,ALLSUPS #102273 (HOLLIDAY),YESWAY (D),YESWAY (TX),,Wichita Falls,Active,C-STORE / GAS,"$3,523.16 ",Beer/Wine,"(TX) Archer, Baylor, Wichita, Wilbarger"
682,PRUETT'S FOODS - ANTLERS,PRUETT'S FOOD (L),PRUETT'S FOOD (OK),(580) 298-5577,EAST,Active,NEIGHBORHOOD GROC.,"$3,513.09 ",Non Alcohol Only,(OK) Pushmataha
6916,SUPER STOP,SUPER STOP,* Independent Fisher59 - TEXAS,(940) 889-2819,Wichita Falls,Active,C-STORE / GAS,"$3,511.54 ",Repeal No Malt Beer,"(TX) Archer, Baylor, Wichita, Wilbarger"
3011,APACHE LONE STAR BAR,APACHE LONE STAR BAR,* Independent Fisher59 - OKLAHOMA,(816) 914-3814,Lawton,Active,CASINO / GAMING,"$3,508.92 ",All (Beer/Wine/Spirits),(OK) Cotton
340,DADDY RABBIT'S PUB,DADDY RABBIT'S PUB,* Independent Fisher59 - TEXAS,(972) 315-8080,Denton,Active,BAR / TAVERN,"$3,504.80 ",Beer/Wine,(TX) Denton
6983,LOS TRES AMIGOS (GORE BLVD),LOS TRES AMIGOS II,* Independent Fisher59 - OKLAHOMA,(580) 250-0027,Lawton,Active,RESTAURANT,"$3,504.16 ",All (Beer/Wine/Spirits),(OK) Comanche
13500,REDSKINS STOP AND GO,CIRCLEG,* Independent Fisher59 - OKLAHOMA,(580) 564-4533,Ardmore,Active,C-STORE / GAS,"$3,503.92 ",Beer/NA,(OK) Marshall East (East of 377)
3254,PINSTACK,PINSTACK,* Independent Fisher59 - TEXAS,(214) 414-4412,Denton,Active,BOWLING CENTER,"$3,491.75 ",Beer/Wine,(TX) Denton
588,QUICK STOP (HENRIETTA),QUICK STOP (HENRIETTA),* Independent Fisher59 - TEXAS,(940) 538-4358,Wichita Falls,Active,C-STORE / GAS,"$3,483.75 ",Beer/Wine,(TX) Clay
628,ROOSTER'S ROADHOUSE DECATUR,ROOSTER'S ROADHOUSE DECATUR,* Independent Fisher59 - TEXAS,(940) 382-4227,Denton,Active,RESTAURANT,"$3,482.90 ",Beer/Wine,(TX) Wise
2314,LAKESIDE MINI-MART,LAKESIDE MINI-MART,* Independent Fisher59 - OKLAHOMA,,Lawton,Active,C-STORE / GAS,"$3,469.16 ",Beer/NA,(OK) Jefferson
2145,DJ'S BAIT SHOP,DJ'S BAIT SHOP,* Independent Fisher59 - OKLAHOMA,(580) 588-2121,Lawton,Active,BAR / TAVERN,"$3,459.03 ",Beer/Wine,(OK) Comanche
49307,PORTILLOS MEXICAN ARDMORE,POTRILLOS MEXICAN RESTAURANT,* Independent Fisher59 - OKLAHOMA,(580) 490-9000,Ardmore,Active,RESTAURANT,"$3,442.87 ",All (Beer/Wine/Spirits),(OK) Carter
1880,CHISHOLM CORNER OK #17,DIAMOND JUBILEE OIL LLC (OK),* Independent Fisher59 - OKLAHOMA,,Lawton,Active,C-STORE / GAS,"$3,435.34 ",Beer/Wine,(OK) Stephens
3304,CHICKASHA SPIRITS,CHICKASHA SPIRITS,* Independent Fisher59 - OKLAHOMA,(405) 320-3950,Lawton,Active,LIQUOR / PACKAGE STORE,"$3,434.94 ",All (Beer/Wine/Spirits),(OK) Grady
5729,DOUBLE D'S ONE STOP (BURK),DOUBLE D'S ONE STOP (BURK),* Independent Fisher59 - TEXAS,(940) 569-3821,Wichita Falls,Active,C-STORE / GAS,"$3,415.16 ",Beer/Wine,"(TX) Archer, Baylor, Wichita, Wilbarger"
40628,WAL-MART STORE #232 (ATOKA),WAL-MART (LAW),WAL-MART (OK),(580) 889-6676,EAST,Active,NEIGHBORHOOD GROC.,"$3,395.66 ",Beer/Wine,(OK) Atoka
1996,GO BOOZE,GO BOOZE,GO BOOZE (TX),(972) 215-6859,Denton,Active,C-STORE / GAS,"$3,395.49 ",Beer/Wine,(TX) Denton
50823,LAKE PARK GOLF COURSE,LAKE PARK GOLF COURSE,ARCIS GOLF (TX),(972) 219-5661,Denton,Active,GOLF / COUNTRY CLUB,"$3,391.48 ",Beer/Wine,(TX) Denton
2635,BOOTLEGGERS SUBS,BOOTLEGGERS SUBS,* Independent Fisher59 - OKLAHOMA,(505) 506-7251,Lawton,Active,RESTAURANT,"$3,380.30 ",All (Beer/Wine/Spirits),(OK) Comanche
47241,LEWISVILLE CHEVRON,LEWISVILLE CHEVRON,* Independent Fisher59 - TEXAS,(972) 436-0923,Denton,Active,C-STORE / GAS,"$3,378.19 ",Beer/Wine,(TX) Denton
11771,RIVER CREEK PARK GOLF COURSE,RIVER CREEK PARK GOLF COURSE,* Independent Fisher59 - TEXAS,(940) 855-3361,Wichita Falls,Active,GOLF / COUNTRY CLUB,"$3,374.80 ",Beer/Wine,"(TX) Archer, Baylor, Wichita, Wilbarger"
1222,BRICKTOWN TAP HOUSE & KITCHEN,BRICKTOWN TAP HOUSE & KITCHEN,* Independent Fisher59 - TEXAS,(940) 228-7501,Wichita Falls,Active,RESTAURANT,"$3,374.55 ",Beer/Wine,"(TX) Archer, Baylor, Wichita, Wilbarger"
748,DOLLAR GENERAL #4215 (G'VILLE),DOLLAR GENERAL (DEN),DOLLAR GENERAL (TX),(817) 900-8265,Denton,Active,GENERAL MERCHANDISER,"$3,368.38 ",Beer/Wine,(TX) Cooke
1483,DOLLAR GENERAL #8001 (WAURIKA),DOLLAR GENERAL (OK),DOLLAR GENERAL (OK),(580) 228-2411,Lawton,Active,GENERAL MERCHANDISER,"$3,364.86 ",Beer/NA,(OK) Jefferson
2972,FUBAR SALOON,FUBAR SALOON,* Independent Fisher59 - OKLAHOMA,(580) 699-3550,Lawton,Active,BAR / TAVERN,"$3,360.73 ",All (Beer/Wine/Spirits),(OK) Comanche
1992,VINTAGE HOUSE,VINTAGE HOUSE,* Independent Fisher59 - OKLAHOMA,(580) 584-6653,Ardmore,Active,LIQUOR / PACKAGE STORE,"$3,357.55 ",All (Beer/Wine/Spirits),(OK) McCurtain
11008,SMILEYS QUICK STOP,SMILEY'S QUICKSTOP,* Independent Fisher59 - OKLAHOMA,1 (405) 449-7024,Ardmore,Active,C-STORE / GAS,"$3,345.42 ",Beer/NA,(OK) McClain
935,BOOZE N BUDS,BOOZE N BUDS,* Independent Fisher59 - OKLAHOMA,(580) 447-4371,Ardmore,Active,C-STORE / GAS,"$3,337.21 ",Beer/NA,(OK) Love
1890,BUFFALO WILD WINGS - FTW,BUFFALO WILD WIN (D),BUFFALO WILD WINGS (TX),,Denton,Active,RESTAURANT,"$3,330.70 ",Beer/Wine,(TX) Denton
114,GOAT'S ARENA SPORTS BAR (UNIVERSITY),GOAT'S ARENA SPORTS BAR (UNIVERSITY),* Independent Fisher59 - TEXAS,(952) 258-9468,Denton,Active,BAR / TAVERN,"$3,325.35 ",Beer/Wine,(TX) Denton
3135,DOLLAR GENERAL #30595 (OAKLAND),DOLLAR GENERAL (OK),DOLLAR GENERAL (OK),,Ardmore,Active,GENERAL MERCHANDISER,"$3,314.97 ",Beer/NA,(OK) Marshall West (377 & west)
608,DOLLAR GENERAL #30638 (5TH),DOLLAR GENERAL (DEN),DOLLAR GENERAL (TX),(940) 766-3524,Wichita Falls,Active,GENERAL MERCHANDISER,"$3,314.44 ",Beer/Wine,"(TX) Archer, Baylor, Wichita, Wilbarger"
413,NORTH SIDE GRILL,PARKWAY GRILL AND SPORTS BAR #2,* Independent Fisher59 - TEXAS,(940) 687-2457,Wichita Falls,Active,RESTAURANT,"$3,311.15 ",Beer/Wine,"(TX) Archer, Baylor, Wichita, Wilbarger"
2457,FLYING J TRAVEL PLAZA #741,FLYING J TRAVEL PLAZA #741,FLYING J/PILOT TRAVEL CENTERS (TX),(940) 720-0598,Wichita Falls,Active,C-STORE / GAS,"$3,310.09 ",Beer/Wine,"(TX) Archer, Baylor, Wichita, Wilbarger"
48884,HWY 82 FOOD MART (MUENSTER),HWY 82 FOOD MART,* Independent Fisher59 - TEXAS,,Denton,Active,C-STORE / GAS,"$3,302.66 ",Beer/Wine,(TX) Cooke
2029,DOLLAR GENERAL #20336 (S. COMMERCE ST),DOLLAR GENERAL (OK),DOLLAR GENERAL (OK),,Ardmore,Active,GENERAL MERCHANDISER,"$3,299.37 ",Beer/NA,(OK) Carter
49231,JETT DISTRIBUTING_2,JETT DISTRIBUTING_2,* Independent Fisher59 - OKLAHOMA,(580) 323-1333,Lawton,Active,SUB-DISTRIBUTOR,"$3,298.44 ",Beer/Wine,(OK) Lawton Regular Transfers
1473,DOLLAR GENERAL #294 (S. 9TH ST.),DOLLAR GENERAL (OK),DOLLAR GENERAL (OK),(580) 252-7396,Lawton,Active,GENERAL MERCHANDISER,"$3,296.20 ",Beer/NA,(OK) Stephens
1048,TUPELO TRAVEL STOP,TUPELO TRAVEL STOP,* Independent Fisher59 - OKLAHOMA,(580) 845-2360,EAST,Active,C-STORE / GAS,"$3,294.00 ",Beer/NA,(OK) Coal
53868,GEORGES LIQUOR,GEORGES LIQUOR,* Independent Fisher59 - TEXAS,(940) 665-1810,Denton,Active,LIQUOR / PACKAGE STORE,"$3,288.93 ",All (Beer/Wine/Spirits),(TX) Cooke
1557,BINGO LIQUOR,BINGO LIQUOR,* Independent Fisher59 - OKLAHOMA,(580) 390-4758,Ardmore,Active,LIQUOR / PACKAGE STORE,"$3,284.70 ",All (Beer/Wine/Spirits),(OK) Carter
2331,NICE ICE BABY LLC (MED. PK),NICE ICE BABY LLC (MED. PK),* Independent Fisher59 - OKLAHOMA,(580) 512-0240,Lawton,Active,BAR / TAVERN,"$3,272.26 ",All (Beer/Wine/Spirits),(OK) Comanche
47092,HANS GAS STATION,HANS GAS STATION,* Independent Fisher59 - TEXAS,(972) 395-0947,Denton,Active,C-STORE / GAS,"$3,267.31 ",Beer/Wine,(TX) Denton
2257,CVS #11133,CVS (D),CVS (TX),,Denton,Active,DRUG STORE,"$3,267.29 ",Beer/Wine,(TX) Denton
54570,THE GOAT TAVERN,THE GOAT TAVERN,* Independent Fisher59 - TEXAS,(214) 226-9697,Denton,Active,BAR / TAVERN,"$3,263.15 ",Beer/Wine,(TX) Denton
12250,MJ 7 STAR HANDY SHOP,HANDY SHOP MANGALS,* Independent Fisher59 - OKLAHOMA,(580) 371-2633,Ardmore,Active,C-STORE / GAS,"$3,262.99 ",Beer/NA,(OK) Johnston
13660,SUPER C MART,SUPER C MART,* Independent Fisher59 - OKLAHOMA,(580) 223-1841,Ardmore,Active,NEIGHBORHOOD GROC.,"$3,258.21 ",Beer/Wine,(OK) Marshall East (East of 377)
1629,DOLLAR GENERAL #18368 (BLAIR),DOLLAR GENERAL (OK),DOLLAR GENERAL (OK),,Lawton,Active,GENERAL MERCHANDISER,"$3,254.72 ",Beer/NA,(OK) Jackson
45609,AMF LEWISVILLE,AMF BOWLING (D),AMF BOWLING (TX),(972) 436-6575,Denton,Active,BOWLING CENTER,"$3,246.85 ",Beer/Wine,(TX) Denton
602,DOLLAR GENERAL #24898 (ALBERTSONS PLAZA),DOLLAR GENERAL (DEN),DOLLAR GENERAL (TX),(940) 696-9963,Wichita Falls,Active,GENERAL MERCHANDISER,"$3,241.39 ",Beer/Wine,"(TX) Archer, Baylor, Wichita, Wilbarger"
383,LOWE'S #168 - ALVORD,Lowe's (D),LOWE'S MARKET (TX-D),(940) 627-6438,Denton,Active,SUPERMARKET,"$3,240.10 ",Beer/Wine,(TX) Wise
2492,SOUTHWEST SHOP,SOUTHWEST SHOP,* Independent Fisher59 - TEXAS,(718) 790-2760,Wichita Falls,Active,LIQUOR / PACKAGE STORE,"$3,226.29 ",All (Beer/Wine/Spirits),"(TX) Archer, Baylor, Wichita, Wilbarger"
2329,PK SUPPLIERS,PK SUPPLIERS,* Independent Fisher59 - TEXAS,(847) 322-3284,Denton,Active,LIQUOR / PACKAGE STORE,"$3,219.28 ",All (Beer/Wine/Spirits),(TX) Denton
58792,OAKMONT COUNTRY CLUB,CLUB CORP (D),CLUB CORP (TX),,Denton,Active,GOLF / COUNTRY CLUB,"$3,212.66 ",Beer/Wine,(TX) Denton
12930,MAYSVILLE GAS N GO,MAYSVILLE GAS GO,* Independent Fisher59 - OKLAHOMA,(405) 867-5865,Ardmore,Active,C-STORE / GAS,"$3,210.44 ",Beer/NA,(OK) Garvin
48561,ESKIMO HUT - DENTON,ESKIMO HUT_2,* Independent Fisher59 - TEXAS,(214) 498-2926,Denton,Active,C-STORE / GAS,"$3,210.43 ",Beer/Wine,(TX) Denton
2720,PORTER HILL BAIT SHOP,PORTER HILL BAIT & BAR,* Independent Fisher59 - OKLAHOMA,(580) 704-9632,Lawton,Active,BAR / TAVERN,"$3,206.20 ",Beer/Wine,(OK) Comanche
2114,FAMILY DOLLAR #11004 (WAYNE),FAMILY DOLLAR (OK),FAMILY DOLLAR (OK),,Ardmore,Active,GENERAL MERCHANDISER,"$3,204.63 ",Beer/Wine,(OK) McClain
49287,DOLLAR GENERAL #16156 (FLETCHER),DOLLAR GENERAL (OK),DOLLAR GENERAL (OK),,Lawton,Active,GENERAL MERCHANDISER,"$3,204.05 ",Beer/NA,(OK) Comanche
3495,TOP HAT LIQUOR,TOP HAT LIQUOR,* Independent Fisher59 - TEXAS,(940) 495-4449,Wichita Falls,Active,LIQUOR / PACKAGE STORE,"$3,202.97 ",All (Beer/Wine/Spirits),"(TX) Archer, Baylor, Wichita, Wilbarger"
1206,SOUTHWEST CORNER STORE,FOIX ENTERPRISE,* Independent Fisher59 - TEXAS,(940) 692-4741,Wichita Falls,Active,C-STORE / GAS,"$3,201.41 ",Beer/Wine,"(TX) Archer, Baylor, Wichita, Wilbarger"
929,BUSHNELL CORNER,IBC Group-COD (L),* Independent Fisher59 - OKLAHOMA,(580) 916-2736,Ardmore,Active,C-STORE / GAS,"$3,199.73 ",Beer/NA,(OK) Bryan
2301,DOLLAR GENERAL #22331 (W. BEECH AVE),DOLLAR GENERAL (OK),DOLLAR GENERAL (OK),,Lawton,Active,GENERAL MERCHANDISER,"$3,193.48 ",Beer/NA,(OK) Stephens
40685,CADDO SUPERETTE,CADDO SUPERETTE,* Independent Fisher59 - OKLAHOMA,(580) 367-2278,Ardmore,Active,C-STORE / GAS,"$3,193.11 ",Beer/Wine,(OK) Bryan
56358,YOGI'S #2,YOGI'S #2,* Independent Fisher59 - TEXAS,(940) 627-7878,Denton,Active,C-STORE / GAS,"$3,186.93 ",Beer/Wine,(TX) Wise
58057,POINT AFTER (NORTH),POINT AFTER (NORTH),* Independent Fisher59 - TEXAS,(972) 539-1717,Denton,Active,BAR / TAVERN,"$3,183.70 ",Beer/Wine,(TX) Denton
17,LA FIESTA,LA FIESTA,* Independent Fisher59 - OKLAHOMA,(405) 222-3355,Lawton,Active,RESTAURANT,"$3,182.00 ",All (Beer/Wine/Spirits),(OK) Grady
37937,PLAYERS LOUNGE,PLAYERS LOUNGE,* Independent Fisher59 - TEXAS,(940) 613-0137,Wichita Falls,Active,BAR / TAVERN,"$3,178.60 ",Beer/Wine,"(TX) Archer, Baylor, Wichita, Wilbarger"
7062,FAST EDDYS RACK DADDYS,FAST EDDYS RACK DADDYS,* Independent Fisher59 - TEXAS,(940) 767-0246,Wichita Falls,Active,SPORTS BAR,"$3,171.35 ",Beer/Wine,"(TX) Archer, Baylor, Wichita, Wilbarger"
40757,RISE N SHINE,RISE N SHINE,* Independent Fisher59 - OKLAHOMA,(682) 252-8401,Ardmore,Active,C-STORE / GAS,"$3,170.45 ",Beer/Wine,(OK) Bryan
1474,DOLLAR GENERAL #3175 (N. HWY 81),DOLLAR GENERAL (OK),DOLLAR GENERAL (OK),(580) 252-2601,Lawton,Active,GENERAL MERCHANDISER,"$3,167.10 ",Beer/NA,(OK) Stephens
309,AW SHUCKS-LEWISVILLE,AW SHUCKS,* Independent Fisher59 - TEXAS,(972) 436-2520,Denton,Active,RESTAURANT,"$3,166.23 ",Beer/Wine,(TX) Denton
3028,DOLLAR GENERAL #24657 (HOLLIDAY),DOLLAR GENERAL (DEN),DOLLAR GENERAL (TX),,Wichita Falls,Active,GENERAL MERCHANDISER,"$3,155.62 ",Beer/Wine,"(TX) Archer, Baylor, Wichita, Wilbarger"
1292,DOLLAR SAVER #8,DOLLAR SAVER #8,* Independent Fisher59 - TEXAS,(817) 715-4553,Wichita Falls,Active,C-STORE / GAS,"$3,151.76 ",Beer/Wine,"(TX) Archer, Baylor, Wichita, Wilbarger"
40688,CADDO SHORT STOP,CADDO SHORT STOP,* Independent Fisher59 - OKLAHOMA,(646) 238-5739,Ardmore,Active,C-STORE / GAS,"$3,151.68 ",Beer/Wine,(OK) Bryan
1816,SOUTHERN COMFORT LIQUOR,SOUTHERN COMFORT LIQUOR,* Independent Fisher59 - OKLAHOMA,(580) 759-0041,Ardmore,Active,LIQUOR / PACKAGE STORE,"$3,148.88 ",All (Beer/Wine/Spirits),(OK) Garvin
4380,ONE STOP FOOD MART - CYRIL,ONE STOP FOOD MART - CYRIL,* Independent Fisher59 - OKLAHOMA,(856) 725-7070,Lawton,Active,C-STORE / GAS,"$3,120.77 ",Beer/NA,(OK) Caddo
964,PAULS VALLEY TOBACCO STORE,CHICKASAW NATION DIV OF COMMERCE (L),CHICKASAW NATION DIV OF COMMERCE (OK),(580) 276-0447,Ardmore,Active,C-STORE / GAS,"$3,115.63 ",Beer/Wine,(OK) Garvin
894,E-Z MART #4457(HWY 259 BROKEN BOW),GPM SOUTHEAST (L),GPM SOUTHEAST (E-Z MART) (OK),(580) 494-6097,EAST,Active,C-STORE / GAS,"$3,114.74 ",Beer/Wine,(OK) McCurtain
5310,ACES & EIGHTS,ACES & EIGHTS,* Independent Fisher59 - OKLAHOMA,(580) 248-5386,Lawton,Active,BAR / TAVERN,"$3,104.35 ",All (Beer/Wine/Spirits),(OK) Comanche
59410,BOOMERJACK WINGS #8,BOOMER JACK WINGS,BOOMERJACK'S/ON DECK CONCEPTS (TX),(940) 566-9464,Denton,Active,RESTAURANT,"$3,100.10 ",Beer/Wine,(TX) Denton
2202,BROAD STREET BILLARDS,BROAD STREET BILLARDS,* Independent Fisher59 - TEXAS,(940) 642-3447,Wichita Falls,Active,RESTAURANT,"$3,097.15 ",Beer/Wine,"(TX) Archer, Baylor, Wichita, Wilbarger"
1747,RED RIVER STATION BBQ,RED RIVER STATION BBQ,* Independent Fisher59 - TEXAS,(940) 995-2294,Denton,Active,RESTAURANT,"$3,094.90 ",Beer/Wine,(TX) Montague
1670,PILOT TRAVEL CENTER #1140,PILOT TRAVEL CENTER #1140,FLYING J/PILOT TRAVEL CENTERS (TX),,Denton,Active,C-STORE / GAS,"$3,094.85 ",Beer/Wine,(TX) Wise
1484,DOLLAR GENERAL #9475 (CYRIL),DOLLAR GENERAL (OK),DOLLAR GENERAL (OK),(580) 464-2103,Lawton,Active,GENERAL MERCHANDISER,"$3,090.91 ",Beer/NA,(OK) Comanche
2193,DOLLAR GENERAL #21275 (NE ROGERS LANE),DOLLAR GENERAL (OK),DOLLAR GENERAL (OK),,Lawton,Active,GENERAL MERCHANDISER,"$3,088.55 ",Beer/NA,(OK) Comanche
669,DALLAS TOUR 18,DALLAS TOUR 18,* Independent Fisher59 - TEXAS,(817) 430-2000,Denton,Active,GOLF / COUNTRY CLUB,"$3,087.81 ",Beer/Wine,(TX) Denton
48009,CRUZ'S COOLER,CRUZ'S COOLER,* Independent Fisher59 - TEXAS,(972) 294-2400,Denton,Active,LIQUOR / PACKAGE STORE,"$3,087.53 ",All (Beer/Wine/Spirits),(TX) Denton
1273,PORT,WINSTAR/TRADITIONS ON PREMISE (L),WINSTAR/TRADITIONS ON PREMISE (OK),,Lawton,Active,BAR / TAVERN,"$3,083.01 ",All (Beer/Wine/Spirits),(OK) Jefferson
2408,MARISCOS SINALOA LEWISVILLE,MARISCOS SINALOA LEWISVILLE,* Independent Fisher59 - TEXAS,(214) 329-8394,Denton,Active,RESTAURANT,"$3,082.47 ",Beer/Wine,(TX) Denton
504130,ROOSTER'S ROADHOUSE - DENTON,ROOSTERS ROADHOUSE,* Independent Fisher59 - TEXAS,(940) 382-4227,Denton,Active,RESTAURANT,"$3,078.80 ",Beer/Wine,(TX) Denton
40649,TRAVEL PLAZA #641 - STRINGTOWN,CHOCTAW NATION (L),CHOCTAW TRAVEL PLAZA (OK),(580) 346-7478,EAST,Active,C-STORE / GAS,"$3,076.75 ",Beer/Wine,(OK) Atoka
2866,SCIVALLY'S,SCIVALLY'S,* Independent Fisher59 - TEXAS,(940) 372-4524,Denton,Active,NEIGHBORHOOD GROC.,"$3,071.84 ",Beer/Wine,(TX) Cooke
642,DOLLAR GENERAL #4692 (LAKE DALLAS),DOLLAR GENERAL (DEN),DOLLAR GENERAL (TX),(940) 497-5431,Denton,Active,GENERAL MERCHANDISER,"$3,069.05 ",Beer/Wine,(TX) Denton
6650,VFW #5263,VFW #5263,* Independent Fisher59 - OKLAHOMA,(580) 248-0713,Lawton,Active,PRIVATE CLUB,"$3,068.66 ",All (Beer/Wine/Spirits),(OK) Comanche
1423,DRUNKEN DONKEY BAR & GRILL - LEWISVILLE,DRUNKEN DONKEY BAR & GRILL - LEWISVILLE,* Independent Fisher59 - TEXAS,(817) 975-7090,Denton,Active,RESTAURANT,"$3,055.90 ",Beer/Wine,(TX) Denton
3067,CASEY'S #4382 (ATOKA),CASEY'S (L),CASEY'S GENERAL STORES (OK),,EAST,Active,C-STORE / GAS,"$3,055.52 ",Beer/Wine,(OK) Atoka
3608,DOLLAR SAVER #7,DOLLAR SAVER #7,* Independent Fisher59 - TEXAS,(940) 855-9302,Wichita Falls,Active,C-STORE / GAS,"$3,054.97 ",Beer/Wine,"(TX) Archer, Baylor, Wichita, Wilbarger"
781,DOLLAR GENERAL #3855 (SEYMOUR),DOLLAR GENERAL (DEN),DOLLAR GENERAL (TX),(940) 647-2781,Wichita Falls,Active,GENERAL MERCHANDISER,"$3,054.66 ",Beer/Wine,"(TX) Archer, Baylor, Wichita, Wilbarger"
40910,HOP N SHOP #1,Shop n Hop,* Independent Fisher59 - OKLAHOMA,(580) 927-1075,EAST,Active,C-STORE / GAS,"$3,049.41 ",Beer/NA,(OK) Coal
3099,DOLLAR GENERAL #24850 (BURK 2),DOLLAR GENERAL (DEN),DOLLAR GENERAL (TX),,Wichita Falls,Active,GENERAL MERCHANDISER,"$3,045.07 ",Beer/Wine,"(TX) Archer, Baylor, Wichita, Wilbarger"
323,LIQUOR STOP (ROANOKE),LIQUOR STOP,LIQUOR DEPOT/HAKEMY/ROCKWALL BEVERAGE (TX),,Denton,Active,LIQUOR / PACKAGE STORE,"$3,032.38 ",All (Beer/Wine/Spirits),(TX) Denton
1607,DOLLAR GENERAL #18213 (NINNEKAH),DOLLAR GENERAL (OK),DOLLAR GENERAL (OK),,Lawton,Active,GENERAL MERCHANDISER,"$3,028.82 ",Beer/NA,(OK) Grady
1826,W.F. D.S. TEXAS SAVER,W.F. D.S. TEXAS SAVER,* Independent Fisher59 - TEXAS,(940) 500-4256,Wichita Falls,Active,C-STORE / GAS,"$3,021.73 ",Beer/Wine,"(TX) Archer, Baylor, Wichita, Wilbarger"
392,BAYOU JACK'S CAJUN GRILL,BAYOU JACK'S,* Independent Fisher59 - TEXAS,(817) 490-7800,Denton,Active,RESTAURANT,"$3,021.25 ",Beer/Wine,(TX) Denton
12940,BROADWAY EXPRESS #1,BROADWAY EXPRESS #1,* Independent Fisher59 - OKLAHOMA,(580) 223-8223,Ardmore,Active,C-STORE / GAS,"$3,019.53 ",Beer/Wine,(OK) Carter
1541,DOLLAR SAVER #4 (MISSLE ROAD),DOLLAR SAVER #4,* Independent Fisher59 - TEXAS,(940) 687-7832,Wichita Falls,Active,C-STORE / GAS,"$3,018.92 ",Beer/Wine,"(TX) Archer, Baylor, Wichita, Wilbarger"
3287,BULL LIQUOR,BULL LIQUOR,* Independent Fisher59 - TEXAS,(303) 574-4479,Denton,Active,LIQUOR / PACKAGE STORE,"$3,007.86 ",All (Beer/Wine/Spirits),(TX) Denton
1009,WILLIAMS EXPRESS #3,WENJEST CORPORATION (L),WENJEST CORP (WILLIAMS FOOD) (OK),,Lawton,Active,C-STORE / GAS,"$3,006.39 ",Beer/NA,(OK) Comanche
12340,HORN'S CORNER GROCERY,HORN'S CORNER,* Independent Fisher59 - OKLAHOMA,(580) 276-9572,Ardmore,Active,C-STORE / GAS,"$3,002.23 ",Beer/NA,(OK) Love
10998,THE DOUGHERTY STORE,THE DOUGHERTY STORE,* Independent Fisher59 - OKLAHOMA,(580) 993-2735,Ardmore,Active,C-STORE / GAS,"$2,993.29 ",Beer/NA,(OK) Murray
12925,CATFISH BAY MARINA MART,CATFISH BAY MARINA MART,* Independent Fisher59 - OKLAHOMA,(580) 564-4994,Ardmore,Active,C-STORE / GAS,"$2,990.57 ",Beer/NA,(OK) Marshall East (East of 377)
1999,MARISCOS SINALOA LITTLE ELM,MARISCOS SINALOA SEAFOOD & GRILL,* Independent Fisher59 - TEXAS,(214) 329-8394,Denton,Active,RESTAURANT,"$2,985.28 ",Beer/Wine,(TX) Denton
4668,CHISHOLM CORNER OK #8,CHISHOLM CORNER (L),CHISHOLM CORNER/JACK'S_DMG CORP (OK),(405) 588-2070,Lawton,Active,C-STORE / GAS,"$2,980.09 ",Beer/Wine,(OK) Comanche
11863,DOLLAR GENERAL #3989 (SULPHUR),DOLLAR GENERAL (OK),DOLLAR GENERAL (OK),(580) 622-4100,Ardmore,Active,GENERAL MERCHANDISER,"$2,979.60 ",Beer/NA,(OK) Murray
62316,BLUE GOOSE CANTINA-HIGHLAND VILLAGE,BLUE GOOSE (D)- H. VILLAGE,* Independent Fisher59 - TEXAS,(972) 966-2583,Denton,Active,RESTAURANT,"$2,975.95 ",Beer/Wine,(TX) Denton
6230,STICK'S STOP & SHOP,STICKS SUPER SHOP,* Independent Fisher59 - OKLAHOMA,(580) 757-2721,Lawton,Active,C-STORE / GAS,"$2,975.45 ",Beer/Wine,(OK) Jefferson
58545,V.F.W. CLUB #5074 - ROANOKE,V.F.W. CLUB #5074 - ROANOKE,* Independent Fisher59 - TEXAS,(817) 491-1113,Denton,Active,PRIVATE CLUB,"$2,975.25 ",Beer/Wine,(TX) Denton
41144,MOUNTAIN COUNTRY,MOUNTAIN COUNTRY,* Independent Fisher59 - OKLAHOMA,(580) 244-3575,EAST,Active,C-STORE / GAS,"$2,974.60 ",Beer/Wine,(OK) McCurtain
4220,DUNCAN FOOD MART,DUNCAN FOOD MART,* Independent Fisher59 - OKLAHOMA,(580) 251-9888,Lawton,Active,C-STORE / GAS,"$2,972.87 ",Beer/NA,(OK) Stephens
3172,THE OFFICE_2,THE OFFICE_2,* Independent Fisher59 - OKLAHOMA,(580) 583-0666,Lawton,Active,BAR / TAVERN,"$2,969.02 ",All (Beer/Wine/Spirits),(OK) Comanche
40892,KWIK CHEK FOOD MART #24,KWIK CHEK (L),KWIK CHEK (OK),(580) 326-6755,EAST,Active,C-STORE / GAS,"$2,965.40 ",Beer/NA,(OK) Choctaw
778,DOLLAR GENERAL #3154 (IOWA PARK),DOLLAR GENERAL (DEN),DOLLAR GENERAL (TX),(940) 592-0499,Wichita Falls,Active,GENERAL MERCHANDISER,"$2,950.46 ",Beer/Wine,"(TX) Archer, Baylor, Wichita, Wilbarger"
3231,CLINT'S,CLINT'S,* Independent Fisher59 - TEXAS,(940) 256-2639,Wichita Falls,Active,C-STORE / GAS,"$2,949.80 ",Beer/Wine,(TX) Throckmorton
49265,TOM'S DAIQUIRI,TOM'S DAIQUIRI,* Independent Fisher59 - TEXAS,(817) 602-4831,Denton,Active,BAR / TAVERN,"$2,947.45 ",Beer/Wine,(TX) Denton
6590,580 BAR AND GRILL,580 BAR AND GRILL,* Independent Fisher59 - OKLAHOMA,,Lawton,Active,RESTAURANT,"$2,946.44 ",All (Beer/Wine/Spirits),(OK) Jackson
49319,CEFCO #2001 (IP),CEFCO (WF),CEFCO (TX),(940) 687-2340,Wichita Falls,Active,C-STORE / GAS,"$2,946.06 ",Beer/Wine,"(TX) Archer, Baylor, Wichita, Wilbarger"
2353,REBEL STATION,THE REBEL STATION,* Independent Fisher59 - OKLAHOMA,(580) 916-9061,Ardmore,Active,C-STORE / GAS,"$2,945.17 ",Beer/Wine,(OK) Bryan
2971,TOROS TACOS CARNES,TOROS TACOS CARNES,* Independent Fisher59 - TEXAS,,Denton,Active,RESTAURANT,"$2,944.56 ",Beer/Wine,(TX) Denton
2164,COALGATE COUNTRY MARKET 62105,CHOCTAW NATION (L),CHOCTAW TRAVEL PLAZA (OK),,EAST,Active,C-STORE / GAS,"$2,935.86 ",Beer/Wine,(OK) Coal
1283,DOLLAR GENERAL #16400 (RINGLING),DOLLAR GENERAL (OK),DOLLAR GENERAL (OK),(580) 295-2500,Ardmore,Active,GENERAL MERCHANDISER,"$2,933.68 ",Beer/NA,(OK) Jefferson
33123,EL TAPATIO JALISCO CORP (HOLIDAY DR),EL TAPATIO JALISCO CORP (HOLIDAY DR),* Independent Fisher59 - OKLAHOMA,(580) 223-0503,Ardmore,Active,RESTAURANT,"$2,933.10 ",All (Beer/Wine/Spirits),(OK) Carter
1479,DOLLAR GENERAL #2233 (MANGUM),DOLLAR GENERAL (OK),DOLLAR GENERAL (OK),(580) 782-2411,Lawton,Active,GENERAL MERCHANDISER,"$2,931.10 ",Beer/NA,(OK) Greer
47779,GET N GO,PUNJ PETRO,* Independent Fisher59 - TEXAS,(770) 331-1150,Denton,Active,C-STORE / GAS,"$2,927.14 ",Beer/Wine,(TX) Denton
40718,FRANK'S CORNER,FRANK'S CORNER,* Independent Fisher59 - OKLAHOMA,,Ardmore,Active,C-STORE / GAS,"$2,918.18 ",Beer/Wine,(OK) Bryan
49364,DOLLAR GENERAL #6976,DOLLAR GENERAL (DEN),DOLLAR GENERAL (TX),(940) 382-8434,Denton,Active,GENERAL MERCHANDISER,"$2,912.33 ",Beer/Wine,(TX) Denton
40748,E-Z MART #4263(1ST AVE DURANT),GPM SOUTHEAST (L),GPM SOUTHEAST (E-Z MART) (OK),(580) 920-1410,Ardmore,Active,C-STORE / GAS,"$2,909.93 ",Beer/Wine,(OK) Bryan
3129,BOTTLE MART,BOTTLE MART,* Independent Fisher59 - TEXAS,(214) 499-6374,Wichita Falls,Active,LIQUOR / PACKAGE STORE,"$2,905.19 ",All (Beer/Wine/Spirits),"(TX) Archer, Baylor, Wichita, Wilbarger"
62828,RICKS DRIVE INN GROCERY,RICKS DRIVE INN GROCERY,* Independent Fisher59 - TEXAS,(940) 243-7513,Denton,Active,C-STORE / GAS,"$2,900.91 ",Beer/Wine,(TX) Denton
2126,DOLLAR GENERAL #21189 (RYAN),DOLLAR GENERAL (OK),DOLLAR GENERAL (OK),,Lawton,Active,GENERAL MERCHANDISER,"$2,871.10 ",Beer/NA,(OK) Jefferson
54004,WALGREENS #10920,WALGREENS (D),WALGREENS (TX),(847) 315-6804,Denton,Active,DRUG STORE,"$2,867.55 ",Beer/Wine,(TX) Denton
4850,TUSHKAS QUICKSTOP,TUSHKAS QUICKSTOP,* Independent Fisher59 - OKLAHOMA,(405) 476-5434,Lawton,Active,C-STORE / GAS,"$2,863.23 ",Beer/NA,(OK) Grady
864,INTERURBAN OF CHICKASHA,INTERURBAN OF CHICKASHA,INTERURBAN (OK),(580) 695-3402,Lawton,Active,RESTAURANT,"$2,860.20 ",All (Beer/Wine/Spirits),(OK) Grady
40616,SUNSHINE STORE,SUNSHINE STORE,* Independent Fisher59 - OKLAHOMA,,EAST,Active,C-STORE / GAS,"$2,858.97 ",Beer/Wine,(OK) Atoka
46797,LANDMARK EXPRESS,LANDMARK EXPRESS,* Independent Fisher59 - TEXAS,(214) 513-0081,Denton,Active,C-STORE / GAS,"$2,858.87 ",Beer/Wine,(TX) Denton
2726,GOLD RIVER CASINO,GOLD RIVER CASINO,* Independent Fisher59 - OKLAHOMA,(405) 247-6979,Lawton,Active,CASINO / GAMING,"$2,849.65 ",All (Beer/Wine/Spirits),(OK) Caddo
11315,STICK'S STOP & SHOP 2,STICK'S STOP & SHOP 2,* Independent Fisher59 - OKLAHOMA,,Ardmore,Active,C-STORE / GAS,"$2,849.07 ",Beer/Wine,(OK) Carter
40619,CHOCTAW TRAVEL #642 - ATOKA,CHOCTAW NATION (L),CHOCTAW TRAVEL PLAZA (OK),(580) 364-0313,EAST,Active,C-STORE / GAS,"$2,845.79 ",Beer/Wine,(OK) Atoka
3221,EL TAPATIO MEXICAN PAULS VALLEY,EL TAPATIO MEXICAN GRANT AVE,* Independent Fisher59 - OKLAHOMA,(580) 504-7157,Ardmore,Active,RESTAURANT,"$2,842.20 ",All (Beer/Wine/Spirits),(OK) Garvin
2761,BONNIE LIQUOR,BONNIE LIQUOR,* Independent Fisher59 - TEXAS,(903) 372-0104,Denton,Active,LIQUOR / PACKAGE STORE,"$2,838.77 ",All (Beer/Wine/Spirits),(TX) Denton
1086,RACK & TAP SPORTS BAR & GRILL,RACK & TAP SPORTS BAR & GRILL,* Independent Fisher59 - TEXAS,(972) 904-6205,Denton,Active,BAR / TAVERN,"$2,837.85 ",Beer/Wine,(TX) Denton
3291,BARREL HOUSE,BARREL HOUSE,* Independent Fisher59 - TEXAS,(469) 515-3399,Denton,Active,BAR / TAVERN,"$2,832.85 ",Beer/Wine,(TX) Denton
1461,DOLLAR GENERAL #3841 (MARLOW),DOLLAR GENERAL (OK),DOLLAR GENERAL (OK),(580) 658-6407,Lawton,Active,GENERAL MERCHANDISER,"$2,831.02 ",Beer/NA,(OK) Stephens
3882,OXXO #51217 (HWY 369),SOUTHWEST CONVENIENCE STORES (WF),SOUTHWEST CONVENIENCE STORES (TX),(940) 855-5925,Wichita Falls,Active,C-STORE / GAS,"$2,829.82 ",Beer/Wine,"(TX) Archer, Baylor, Wichita, Wilbarger"
331,WOODY'S,WOODY'S,* Independent Fisher59 - TEXAS,,Wichita Falls,Active,BAR / TAVERN,"$2,825.85 ",Beer/Wine,"(TX) Archer, Baylor, Wichita, Wilbarger"
26,RAY'S PLACE 2,RAY'S PLACE 2,* Independent Fisher59 - OKLAHOMA,,Lawton,Active,BAR / TAVERN,"$2,825.32 ",All (Beer/Wine/Spirits),(OK) Stephens
1360,54TH STREET RESTAURANT & DRAFTHOUSE - FRISCO,54TH RESTAURANT & DRAFTHOUSE,54TH STREET RESTAURANT & DRAFTHOUSE (TX),(214) 387-0284,Denton,Active,RESTAURANT,"$2,823.15 ",Beer/Wine,(TX) Denton
1861,BOGGY RIVER LIQUOR CO,BOGGY RIVER LIQUOR CO,* Independent Fisher59 - OKLAHOMA,,EAST,Active,LIQUOR / PACKAGE STORE,"$2,819.28 ",All (Beer/Wine/Spirits),(OK) Atoka
2639,THE BRASS TAP - LITTLE ELM,THE BRASS TAP - LITTLE ELM,THE BRASS TAP (TX),,Denton,Active,BAR / TAVERN,"$2,818.55 ",Beer/Wine,(TX) Denton
61952,COOL BEANS,COOL BEANS,* Independent Fisher59 - TEXAS,(940) 382-7025,Denton,Active,BAR / TAVERN,"$2,809.80 ",Beer/Wine,(TX) Denton
3238,ROYAL KINGS,ROYAL KINGS,* Independent Fisher59 - TEXAS,(667) 274-3719,Denton,Active,LIQUOR / PACKAGE STORE,"$2,809.17 ",All (Beer/Wine/Spirits),(TX) Denton
1667,KIRBY'S PRIME STEAKHOUSE/MICKEY MANTLE'S,KIRBY'S PRIME STEAKHOUSE,* Independent Fisher59 - OKLAHOMA,(405) 413-7190,Ardmore,Active,RESTAURANT,"$2,809.14 ",All (Beer/Wine/Spirits),(OK) Love
182,WICHITA FALLS COUNTRY CLUB,WICHITA FALLS COUNTRY CLUB,* Independent Fisher59 - TEXAS,(940) 767-1481,Wichita Falls,Active,GOLF / COUNTRY CLUB,"$2,807.05 ",Beer/Wine,"(TX) Archer, Baylor, Wichita, Wilbarger"
598,DOLLAR GENERAL #10607 (MUENSTER),DOLLAR GENERAL (DEN),DOLLAR GENERAL (TX),(940) 759-2444,Denton,Active,GENERAL MERCHANDISER,"$2,804.36 ",Beer/Wine,(TX) Cooke
1478,DOLLAR GENERAL #1527 (HOLLIS),DOLLAR GENERAL (OK),DOLLAR GENERAL (OK),(580) 688-9208,Lawton,Active,GENERAL MERCHANDISER,"$2,800.21 ",Beer/NA,(OK) Harmon
40886,E-Z MART #4244(E JACKSON HUGO),GPM SOUTHEAST (L),GPM SOUTHEAST (E-Z MART) (OK),(580) 326-8100,EAST,Active,C-STORE / GAS,"$2,795.94 ",Beer/Wine,(OK) Choctaw
6535,TRADER TOM'S TAVERN,TRADER TOM'S TAVERN,* Independent Fisher59 - OKLAHOMA,(580) 477-2373,Lawton,Active,BAR / TAVERN,"$2,791.31 ",All (Beer/Wine/Spirits),(OK) Jackson
2146,FAMILY DOLLAR #7354 (LONE GROVE),FAMILY DOLLAR (OK),FAMILY DOLLAR (OK),,Ardmore,Active,GENERAL MERCHANDISER,"$2,787.66 ",Red Bull Only,(OK) Carter
41162,DOLLAR GENERAL #8386 (VALLIANT),DOLLAR GENERAL (OK),DOLLAR GENERAL (OK),(580) 933-5118,EAST,Active,GENERAL MERCHANDISER,"$2,787.60 ",Red Bull Only,(OK) McCurtain
232,COME N GO 3 (JACKSBORO HWY),COME N GO 3 (JACKSBORO),* Independent Fisher59 - TEXAS,(940) 723-0151,Wichita Falls,Active,C-STORE / GAS,"$2,787.17 ",Beer/Wine,"(TX) Archer, Baylor, Wichita, Wilbarger"
2468,WALGREENS #5142,WALGREENS (L),WALGREENS (OK),(580) 252-2375,Lawton,Active,DRUG STORE,"$2,784.46 ",Beer/Wine,(OK) Stephens
1936,HOT ROD LIQUOR,HOT ROD LIQUOR,* Independent Fisher59 - OKLAHOMA,(580) 465-3634,Ardmore,Active,LIQUOR / PACKAGE STORE,"$2,783.78 ",All (Beer/Wine/Spirits),(OK) Carter
2243,ANGELINA'S MEXICAN - HICKORY CREEK,ANGELINA'S MEXICAN - HICKORY CREEK,* Independent Fisher59 - TEXAS,(940) 902-2306,Denton,Active,RESTAURANT,"$2,781.60 ",Beer/Wine,(TX) Denton
40622,HOP N SHOP #3 (ATOKA),Shop n Hop,* Independent Fisher59 - OKLAHOMA,(580) 889-5999,EAST,Active,C-STORE / GAS,"$2,778.46 ",Beer/Wine,(OK) Atoka
53942,MUD BUGS BAR AND GRILL,MUD BUGS BAR AND GRILL,* Independent Fisher59 - TEXAS,(318) 709-2847,Denton,Active,BAR / TAVERN,"$2,766.55 ",Beer/Wine,(TX) Denton
49301,THE LIQUOR OUTPOST - LEWISVILLE,LIQUOR OUTPOST - LEWISVILLE,* Independent Fisher59 - TEXAS,(214) 534-7359,Denton,Active,LIQUOR / PACKAGE STORE,"$2,766.37 ",All (Beer/Wine/Spirits),(TX) Denton
1724,GRIFFITH PACKAGE STORE,GRIFFITH PACKAGE STORE,* Independent Fisher59 - OKLAHOMA,(405) 318-9603,Lawton,Active,LIQUOR / PACKAGE STORE,"$2,760.83 ",All (Beer/Wine/Spirits),(OK) Caddo
3032,CHOCTAW LANDING,CHOCTAW NATION (L),CHOCTAW CASINO (OK),,EAST,Active,CASINO / GAMING,"$2,759.67 ",All (Beer/Wine/Spirits),(OK) McCurtain
3424,DOLLAR GENERAL #31582 (ALEX),DOLLAR GENERAL (OK),DOLLAR GENERAL (OK),,Lawton,Active,GENERAL MERCHANDISER,"$2,754.66 ",Red Bull Only,(OK) Grady
2644,156 ICE HOUSE,156 ICE HOUSE,* Independent Fisher59 - TEXAS,(817) 401-0957,Denton,Active,BAR / TAVERN,"$2,750.90 ",Beer/Wine,(TX) Denton
1047,SOONER FOODS #3,SOONER FOODS #3,SOONER FOODS (OK),(580) 371-2234,Ardmore,Active,SUPERMARKET,"$2,750.52 ",Beer/Wine,(OK) Johnston
638,DOLLAR GENERAL #555 (PILOT POINT),DOLLAR GENERAL (DEN),DOLLAR GENERAL (TX),(940) 686-9048,Denton,Active,GENERAL MERCHANDISER,"$2,741.45 ",Beer/Wine,(TX) Denton
1052,LOS MOLCAJETES MEXICAN RESTAURANT,LOS MOLCAJETES,* Independent Fisher59 - TEXAS,,Denton,Active,RESTAURANT,"$2,741.30 ",Beer/Wine,(TX) Denton
720,THE STATION SPORTS BAR AND GRILL,THE STATION SPORTS BAR AND GRILL,* Independent Fisher59 - OKLAHOMA,,Ardmore,Active,BAR / TAVERN,"$2,735.24 ",All (Beer/Wine/Spirits),(OK) Carter
27434,FAMILY DOLLAR #27434 (SANGER),FAMILY DOLLAR (TX),FAMILY DOLLAR (TX),,Denton,Active,GENERAL MERCHANDISER,"$2,729.46 ",Beer/Wine,(TX) Denton
1931,UP THE CREEK,UP THE CREEK,* Independent Fisher59 - OKLAHOMA,(580) 529-0009,Lawton,Active,LIQUOR / PACKAGE STORE,"$2,716.90 ",All (Beer/Wine/Spirits),(OK) Comanche
2357,DOLLAR SAVER #23,DOLLAR SAVER #23,* Independent Fisher59 - TEXAS,(940) 529-6394,Wichita Falls,Active,C-STORE / GAS,"$2,711.65 ",Beer/Wine,(TX) Clay
841,STATE 28 KITCHEN AND COCKTAILS,STATE 28 KITCHEN AND COCKTAILS,* Independent Fisher59 - TEXAS,(972) 795-5942,Denton,Active,BAR / TAVERN,"$2,708.70 ",All (Beer/Wine/Spirits),(TX) Denton
40604,LOVE'S #268,LOVES (LAW),LOVES (OK),(580) 889-9394,EAST,Active,C-STORE / GAS,"$2,704.97 ",Beer/Wine,(OK) Atoka
2282,COWBOYS BAR & GRILL,LEGENDS HOSPITALITY,* Independent Fisher59 - OKLAHOMA,,Ardmore,Active,RESTAURANT,"$2,704.18 ",All (Beer/Wine/Spirits),(OK) Love
4069,OXXO #51202 (HATTON RD),SOUTHWEST CONVENIENCE STORES (WF),SOUTHWEST CONVENIENCE STORES (TX),(940) 322-8522,Wichita Falls,Active,C-STORE / GAS,"$2,700.16 ",Beer/Wine,"(TX) Archer, Baylor, Wichita, Wilbarger"
593,DOLLAR GENERAL #10424 (AC),DOLLAR GENERAL (DEN),DOLLAR GENERAL (TX),(940) 574-2828,Wichita Falls,Active,GENERAL MERCHANDISER,"$2,700.02 ",Beer/Wine,"(TX) Archer, Baylor, Wichita, Wilbarger"
2536,WHISKEY BUSINESS & WINE,WHISKEY BUSINESS & WINE LLP,* Independent Fisher59 - OKLAHOMA,(580) 239-2340,EAST,Active,LIQUOR / PACKAGE STORE,"$2,698.39 ",All (Beer/Wine/Spirits),(OK) Atoka
1734,RED ARROW,RED ARROW LIQUOR,* Independent Fisher59 - OKLAHOMA,(580) 795-2626,Ardmore,Active,LIQUOR / PACKAGE STORE,"$2,698.15 ",All (Beer/Wine/Spirits),(OK) Marshall West (377 & west)
5846,BURKBURNETT CONVENIENCE STORE,BURKBURNETT CONVENIENCE STORE,* Independent Fisher59 - TEXAS,(940) 569-1460,Wichita Falls,Active,C-STORE / GAS,"$2,695.46 ",Beer/Wine,"(TX) Archer, Baylor, Wichita, Wilbarger"
1456,DOLLAR GENERAL #335 (ANADARKO),DOLLAR GENERAL (OK),DOLLAR GENERAL (OK),(405) 247-2701,Lawton,Active,GENERAL MERCHANDISER,"$2,694.94 ",Beer/NA,(OK) Caddo
566,DOLLAR GENERAL #3930 (ELECTRA),DOLLAR GENERAL (DEN),DOLLAR GENERAL (TX),(940) 495-2288,Wichita Falls,Active,GENERAL MERCHANDISER,"$2,688.06 ",Beer/Wine,"(TX) Archer, Baylor, Wichita, Wilbarger"
729,SKYS KWIK STOP,JOES KWIK STOP,* Independent Fisher59 - TEXAS,(940) 423-6580,Wichita Falls,Active,C-STORE / GAS,"$2,686.49 ",Beer/Wine,"(TX) Archer, Baylor, Wichita, Wilbarger"
685,DOLLAR GENERAL #14052 (ENOS RD),DOLLAR GENERAL (OK),DOLLAR GENERAL (OK),(580) 564-7552,Ardmore,Active,GENERAL MERCHANDISER,"$2,679.54 ",Beer/NA,(OK) Marshall East (East of 377)
434,OAK STREET DRAFTHOUSE,OAK STREET DRAFTHOUSE,* Independent Fisher59 - TEXAS,(940) 395-1950,Denton,Active,BAR / TAVERN,"$2,677.15 ",Beer/Wine,(TX) Denton
3177,EAGLE LIQUOR,EAGLE LIQUOR,* Independent Fisher59 - TEXAS,(903) 328-7563,Denton,Active,LIQUOR / PACKAGE STORE,"$2,670.64 ",All (Beer/Wine/Spirits),(TX) Denton
49365,DOLLAR GENERAL #7050,DOLLAR GENERAL (DEN),DOLLAR GENERAL (TX),(940) 591-9219,Denton,Active,GENERAL MERCHANDISER,"$2,649.05 ",Beer/Wine,(TX) Denton
1995,BARTONVILLE STORE,BARTONVILLE STORE,* Independent Fisher59 - TEXAS,(940) 241-3301,Denton,Active,RESTAURANT,"$2,648.80 ",Beer/Wine,(TX) Denton
2002,DEW DROP INN ARDMORE,DEW DROP INN (ARDMORE),* Independent Fisher59 - OKLAHOMA,(405) 315-1012,Ardmore,Active,BAR / TAVERN,"$2,637.77 ",All (Beer/Wine/Spirits),(OK) Carter
57059,LAKE DALLAS POINT,LAKE DALLAS POINT,* Independent Fisher59 - TEXAS,(940) 497-2051,Denton,Active,SPORTS BAR,"$2,624.85 ",Beer/Wine,(TX) Denton
40027,DOLLAR GENERAL #11995 (CALERA),DOLLAR GENERAL (OK),DOLLAR GENERAL (OK),(580) 434-5001,Ardmore,Active,GENERAL MERCHANDISER,"$2,619.61 ",Beer/NA,(OK) Bryan
2467,WALGREENS #4703,WALGREENS (L),WALGREENS (OK),(580) 353-4362,Lawton,Active,DRUG STORE,"$2,617.22 ",Beer/Wine,(OK) Comanche
2643,URBAN VALUE CORNER STORE,URBAN VALUE CORNER STORE,* Independent Fisher59 - TEXAS,(972) 322-9159,Denton,Active,C-STORE / GAS,"$2,614.90 ",Beer/Wine,(TX) Denton
11868,DOLLAR GENERAL #10979 (SH 199),DOLLAR GENERAL (OK),DOLLAR GENERAL (OK),(580) 226-2094,Ardmore,Active,GENERAL MERCHANDISER,"$2,607.78 ",Beer/NA,(OK) Carter
559,GARY'S MINI MART #2,GARY'S MINI MART #2,* Independent Fisher59 - OKLAHOMA,(580) 981-2503,EAST,Active,C-STORE / GAS,"$2,593.38 ",Beer/NA,(OK) McCurtain
60095,AMERICAN LEGION POST #550,AMERICAN LEGION POST #550,* Independent Fisher59 - TEXAS,(940) 686-9901,Denton,Active,PRIVATE CLUB,"$2,591.35 ",Beer/Wine,(TX) Denton
1543,BLUE CHAIR RV BOWIE,BLUE CHAIR RV BOWIE,* Independent Fisher59 - TEXAS,(323) 401-9177,Denton,Active,C-STORE / GAS,"$2,590.22 ",Beer/Wine,(TX) Montague
41161,DOLLAR GENERAL #7314 (COALGATE),DOLLAR GENERAL (OK),DOLLAR GENERAL (OK),(580) 927-1043,EAST,Active,GENERAL MERCHANDISER,"$2,582.45 ",Beer/NA,(OK) Coal
3120,FILL N CHILL,FILL N CHILL,* Independent Fisher59 - TEXAS,(940) 855-5113,Wichita Falls,Active,C-STORE / GAS,"$2,581.42 ",Beer/Wine,"(TX) Archer, Baylor, Wichita, Wilbarger"
550087,FRY ST PUBLIC HOUSE,FRY ST PUBLIC HOUSE,* Independent Fisher59 - TEXAS,(940) 591-0789,Denton,Active,BAR / TAVERN,"$2,580.00 ",Beer/Wine,(TX) Denton
3216,DOLLAR GENERAL #30632 (IOWA PARK 2),DOLLAR GENERAL (DEN),DOLLAR GENERAL (TX),,Wichita Falls,Active,GENERAL MERCHANDISER,"$2,578.44 ",Beer/Wine,"(TX) Archer, Baylor, Wichita, Wilbarger"
2163,DOLLAR GENERAL #21481 (LEBANON),DOLLAR GENERAL (OK),DOLLAR GENERAL (OK),,Ardmore,Active,GENERAL MERCHANDISER,"$2,578.09 ",Beer/NA,(OK) Marshall West (377 & west)
35,MULLIGANS,MWR FT SILL (L),MWR FT SILL (OK),(580) 442-5391,Lawton,Active,MILITARY ON-PREMISE,"$2,575.69 ",All (Beer/Wine/Spirits),(OK) Comanche
2618,EL TORO,EL TORO,* Independent Fisher59 - OKLAHOMA,(580) 919-5910,Lawton,Active,RESTAURANT,"$2,574.46 ",All (Beer/Wine/Spirits),(OK) Comanche
1559,ARDMORE LIQUOR,ARDMORE LIQUOR,* Independent Fisher59 - OKLAHOMA,(580) 224-0122,Ardmore,Active,LIQUOR / PACKAGE STORE,"$2,574.15 ",All (Beer/Wine/Spirits),(OK) Carter
2162,DOLLAR GENERAL #21169 (WINDTHORST),DOLLAR GENERAL (DEN),DOLLAR GENERAL (TX),,Wichita Falls,Active,GENERAL MERCHANDISER,"$2,573.20 ",Beer/Wine,"(TX) Archer, Baylor, Wichita, Wilbarger"
58933,PRAIRIE HOUSE - CROSS ROADS,PRAIRIE HOUSE - CROSSROADS,* Independent Fisher59 - TEXAS,(940) 440-9760,Denton,Active,RESTAURANT,"$2,571.85 ",Beer/Wine,(TX) Denton
2979,LIQUOR STOP (LEWISVILLE),LIQUOR STOP (LEWISVILLE),* Independent Fisher59 - TEXAS,(469) 951-6668,Denton,Active,LIQUOR / PACKAGE STORE,"$2,571.52 ",All (Beer/Wine/Spirits),(TX) Denton
3016,TU FAMILIA (MEDICINE PARK),TU FAMILIA_2,* Independent Fisher59 - OKLAHOMA,(580) 583-4747,Lawton,Active,RESTAURANT,"$2,570.10 ",All (Beer/Wine/Spirits),(OK) Comanche
2778,DOLLAR GENERAL #24585 (RAVIA),DOLLAR GENERAL (OK),DOLLAR GENERAL (OK),,Ardmore,Active,GENERAL MERCHANDISER,"$2,565.41 ",Beer/NA,(OK) Johnston
2675,STRIPES #25442 (HOLLIDAY),711 (Denton),711 (TX),(940) 322-3415,Wichita Falls,Active,C-STORE / GAS,"$2,558.97 ",Beer/Wine,"(TX) Archer, Baylor, Wichita, Wilbarger"
56441,QUICKWAY FOOD STORE #12,QUICKWAY FOOD STORE #12,* Independent Fisher59 - TEXAS,(972) 394-5200,Denton,Active,C-STORE / GAS,"$2,553.72 ",Beer/Wine,(TX) Denton
1536,THE DIVE_2,LAKESIDE CRAFT CO.,* Independent Fisher59 - TEXAS,(940) 565-6611,Denton,Active,BAR / TAVERN,"$2,544.65 ",Beer/Wine,(TX) Denton
1781,BURTSCHI'S,BURTSCHI'S,* Independent Fisher59 - OKLAHOMA,(405) 453-7007,Lawton,Active,C-STORE / GAS,"$2,540.98 ",Beer/NA,(OK) Grady
3364,CHILIS GRILL BAR - UNIV PROSPER,CHILI'S REST (D),CHILI'S RESTAURANT (TX),(214) 808-0205,Denton,Active,RESTAURANT,"$2,528.45 ",Beer/Wine,(TX) Denton
3360,DOLLAR GENERAL #31412 (PRICE AVE),DOLLAR GENERAL (OK),DOLLAR GENERAL (OK),,Lawton,Active,GENERAL MERCHANDISER,"$2,523.99 ",Beer/NA,(OK) Tillman
1481,DOLLAR GENERAL #5831 (SNYDER),DOLLAR GENERAL (OK),DOLLAR GENERAL (OK),(580) 569-4934,Lawton,Active,GENERAL MERCHANDISER,"$2,517.86 ",Beer/NA,(OK) Kiowa
1613,VALLEY PACKAGE STORE,VALLEY PACKAGE STORE,* Independent Fisher59 - OKLAHOMA,(405) 238-2345,Ardmore,Active,LIQUOR / PACKAGE STORE,"$2,514.97 ",All (Beer/Wine/Spirits),(OK) Garvin
55475,FRY STREET TAVERN,FRY STREET TAVERN,* Independent Fisher59 - TEXAS,(940) 383-2337,Denton,Active,BAR / TAVERN,"$2,512.60 ",Beer/Wine,(TX) Denton
2112,H-P OIL COMPANY (LIQUOR),H-P OIL COMPANY (LIQUOR),* Independent Fisher59 - TEXAS,,Wichita Falls,Active,LIQUOR / PACKAGE STORE,"$2,502.41 ",All (Beer/Wine/Spirits),"(TX) Archer, Baylor, Wichita, Wilbarger"
50187,FUZZY'S TACO SHOP DENTON,FUZZYS TACO SHOP DENTON,FUZZY'S TACO SHOP (TX),(940) 380-8226,Denton,Active,RESTAURANT,"$2,501.25 ",Beer/Wine,(TX) Denton
1618,FISH N TAILS OYSTER BAR (DENTON),FISH N TAILS OYSTER BAR (DENTON),* Independent Fisher59 - TEXAS,(214) 486-0530,Denton,Active,RESTAURANT,"$2,495.30 ",Beer/Wine,(TX) Denton
2822,BRANDI'S BAR & GRILL,BRANDI'S BAR & GRILL,* Independent Fisher59 - OKLAHOMA,(405) 820-9081,Lawton,Active,RESTAURANT,"$2,495.00 ",All (Beer/Wine/Spirits),(OK) Grady
2045,J'S LIQUOR & CIGAR,J''S LIQUOR & CIGARS,* Independent Fisher59 - TEXAS,(940) 497-5499,Denton,Active,LIQUOR / PACKAGE STORE,"$2,493.60 ",All (Beer/Wine/Spirits),(TX) Denton
12545,RJ QUICK STOP,RJ QUICK STOP,* Independent Fisher59 - OKLAHOMA,(580) 662-2799,Ardmore,Active,C-STORE / GAS,"$2,491.72 ",Beer/NA,(OK) Jefferson
1460,DOLLAR GENERAL #4758 (LINDSAY),DOLLAR GENERAL (OK),DOLLAR GENERAL (OK),(405) 756-4009,Lawton,Active,GENERAL MERCHANDISER,"$2,489.63 ",Beer/NA,(OK) Garvin
844,EL TAPATIO MEXICAN MADILL,EL TAPATIO - MADILL,* Independent Fisher59 - OKLAHOMA,,Ardmore,Active,RESTAURANT,"$2,486.38 ",All (Beer/Wine/Spirits),(OK) Marshall West (377 & west)
41087,RIVERSIDE PACKAGE STORE,RIVERSIDE PACKAGE STORE,* Independent Fisher59 - OKLAHOMA,(580) 298-6666,Ardmore,Active,LIQUOR / PACKAGE STORE,"$2,485.34 ",All (Beer/Wine/Spirits),(OK) Pushmataha
40643,HOP N SHOP #4 (LANE),Shop n Hop,* Independent Fisher59 - OKLAHOMA,(580) 889-3051,EAST,Active,C-STORE / GAS,"$2,477.27 ",Beer/Wine,(OK) Atoka
41167,DOLLAR GENERAL #6879 (N. 1ST ST.),DOLLAR GENERAL (OK),DOLLAR GENERAL (OK),(580) 931-8013,Ardmore,Active,GENERAL MERCHANDISER,"$2,476.41 ",Beer/NA,(OK) Bryan
5330,COME N GO 2 (HARRISON),COME N GO,* Independent Fisher59 - TEXAS,(940) 642-6578,Wichita Falls,Active,C-STORE / GAS,"$2,475.31 ",Beer/Wine,"(TX) Archer, Baylor, Wichita, Wilbarger"
6170,DAVES CAVE,DAVES CAVE,* Independent Fisher59 - OKLAHOMA,(580) 255-5883,Lawton,Active,C-STORE / GAS,"$2,472.92 ",Beer/NA,(OK) Stephens
5565,THE PARK TAVERN LLC,THE PARK TAVERN LLC,* Independent Fisher59 - OKLAHOMA,(580) 678-6350,Lawton,Active,BAR / TAVERN,"$2,470.64 ",All (Beer/Wine/Spirits),(OK) Comanche
6932,S&S BEER WINE & GROCERIES,S&S BEER WINE & GROCERIES,* Independent Fisher59 - TEXAS,(940) 720-0331,Wichita Falls,Active,C-STORE / GAS,"$2,468.44 ",Beer/Wine,(TX) Clay
3355,THE ARGYLE OPEN,THE ARGYLE OPEN,* Independent Fisher59 - TEXAS,(214) 683-5600,Denton,Active,BAR / TAVERN,"$2,464.10 ",Beer/Wine,(TX) Denton
40904,HOP N SHOP #2 (COALGATE),Shop n Hop,* Independent Fisher59 - OKLAHOMA,(580) 927-3444,EAST,Active,C-STORE / GAS,"$2,462.92 ",Beer/NA,(OK) Coal
55368,PIT STOP LIQUOR (GVILLE),PIT STOP LIQUOR (GVILLE),* Independent Fisher59 - TEXAS,(940) 612-2008,Denton,Active,LIQUOR / PACKAGE STORE,"$2,457.35 ",All (Beer/Wine/Spirits),(TX) Cooke
4010,OLD TOWN SALOON,OLD TOWN SALOON,* Independent Fisher59 - TEXAS,(940) 642-8243,Wichita Falls,Active,BAR / TAVERN,"$2,456.70 ",Beer/Wine,"(TX) Archer, Baylor, Wichita, Wilbarger"
3376,DOCTOR'S ORDERS 3,DR'S ORDERS,DOCTOR'S ORDERS (OK),(580) 319-5324,Ardmore,Active,LIQUOR / PACKAGE STORE,"$2,453.25 ",All (Beer/Wine/Spirits),(OK) Marshall West (377 & west)
2552,QUIK STOP #123,QUIK STOP #123,* Independent Fisher59 - OKLAHOMA,(561) 360-0760,Lawton,Active,C-STORE / GAS,"$2,447.65 ",Beer/NA,(OK) Jackson
41165,DOLLAR GENERAL #51 (W MAIN ST),DOLLAR GENERAL (OK),DOLLAR GENERAL (OK),(580) 920-0749,Ardmore,Active,GENERAL MERCHANDISER,"$2,428.34 ",Beer/NA,(OK) Bryan
606,DOLLAR GENERAL #2953 (SWPKY & FAIRWAY),DOLLAR GENERAL (DEN),DOLLAR GENERAL (TX),(940) 691-2655,Wichita Falls,Active,GENERAL MERCHANDISER,"$2,426.29 ",Beer/Wine,"(TX) Archer, Baylor, Wichita, Wilbarger"
1477,DOLLAR GENERAL #3837 (FREDERICK),DOLLAR GENERAL (OK),DOLLAR GENERAL (OK),(580) 335-7866,Lawton,Active,GENERAL MERCHANDISER,"$2,425.09 ",Beer/NA,(OK) Tillman
2168,GRILLE RESTAURANT & BAR,THE GRILL,* Independent Fisher59 - OKLAHOMA,(405) 207-1089,Ardmore,Active,RESTAURANT,"$2,411.24 ",All (Beer/Wine/Spirits),(OK) Garvin
1457,DOLLAR GENERAL #6606 (APACHE),DOLLAR GENERAL (OK),DOLLAR GENERAL (OK),(580) 588-3200,Lawton,Active,GENERAL MERCHANDISER,"$2,410.77 ",Beer/NA,(OK) Caddo
26773,SEPS LIQUOR,SEPS LIQUOR,* Independent Fisher59 - TEXAS,(940) 574-4651,Wichita Falls,Active,LIQUOR / PACKAGE STORE,"$2,410.50 ",All (Beer/Wine/Spirits),"(TX) Archer, Baylor, Wichita, Wilbarger"
2549,TINMAN SOCIAL,TINMAN SOCIAL,* Independent Fisher59 - TEXAS,,Denton,Active,RESTAURANT,"$2,397.80 ",Beer/Wine,(TX) Denton
2806,MURPHY USA #6883,MURPHY OIL (LAW),MURPHY OIL (OK),(580) 510-0622,Lawton,Active,C-STORE / GAS,"$2,397.75 ",Non Alcohol Only,(OK) Comanche
12400,SAIBABA BIG APPLE ARDMORE LLC,SAIBABA BIG APPLE ARDMORE LLC,* Independent Fisher59 - OKLAHOMA,(580) 226-0775,Ardmore,Active,C-STORE / GAS,"$2,394.16 ",Beer/NA,(OK) Carter
40802,FOOD MART #5,SHORTSTOP #5,* Independent Fisher59 - OKLAHOMA,(580) 920-1209,Ardmore,Active,C-STORE / GAS,"$2,393.71 ",Beer/Wine,(OK) Bryan
1668,K B LIQUOR BOX,KB LIQUOR BOX,* Independent Fisher59 - OKLAHOMA,(580) 513-1513,EAST,Active,LIQUOR / PACKAGE STORE,"$2,390.03 ",All (Beer/Wine/Spirits),(OK) Choctaw
998,TAILGATER'S SPORTS BAR & GRILL - FRISCO,TAILGATER'S SPORTS BAR & GRILL - FRISCO,* Independent Fisher59 - TEXAS,(214) 799-7693,Denton,Active,SPORTS BAR,"$2,389.71 ",Beer/Wine,(TX) Denton
41,BENNINGTON FOOD MART,COUNTRY CURVE,* Independent Fisher59 - OKLAHOMA,(580) 847-2736,Ardmore,Active,C-STORE / GAS,"$2,381.27 ",Beer/Wine,(OK) Bryan
1733,FLAG LIQUOR,FLAG LIQUOR,* Independent Fisher59 - OKLAHOMA,(580) 795-5859,Ardmore,Active,LIQUOR / PACKAGE STORE,"$2,367.93 ",All (Beer/Wine/Spirits),(OK) Marshall West (377 & west)
843,E-Z MART #4455(N PARK BROKEN BOW),GPM SOUTHEAST (L),GPM SOUTHEAST (E-Z MART) (OK),(580) 584-2602,EAST,Active,C-STORE / GAS,"$2,366.93 ",Beer/Wine,(OK) McCurtain
10003,MILBURN EXPRESS,MILBURN EXPRESS,* Independent Fisher59 - OKLAHOMA,(580) 443-5573,Ardmore,Active,C-STORE / GAS,"$2,366.25 ",ABLE HOLD,(OK) Johnston
2271,RED RIVER LIQUOR,RED RIVER LIQUOR,* Independent Fisher59 - TEXAS,(940) 228-1642,Denton,Active,LIQUOR / PACKAGE STORE,"$2,364.21 ",All (Beer/Wine/Spirits),(TX) Cooke
49374,DOLLAR GENERAL #16403 (MEAD WEST),DOLLAR GENERAL (OK),DOLLAR GENERAL (OK),,Ardmore,Active,GENERAL MERCHANDISER,"$2,363.19 ",Beer/NA,(OK) Bryan
6999,YNS MART,YNS MART,* Independent Fisher59 - TEXAS,(940) 723-0294,Wichita Falls,Active,C-STORE / GAS,"$2,359.75 ",Beer/Wine,"(TX) Archer, Baylor, Wichita, Wilbarger"
2556,FAMILY DOLLAR #12934 (W. CHEROKEE STREET),FAMILY DOLLAR (OK),FAMILY DOLLAR (OK),(405) 963-6032,Lawton,Active,GENERAL MERCHANDISER,"$2,359.51 ",Beer/Wine,(OK) Garvin
2543,DOLLAR SAVER 4 (RHEA RD),DOLLAR SAVER 4 (RHEA RD),* Independent Fisher59 - TEXAS,(940) 689-0789,Wichita Falls,Active,C-STORE / GAS,"$2,359.02 ",Beer/Wine,"(TX) Archer, Baylor, Wichita, Wilbarger"
2591,CITY VIEW MART,CITY VIEW MART,* Independent Fisher59 - TEXAS,(908) 405-3898,Wichita Falls,Active,C-STORE / GAS,"$2,356.99 ",Beer/Wine,"(TX) Archer, Baylor, Wichita, Wilbarger"
219,LIQUOR MART (423),LIQUOR MART (423),* Independent Fisher59 - TEXAS,(806) 433-6857,Denton,Active,LIQUOR / PACKAGE STORE,"$2,356.76 ",All (Beer/Wine/Spirits),(TX) Denton
3001,LONE STAR BAR,LONE STAR BAR,* Independent Fisher59 - TEXAS,(940) 767-7287,Wichita Falls,Active,BAR / TAVERN,"$2,346.00 ",Beer/Wine,"(TX) Archer, Baylor, Wichita, Wilbarger"
2825,A-1 LIQUOR & WINE,A-1 LIQUOR & WINE,* Independent Fisher59 - OKLAHOMA,(580) 286-6500,Ardmore,Active,LIQUOR / PACKAGE STORE,"$2,343.28 ",All (Beer/Wine/Spirits),(OK) McCurtain
607,DOLLAR GENERAL #3159 (CALLFIELD),DOLLAR GENERAL (DEN),DOLLAR GENERAL (TX),(940) 691-1616,Wichita Falls,Active,GENERAL MERCHANDISER,"$2,340.68 ",Beer/Wine,"(TX) Archer, Baylor, Wichita, Wilbarger"
1346,SPROUTS FARMERS MARKET #148 - DENTON,SPROUTS (D),SPROUTS (TX),(972) 874-7380,Denton,Active,SUPERMARKET,"$2,331.15 ",Beer/Wine,(TX) Denton
3026,"MERCANTILE, THE",CHOCTAW NATION (L),CHOCTAW CASINO (OK),,EAST,Active,C-STORE / GAS,"$2,328.75 ",Beer/Wine,(OK) McCurtain
3148,HILL TOP LIQUOR (LIQUOR TARGET),HILL TOP LIQUOR (LIQUOR TARGET),* Independent Fisher59 - TEXAS,(214) 680-7866,Denton,Active,LIQUOR / PACKAGE STORE,"$2,310.11 ",All (Beer/Wine/Spirits),(TX) Denton
2431,THE WINDMILL SALOON (SANGER),THE WINDMILL SALOON (SANGER),* Independent Fisher59 - TEXAS,(940) 566-5517,Denton,Active,BAR / TAVERN,"$2,303.55 ",Beer/Wine,(TX) Denton
1446,WILD WEST LIQUOR,WILD WEST LIQUOR,* Independent Fisher59 - OKLAHOMA,(580) 369-5001,Ardmore,Active,LIQUOR / PACKAGE STORE,"$2,302.39 ",All (Beer/Wine/Spirits),(OK) Murray
11862,DOLLAR GENERAL #1947 (PAULS VALLEY),DOLLAR GENERAL (OK),DOLLAR GENERAL (OK),(405) 238-9171,Ardmore,Active,GENERAL MERCHANDISER,"$2,299.75 ",Beer/NA,(OK) Garvin
603,DOLLAR GENERAL #1660 (JACK),DOLLAR GENERAL (DEN),DOLLAR GENERAL (TX),(940) 761-3800,Wichita Falls,Active,GENERAL MERCHANDISER,"$2,299.26 ",Beer/Wine,"(TX) Archer, Baylor, Wichita, Wilbarger"
3139,BARREL CRAFT,BARREL CRAFT,* Independent Fisher59 - TEXAS,(972) 900-7049,Denton,Active,LIQUOR / PACKAGE STORE,"$2,296.33 ",All (Beer/Wine/Spirits),(TX) Denton
457,PLAZA RESTAURANT & BAR,THE PLAZA,* Independent Fisher59 - OKLAHOMA,(806) 440-3825,Lawton,Active,RESTAURANT,"$2,293.36 ",All (Beer/Wine/Spirits),(OK) Jackson
3469,VILLAGE BOWL,VILLAGE BOWL,* Independent Fisher59 - TEXAS,(940) 696-2695,Wichita Falls,Active,BOWLING CENTER,"$2,291.50 ",Beer/Wine,"(TX) Archer, Baylor, Wichita, Wilbarger"
40787,KWIK CHEK FOOD MART #14,KWIK CHEK (L),KWIK CHEK (OK),(580) 924-0560,Ardmore,Active,C-STORE / GAS,"$2,287.31 ",Beer/NA,(OK) Bryan
40637,CANEY DAY & NIGHT,CANEY DAY & NIGHT,* Independent Fisher59 - OKLAHOMA,(580) 889-3001,EAST,Active,C-STORE / GAS,"$2,284.56 ",Beer/Wine,(OK) Atoka
41158,DOLLAR GENERAL #3640 (BROKEN BOW),DOLLAR GENERAL (OK),DOLLAR GENERAL (OK),(580) 584-3727,EAST,Active,GENERAL MERCHANDISER,"$2,283.12 ",Beer/NA,(OK) McCurtain
28118,WINDTHORST GENERAL STORE,GENERAL STORE,* Independent Fisher59 - TEXAS,(972) 835-4735,Wichita Falls,Active,C-STORE / GAS,"$2,275.97 ",Beer/Wine,"(TX) Archer, Baylor, Wichita, Wilbarger"
2319,QUANACO BAR & GRILL,QUANACO BAR & GRILL,* Independent Fisher59 - TEXAS,,Wichita Falls,Active,RESTAURANT,"$2,272.95 ",Beer/Wine,(TX) Hardeman
469,DOLLAR GENERAL #16992,DOLLAR GENERAL (DEN),DOLLAR GENERAL (TX),(817) 203-1585,Denton,Active,GENERAL MERCHANDISER,"$2,271.64 ",Beer/Wine,(TX) Wise
10099,TWO FROGS GRILL,TWO FROGS GRILL,* Independent Fisher59 - OKLAHOMA,,Ardmore,Active,RESTAURANT,"$2,268.94 ",All (Beer/Wine/Spirits),(OK) Carter
61226,ELKS LODGE #2446,ELKS LODGE #2446,* Independent Fisher59 - TEXAS,(940) 387-8124,Denton,Active,PRIVATE CLUB,"$2,265.50 ",Beer/Wine,(TX) Denton
3179,BURK B MART,BURK B MART,* Independent Fisher59 - TEXAS,(908) 405-3898,Wichita Falls,Active,C-STORE / GAS,"$2,264.78 ",Beer/Wine,"(TX) Archer, Baylor, Wichita, Wilbarger"
1085,ALTUS AFB COMMISSARY HQCMCP,DECA (L),DECA (OK),(580) 481-5809,Lawton,Active,MILITARY OFF-PREMISE,"$2,248.63 ",Non Alcohol Only,(OK) Jackson
1420,THE BRASS TAP - ROANOKE,THE BRASS TAP,THE BRASS TAP (TX),(817) 789-2854,Denton,Active,RESTAURANT,"$2,246.40 ",Beer/Wine,(TX) Denton
40793,LAKEWAY_2,LAKEWAY ONE STOP,* Independent Fisher59 - OKLAHOMA,(580) 745-9270,Ardmore,Active,C-STORE / GAS,"$2,245.50 ",Beer/Wine,(OK) Bryan
45401,HANDY FOOD (NOCONA),HANDY FOOD (NOCONA),* Independent Fisher59 - TEXAS,(940) 825-6486,Denton,Active,C-STORE / GAS,"$2,243.05 ",Beer/Wine,(TX) Montague
47498,MAIN EVENT - LEWISVILLE,MAIN EVENT (D),MAIN EVENT (TX),(972) 459-7770,Denton,Active,BOWLING CENTER,"$2,242.80 ",Beer/Wine,(TX) Denton
2231,AIRMENS CLUB,MWR (WF),MWR SHEPPARD AFB (TX),(940) 235-8382,Wichita Falls,Active,MILITARY ON-PREMISE,"$2,236.38 ",Beer/Wine,"(TX) Archer, Baylor, Wichita, Wilbarger"
2559,HARLEYS WEST,HARLEYS WEST,* Independent Fisher59 - OKLAHOMA,5804925532Main,Lawton,Active,BAR / TAVERN,"$2,233.33 ",All (Beer/Wine/Spirits),(OK) Comanche
1722,RED HOT LIQUOR,RED HOT LIQUOR,* Independent Fisher59 - OKLAHOMA,(580) 583-8211,Lawton,Active,LIQUOR / PACKAGE STORE,"$2,232.53 ",All (Beer/Wine/Spirits),(OK) Stephens
5005,HOP STOP,DONNY HOP & SACK (L),DONNY HOP & SACK (OK),(580) 476-2507,Lawton,Active,C-STORE / GAS,"$2,225.69 ",Beer/NA,(OK) Grady
389,SALSA TEX MEX RESTAURANT,SALSA TEX-MEX,* Independent Fisher59 - TEXAS,,Denton,Active,RESTAURANT,"$2,223.80 ",Beer/Wine,(TX) Denton
1382,TORCHY'S TACOS - HIGHLAND VILLAGE,TORCHY'S TACOS,TORCHY'S TACOS (TX),(512) 441-8900,Denton,Active,RESTAURANT,"$2,221.25 ",Beer/Wine,(TX) Denton
816,GOGO'S NO. 2,GOGO'S NO. 2,* Independent Fisher59 - OKLAHOMA,(580) 467-1984,Lawton,Active,C-STORE / GAS,"$2,214.24 ",Beer/NA,(OK) Stephens
3422,DOLLAR GENERAL #25709 (SW PKWY),DOLLAR GENERAL (DEN),DOLLAR GENERAL (TX),,Wichita Falls,Active,GENERAL MERCHANDISER,"$2,214.19 ",Beer/Wine,"(TX) Archer, Baylor, Wichita, Wilbarger"
2040,DOLLAR SAVER #6 (BURK),DOLLAR SAVER #6,* Independent Fisher59 - TEXAS,,Wichita Falls,Active,C-STORE / GAS,"$2,213.33 ",Beer/Wine,"(TX) Archer, Baylor, Wichita, Wilbarger"
2774,FAMILY DOLLAR #13318 (APACHE),FAMILY DOLLAR (OK),FAMILY DOLLAR (OK),,Lawton,Active,GENERAL MERCHANDISER,"$2,211.40 ",Beer/Wine,(OK) Caddo
53876,BJ'S BREWHOUSE & RESTAURANT-LEWISVILLE,BJ'S BREWHOUSE (D),BJ'S BREWHOUSE (TX),(972) 459-9700,Denton,Active,RESTAURANT,"$2,202.10 ",Beer/Wine,(TX) Denton
364,FAT ALBERTS,FAT ALBERTS,* Independent Fisher59 - TEXAS,(940) 692-7074,Wichita Falls,Active,BAR / TAVERN,"$2,195.65 ",Beer/Wine,"(TX) Archer, Baylor, Wichita, Wilbarger"
60668,CHILIS GRILL BAR - DENTON RAYZOR RANCH,CHILI'S REST (D),CHILI'S RESTAURANT (TX),(940) 300-0137,Denton,Active,RESTAURANT,"$2,194.95 ",Beer/Wine,(TX) Denton
12482,SANTA FE CATTLE CO,SANTA FE CATTLE CO (LAW),SANTA FE CATTLE CO (OK),(580) 224-0100,Ardmore,Active,RESTAURANT,"$2,191.28 ",All (Beer/Wine/Spirits),(OK) Carter
2171,LOS COMPADRES CANTINA,LOS COMPADRES CANTINA,* Independent Fisher59 - TEXAS,,Denton,Active,RESTAURANT,"$2,188.00 ",Beer/Wine,(TX) Denton
1466,DOLLAR GENERAL #2809 (NW CACHE),DOLLAR GENERAL (OK),DOLLAR GENERAL (OK),(580) 353-4802,Lawton,Active,GENERAL MERCHANDISER,"$2,187.20 ",Beer/NA,(OK) Comanche
52837,ANGELINAS MEXICAN - COLONY,ANGELINAS MEXICAN - COLONY,* Independent Fisher59 - TEXAS,(972) 625-5372,Denton,Active,RESTAURANT,"$2,185.15 ",Beer/Wine,(TX) Denton
2904,RODEO GOAT #9,RODEO GOAT #9,* Independent Fisher59 - TEXAS,(214) 969-9321,Denton,Active,RESTAURANT,"$2,177.85 ",Beer/Wine,(TX) Denton
12347,CLARKS FAST STOP,FAST STOP_2,* Independent Fisher59 - OKLAHOMA,(580) 226-0663,Ardmore,Active,C-STORE / GAS,"$2,174.90 ",Beer/NA,(OK) Carter
2062,TRAAD,TRAAD,* Independent Fisher59 - TEXAS,(936) 701-8498,Denton,Active,C-STORE / GAS,"$2,174.18 ",Beer/Wine,(TX) Denton
2706,LUCKY STOP #6 (CARTWRIGHT),LUCKY STOP #6 (CARTWRIGHT),* Independent Fisher59 - OKLAHOMA,,Ardmore,Active,C-STORE / GAS,"$2,170.21 ",Beer/Wine,(OK) Bryan
41114,BELLS CORNER,BELLS CORNER,* Independent Fisher59 - OKLAHOMA,(580) 298-5707,EAST,Active,C-STORE / GAS,"$2,164.59 ",Beer/NA,(OK) Pushmataha
41033,BRAKE TIME #1 (IDABEL),BRAKE TIME (IDABEL),* Independent Fisher59 - OKLAHOMA,(580) 286-6447,EAST,Active,C-STORE / GAS,"$2,162.35 ",Beer/Wine,(OK) McCurtain
3244,COMANCHE CACHE CASINO,COMANCHE CACHE CASINO,* Independent Fisher59 - OKLAHOMA,(580) 695-2144,Lawton,Active,CASINO / GAMING,"$2,154.93 ",All (Beer/Wine/Spirits),(OK) Comanche
646,ARTESIAN CASINO BAR,WINSTAR/TRADITIONS ON PREMISE (L),WINSTAR/TRADITIONS ON PREMISE (OK),(580) 622-8104,Ardmore,Active,CASINO / GAMING,"$2,151.33 ",All (Beer/Wine/Spirits),(OK) Murray
918,BROKEN TAP,BROKEN TAP,* Independent Fisher59 - TEXAS,(940) 642-3447,Wichita Falls,Active,BAR / TAVERN,"$2,148.35 ",Beer/Wine,"(TX) Archer, Baylor, Wichita, Wilbarger"
696,LAWTON MUNICIPAL GOLF COURSE,LAWTON MUNICIPAL GOLF,* Independent Fisher59 - OKLAHOMA,(580) 353-4493,Lawton,Active,GOLF / COUNTRY CLUB,"$2,148.30 ",Beer/NA,(OK) Comanche
2484,JUNGLE ICE FUN ZONE,JUNGLE ICE FUN ZONE,* Independent Fisher59 - OKLAHOMA,(405) 274-3536,Lawton,Active,GOLF / COUNTRY CLUB,"$2,146.00 ",All (Beer/Wine/Spirits),(OK) Grady
2572,JW'S CRAZY HORSE SALOON,JW'S CRAZY HORSE SALOON,* Independent Fisher59 - TEXAS,(940) 642-8243,Wichita Falls,Active,BAR / TAVERN,"$2,145.11 ",Beer/Wine,"(TX) Archer, Baylor, Wichita, Wilbarger"
5710,SALT FORK DRAFTHOUSE,SCOOTERS (LAW),SCOOTERS (OK),(580) 581-7508,Lawton,Active,MUSIC / DANCE CLUB,"$2,143.18 ",All (Beer/Wine/Spirits),(OK) Jackson
713,DOLLAR GENERAL #4853 (HENRIETTA),DOLLAR GENERAL (DEN),DOLLAR GENERAL (TX),(940) 538-6642,Wichita Falls,Active,GENERAL MERCHANDISER,"$2,142.26 ",Beer/Wine,(TX) Clay
7781,BLUE BONNETT GROCERY,BLUE BONNETT GROCERY,* Independent Fisher59 - TEXAS,(940) 322-4756,Wichita Falls,Active,C-STORE / GAS,"$2,136.36 ",Beer/Wine,"(TX) Archer, Baylor, Wichita, Wilbarger"
54009,WALGREENS #11515,WALGREENS (D),WALGREENS (TX),(949) 382-5078,Denton,Active,DRUG STORE,"$2,134.60 ",Beer/Wine,(TX) Denton
11865,DOLLAR GENERAL #2223 (W. BROADWAY),DOLLAR GENERAL (OK),DOLLAR GENERAL (OK),(580) 223-7149,Ardmore,Active,GENERAL MERCHANDISER,"$2,129.23 ",Beer/NA,(OK) Carter
1932,CALLES DE MEXICO TACO SHOP,CALLES DE MEXICO TACO SHOP,* Independent Fisher59 - TEXAS,(972) 672-2427,Denton,Active,RESTAURANT,"$2,128.83 ",Beer/Wine,(TX) Denton
12051,EL TAPATIO CAFE & CANTINA (GRAND AVE),EL TAPATIO CAFE & CANTINA GRAND AVE),* Independent Fisher59 - TEXAS,(940) 668-0740,Denton,Active,RESTAURANT,"$2,123.20 ",Beer/Wine,(TX) Cooke
3399,RED'S ON MAIN,RED'S ON MAIN,* Independent Fisher59 - TEXAS,(972) 533-1080,Denton,Active,RESTAURANT,"$2,121.60 ",Beer/Wine,(TX) Denton
2438,EL VIEJON COCINA Y CANTINA,EL VIEJON COCINA Y CANTINA,* Independent Fisher59 - TEXAS,(940) 300-1281,Denton,Active,BAR / TAVERN,"$2,120.61 ",Beer/Wine,(TX) Denton
1835,RAILHEAD SALOON,THE RAIL HEAD,* Independent Fisher59 - OKLAHOMA,(580) 458-0220,Lawton,Active,BAR / TAVERN,"$2,105.95 ",All (Beer/Wine/Spirits),(OK) Comanche
3145,JOLLY JIMS LIQUOR,JOLLY JIMS LIQUOR,* Independent Fisher59 - OKLAHOMA,,EAST,Active,LIQUOR / PACKAGE STORE,"$2,105.71 ",All (Beer/Wine/Spirits),(OK) McCurtain
605,DOLLAR GENERAL #2945 (IP ROAD),DOLLAR GENERAL (DEN),DOLLAR GENERAL (TX),,Wichita Falls,Active,GENERAL MERCHANDISER,"$2,105.63 ",Beer/Wine,"(TX) Archer, Baylor, Wichita, Wilbarger"
2892,LAWTON SMOKE SHOP,LAWTON SMOKE SHOP,* Independent Fisher59 - OKLAHOMA,,Lawton,Active,C-STORE / GAS,"$2,103.92 ",Beer/NA,(OK) Comanche
45781,CHILIS GRILL BAR-GAINES,CHILI'S REST (D),CHILI'S RESTAURANT (TX),(940) 668-6169,Denton,Active,RESTAURANT,"$2,103.30 ",Beer/Wine,(TX) Cooke
40625,PARDNERS SHELL,ATOKA MART,* Independent Fisher59 - OKLAHOMA,(580) 364-0510,EAST,Active,C-STORE / GAS,"$2,102.90 ",Beer/Wine,(OK) Atoka
211,CJ'S CORNER LONEWOLF,CJ'S CORNER LONEWOLF,* Independent Fisher59 - OKLAHOMA,(580) 846-5511,Lawton,Active,C-STORE / GAS,"$2,102.51 ",Beer/NA,(OK) Kiowa
53646,TEXAS ROADHOUSE - FM,TEXAS ROADHOUSE (D),TEXAS ROADHOUSE (TX),(469) 426-7743,Denton,Active,RESTAURANT,"$2,099.65 ",Beer/Wine,(TX) Denton
3333,SPROUTS FARMERS MARKET #170 - PROVIDENCE VILLAGE,SPROUTS (D),SPROUTS (TX),,Denton,Active,SUPERMARKET,"$2,096.20 ",Beer/Wine,(TX) Denton
1279,DOLLAR GENERAL #8688 (JUSTIN),DOLLAR GENERAL (DEN),DOLLAR GENERAL (TX),,Denton,Active,GENERAL MERCHANDISER,"$2,089.45 ",Beer/Wine,(TX) Denton
40304,MURPHY USA #6835 (DURANT),MURPHY OIL (LAW),MURPHY OIL (OK),(580) 931-9201,Ardmore,Active,C-STORE / GAS,"$2,085.93 ",Red Bull Only,(OK) Bryan
2496,TORCHY'S TACOS - FRISCO,TORCHY'S TACOS - FRISCO,TORCHY'S TACOS (TX),(817) 995-4210,Denton,Active,RESTAURANT,"$2,081.30 ",Beer/Wine,(TX) Denton
1114,CAFE ALLEY_2,CAFE ALLEY ARDMORE,* Independent Fisher59 - OKLAHOMA,(580) 223-6413,Ardmore,Active,RESTAURANT,"$2,068.94 ",All (Beer/Wine/Spirits),(OK) Carter
3921,SAMS SAVER,SAMS SAVER,* Independent Fisher59 - TEXAS,(940) 761-4861,Wichita Falls,Active,C-STORE / GAS,"$2,068.77 ",Beer/Wine,"(TX) Archer, Baylor, Wichita, Wilbarger"
1935,DOLLAR GENERAL #22381 (W. MAIN ST.),DOLLAR GENERAL (OK),DOLLAR GENERAL (OK),,EAST,Active,GENERAL MERCHANDISER,"$2,057.03 ",Red Bull Only,(OK) Choctaw
40009,MA _PA'S GROCERY,MA PA'S GROCERY,* Independent Fisher59 - OKLAHOMA,(580) 937-4021,Ardmore,Active,C-STORE / GAS,"$2,054.70 ",Non Alcohol Only,(OK) Johnston
3013,TOWS BAR & PUB,TOWS BAR & PUB,* Independent Fisher59 - OKLAHOMA,(580) 470-6059,Lawton,Active,BAR / TAVERN,"$2,048.54 ",All (Beer/Wine/Spirits),(OK) Stephens
41105,KWIK CHEK FOOD MART #26,KWIK CHEK (L),KWIK CHEK (OK),(580) 298-3531,EAST,Active,C-STORE / GAS,"$2,038.09 ",Beer/NA,(OK) Pushmataha
12480,LUCKY TRAVEL,SOONERS STOP,* Independent Fisher59 - OKLAHOMA,(580) 224-9917,Ardmore,Active,C-STORE / GAS,"$2,036.34 ",Beer/NA,(OK) Carter
57164,MIGUELITO'S - KRUM,MIGUELITO'S - KRUM,* Independent Fisher59 - TEXAS,(940) 482-7007,Denton,Active,RESTAURANT,"$2,029.95 ",Beer/Wine,(TX) Denton
745,LITTLE CITY GROCERY,ROBINSON'S COUNTRY STORE,* Independent Fisher59 - OKLAHOMA,(580) 677-9566,Ardmore,Active,C-STORE / GAS,"$2,026.44 ",Beer/NA,(OK) Marshall West (377 & west)
3173,WAURIKA LIQUOR,WAURIKA LIQUOR,* Independent Fisher59 - OKLAHOMA,(813) 453-5295,Lawton,Active,LIQUOR / PACKAGE STORE,"$2,019.94 ",All (Beer/Wine/Spirits),(OK) Jefferson
41027,QWIK CHEQUE,QWIK CHEQUE_2,* Independent Fisher59 - OKLAHOMA,(580) 208-2227,EAST,Active,C-STORE / GAS,"$2,012.05 ",Beer/Wine,(OK) McCurtain
40301,PRUETT'S FOODS - DURANT,PRUETT'S FOOD (L),PRUETT'S FOOD (OK),(580) 924-3181,Ardmore,Active,SUPERMARKET,"$2,011.93 ",Non Alcohol Only,(OK) Bryan
604,DOLLAR SAVER FOOD MART #12 (I44),DOLLAR SAVER FOOD MART #12 (I44),* Independent Fisher59 - TEXAS,(940) 322-3933,Wichita Falls,Active,C-STORE / GAS,"$2,009.69 ",Beer/Wine,"(TX) Archer, Baylor, Wichita, Wilbarger"
2612,FAMILY DOLLAR #13249 (PAULS VALLEY),FAMILY DOLLAR (OK),FAMILY DOLLAR (OK),(405) 444-6342,Ardmore,Active,GENERAL MERCHANDISER,"$2,002.82 ",Beer/Wine,(OK) Garvin
58008,PAYLESS FUEL CENTER,DFW OIL & ENERGY (D),DFW OIL & ENERGY (TX),(972) 691-8200,Denton,Active,C-STORE / GAS,"$2,001.23 ",Beer/Wine,(TX) Denton
40784,KWIK CHEK FOOD MART #16,KWIK CHEK (L),KWIK CHEK (OK),(580) 924-1858,Ardmore,Active,C-STORE / GAS,"$1,998.76 ",Beer/NA,(OK) Bryan
6574,GINA'S BUZZ THRU,GINA'S BUZZ THRU,* Independent Fisher59 - OKLAHOMA,(580) 658-9070,Lawton,Active,C-STORE / GAS,"$1,990.45 ",Beer/NA,(OK) Stephens
18663,MISSILE LOUNGE (OLD BURK RD),MISSLE LOUNGE (OLD BURK RD),* Independent Fisher59 - TEXAS,(940) 851-9642,Wichita Falls,Active,BAR / TAVERN,"$1,989.90 ",Beer/Wine,"(TX) Archer, Baylor, Wichita, Wilbarger"
40670,E-Z MART #4261(BOKCHITO),GPM SOUTHEAST (L),GPM SOUTHEAST (E-Z MART) (OK),(580) 295-3131,Ardmore,Active,C-STORE / GAS,"$1,989.30 ",Beer/Wine,(OK) Bryan
4770,OLD PLANTATION,OLD PLANTATION,* Independent Fisher59 - OKLAHOMA,(580) 529-6262,Lawton,Active,RESTAURANT,"$1,987.54 ",All (Beer/Wine/Spirits),(OK) Comanche
41129,HOOD'S CORNER,HOOD'S CORNER,* Independent Fisher59 - OKLAHOMA,(580) 587-2520,EAST,Active,C-STORE / GAS,"$1,984.64 ",Beer/NA,(OK) Pushmataha
4040,SWIFT SHOP #2,SWIFT SHOP #2,* Independent Fisher59 - OKLAHOMA,(732) 983-7048,Lawton,Active,C-STORE / GAS,"$1,980.41 ",Beer/NA,(OK) Comanche
49232,FAMILY DOLLAR #9134 (MCKINNEY),FAMILY DOLLAR (TX),FAMILY DOLLAR (TX),(940) 387-4940,Denton,Active,GENERAL MERCHANDISER,"$1,978.58 ",Beer/Wine,(TX) Denton
3156,DOLLAR GENERAL MARKET #30360,DOLLAR GENERAL (OK),DOLLAR GENERAL (OK),,Lawton,Active,GENERAL MERCHANDISER,"$1,973.63 ",Beer/NA,(OK) Comanche
1767,TORCHY'S TACOS - DENTON,TORCHY'S TACOS - DENTON,TORCHY'S TACOS (TX),(512) 617-2170,Denton,Active,RESTAURANT,"$1,967.85 ",Beer/Wine,(TX) Denton
3377,LIQUID COURAGE SPIRITS AND MORE,LIQUID COURAGE SPIRITS AND MORE,* Independent Fisher59 - TEXAS,(310) 876-4707,Denton,Active,LIQUOR / PACKAGE STORE,"$1,959.17 ",All (Beer/Wine/Spirits),(TX) Denton
12675,LAKE MURRAY MOM AND POPS,LAKE MURRAY MOM AND POPS,* Independent Fisher59 - OKLAHOMA,(580) 238-3177,Ardmore,Active,C-STORE / GAS,"$1,957.88 ",Beer/Wine,(OK) Love
3358,URBAN VALUE CORNER STORE (FT. WORTH),URBAN VALUE CORNER STORE (FT. WORTH),* Independent Fisher59 - TEXAS,(972) 322-9159,Denton,Active,C-STORE / GAS,"$1,955.57 ",Beer/Wine,(TX) Denton
2233,THE WATER-N-HOLE,WATER-N-HOLE,* Independent Fisher59 - OKLAHOMA,(580) 736-5253,Lawton,Active,BAR / TAVERN,"$1,952.02 ",All (Beer/Wine/Spirits),(OK) Stephens
6940,CYCLONE QUICK STOP,CYCLONE QUICK STOP,* Independent Fisher59 - OKLAHOMA,(580) 569-2818,Lawton,Active,C-STORE / GAS,"$1,945.31 ",Beer/NA,(OK) Kiowa
2945,THE BARTONVILLE TAVERN,THE BARTONVILLE TAVERN,* Independent Fisher59 - TEXAS,,Denton,Active,BAR / TAVERN,"$1,930.60 ",Beer/Wine,(TX) Denton
1666,DOLLAR GENERAL #18608 (STERLING),DOLLAR GENERAL (OK),DOLLAR GENERAL (OK),,Lawton,Active,GENERAL MERCHANDISER,"$1,929.02 ",Beer/NA,(OK) Comanche
47499,MAIN EVENT - FRISCO,MAIN EVENT (D),MAIN EVENT (TX),(214) 679-5810,Denton,Active,BOWLING CENTER,"$1,928.35 ",Beer/Wine,(TX) Denton
2922,THE BRASS TAP - CROSS ROADS,THE BRASS TAP - CROSS ROADS,THE BRASS TAP (TX),(630) 456-2802,Denton,Active,RESTAURANT,"$1,925.10 ",Beer/Wine,(TX) Denton
53996,WALGREENS #4719,WALGREENS (D),WALGREENS (TX),(469) 384-2220,Denton,Active,DRUG STORE,"$1,921.35 ",Beer/Wine,(TX) Denton
130,TEQUILA PLATA,TEQUILA PLATA,* Independent Fisher59 - OKLAHOMA,,Lawton,Active,RESTAURANT,"$1,912.38 ",All (Beer/Wine/Spirits),(OK) Grady
2251,GAS MART NORTH,CAVE MART/GAS MART N/M.M. (L),CAVE MART/GAS MART N/M.M. (OK),(405) 224-5102,Lawton,Active,C-STORE / GAS,"$1,905.66 ",Non Alcohol Only,(OK) Grady
25171,SHEPPARD CLUB,MWR (WF),MWR SHEPPARD AFB (TX),(940) 676-3175,Wichita Falls,Active,MILITARY ON-PREMISE,"$1,904.58 ",Beer/Wine,"(TX) Archer, Baylor, Wichita, Wilbarger"
209,SONNY'S GROCERY & MARKET,SONNY'S GROCERY,* Independent Fisher59 - OKLAHOMA,(580) 364-2957,EAST,Active,NEIGHBORHOOD GROC.,"$1,901.84 ",Beer/Wine,(OK) Coal
6450,THUNDERBIRD COFFEE SHOP,THUNDERBIRD LANES,* Independent Fisher59 - OKLAHOMA,(580) 353-3937,Lawton,Active,BOWLING CENTER,"$1,900.90 ",Beer/Wine,(OK) Comanche
18,K-C DISTRIBUTORS INC. #2,K-C DISTRIBUTORS INC. #2,* Independent Fisher59 - OKLAHOMA,(580) 477-0900,Lawton,Active,C-STORE / GAS,"$1,889.29 ",Beer/NA,(OK) Jackson
30964,DOLLAR GENERAL #30964 (MEAD EAST),DOLLAR GENERAL (OK),DOLLAR GENERAL (OK),,Ardmore,Active,GENERAL MERCHANDISER,"$1,888.92 ",Beer/NA,(OK) Bryan
3037,MEDICINE PARK SPECIAL EVENTS,MEDICINE PARK SPECIAL EVENTS,* Independent Fisher59 - OKLAHOMA,(580) 574-9528,Lawton,Active,SPECIAL EVENT,"$1,883.40 ",All (Beer/Wine/Spirits),(OK) Comanche
63628,CLUB 300,BRUNSWICK (D),ZZ***BRUNSWICK (D),(940) 383-3515,Denton,Active,BOWLING CENTER,"$1,883.10 ",Beer/Wine,(TX) Denton
1147,ALEJOS MEXICAN GRILL - TISH,ALEJO'S MEXICAN GRILL-TISH,* Independent Fisher59 - OKLAHOMA,(580) 371-0102,Ardmore,Active,RESTAURANT,"$1,881.67 ",All (Beer/Wine/Spirits),(OK) Johnston
40011,COLEMAN MART,COLEMAN MART,* Independent Fisher59 - OKLAHOMA,(580) 937-4510,Ardmore,Active,C-STORE / GAS,"$1,877.05 ",Beer/Wine,(OK) Johnston
11235,BADD HABITS,THE BADD HABITS BAR,* Independent Fisher59 - OKLAHOMA,(580) 668-2280,Ardmore,Active,BAR / TAVERN,"$1,871.40 ",All (Beer/Wine/Spirits),(OK) Carter
538,CT BAR,WINSTAR/TRADITIONS ON PREMISE (L),WINSTAR/TRADITIONS ON PREMISE (OK),(580) 951-1128,Lawton,Active,BAR / TAVERN,"$1,869.83 ",All (Beer/Wine/Spirits),(OK) Stephens
2783,SOUTHSIDE LIQUOR (COALGATE),SOUTHSIDE LIQUOR (COALGATE),* Independent Fisher59 - OKLAHOMA,(580) 927-3401,EAST,Active,LIQUOR / PACKAGE STORE,"$1,867.19 ",All (Beer/Wine/Spirits),(OK) Atoka
1972,PINTO GRILL,PINTO GRILL,* Independent Fisher59 - OKLAHOMA,(580) 467-7189,Ardmore,Active,C-STORE / GAS,"$1,864.02 ",Beer/NA,(OK) Stephens
2142,FAMILY DOLLAR #4682 (MARLOW),FAMILY DOLLAR (OK),FAMILY DOLLAR (OK),,Lawton,Active,GENERAL MERCHANDISER,"$1,856.39 ",Beer/Wine,(OK) Stephens
3101,CONVENIENT PLUS,CONVENIENT PLUS,* Independent Fisher59 - TEXAS,(469) 487-8289,Wichita Falls,Active,C-STORE / GAS,"$1,853.53 ",Beer/Wine,"(TX) Archer, Baylor, Wichita, Wilbarger"
5570,TU FAMILIA (LAWTON),TU FAMILIA (LAWTON),* Independent Fisher59 - OKLAHOMA,(580) 713-5090,Lawton,Active,RESTAURANT,"$1,848.86 ",All (Beer/Wine/Spirits),(OK) Comanche
23085,DOLLAR SAVER #2 (LIQUOR),DOLLAR SAVER #2 (LIQUOR),* Independent Fisher59 - TEXAS,(940) 322-2655,Wichita Falls,Active,LIQUOR / PACKAGE STORE,"$1,848.76 ",All (Beer/Wine/Spirits),"(TX) Archer, Baylor, Wichita, Wilbarger"
41021,E-Z MART #4456(E WASHINGTON IDABEL),GPM SOUTHEAST (L),GPM SOUTHEAST (E-Z MART) (OK),(580) 286-7021,EAST,Active,C-STORE / GAS,"$1,847.59 ",Beer/Wine,(OK) McCurtain
3475,OXXO #51218 (HARROLD),SOUTHWEST CONVENIENCE STORES (WF),SOUTHWEST CONVENIENCE STORES (TX),(940) 886-2661,Wichita Falls,Active,C-STORE / GAS,"$1,847.04 ",Beer/Wine,"(TX) Archer, Baylor, Wichita, Wilbarger"
418,HARD 8 BBQ,HARD 8 BBQ,* Independent Fisher59 - TEXAS,(817) 837-8888,Denton,Active,RESTAURANT,"$1,845.38 ",Beer/Wine,(TX) Denton
635,DOLLAR GENERAL #3659 (DECATUR),DOLLAR GENERAL (DEN),DOLLAR GENERAL (TX),(940) 627-5553,Denton,Active,GENERAL MERCHANDISER,"$1,845.02 ",Beer/Wine,(TX) Wise
2849,THE STORE AT BYARS,THE STORE AT BYARS,* Independent Fisher59 - OKLAHOMA,(580) 483-8330,Ardmore,Active,C-STORE / GAS,"$1,844.86 ",Beer/NA,(OK) McClain
633,HOP N SHOP #51,HOP N SHOP #51,* Independent Fisher59 - OKLAHOMA,(405) 268-2333,Ardmore,Active,C-STORE / GAS,"$1,839.61 ",Red Bull Only,(OK) Bryan
19505,YANIRA MART,YANIRA MART,* Independent Fisher59 - TEXAS,(214) 517-3302,Wichita Falls,Active,C-STORE / GAS,"$1,838.80 ",Beer/Wine,"(TX) Archer, Baylor, Wichita, Wilbarger"
12469,WALGREENS #5739(ARDMORE),WALGREENS (L),WALGREENS (OK),(580) 226-6826,Ardmore,Active,DRUG STORE,"$1,834.21 ",Beer/Wine,(OK) Carter
11870,DOLLAR GENERAL #7472 (HWY 70 E),DOLLAR GENERAL (OK),DOLLAR GENERAL (OK),(580) 564-1873,Ardmore,Active,GENERAL MERCHANDISER,"$1,833.46 ",Beer/NA,(OK) Marshall East (East of 377)
1883,ANDY B'S,ANDY B'S,* Independent Fisher59 - TEXAS,,Denton,Active,RESTAURANT,"$1,831.10 ",Beer/Wine,(TX) Denton
1498,DFW MARRIOTT HOTEL,MARRIOTT (D),MARRIOTT (TX),(817) 961-5034,Denton,Active,HOTEL / MOTEL,"$1,827.20 ",Beer/Wine,(TX) Denton
48132,CHILIS GRILL BAR-DECATUR,CHILI'S REST (D),CHILI'S RESTAURANT (TX),(940) 627-2519,Denton,Active,RESTAURANT,"$1,826.85 ",Beer/Wine,(TX) Wise
2469,WALGREENS #12009,WALGREENS (L),WALGREENS (OK),(405) 222-0278,Lawton,Active,DRUG STORE,"$1,826.52 ",Beer/Wine,(OK) Grady
6737,WAL-MART #893 (LINDSAY),WAL-MART (LAW),WAL-MART (OK),(405) 756-9535,Lawton,Active,SUPERCENTER,"$1,822.37 ",Non Alcohol Only,(OK) Garvin
54000,WALGREENS #6047,WALGREENS (D),WALGREENS (TX),(682) 831-1650,Denton,Active,DRUG STORE,"$1,819.80 ",Beer/Wine,(TX) Denton
11496,TREASURE VALLEY BEVERAGES,WINSTAR/TRADITIONS ON PREMISE (L),WINSTAR/TRADITIONS ON PREMISE (OK),(405) 227-1264,Ardmore,Active,CASINO / GAMING,"$1,817.60 ",All (Beer/Wine/Spirits),(OK) Murray
2379,DOLLAR GENERAL #22461 (MANNSVILLE),DOLLAR GENERAL (OK),DOLLAR GENERAL (OK),,Ardmore,Active,GENERAL MERCHANDISER,"$1,816.96 ",Beer/NA,(OK) Johnston
5667,TARGET #T-0080,SUPER TARGET (D),TARGET (TX),(940) 691-3310,Wichita Falls,Active,SUPERMARKET,"$1,814.04 ",Beer/Wine,"(TX) Archer, Baylor, Wichita, Wilbarger"
11856,DOLLAR GENERAL #12386 (WILSON),DOLLAR GENERAL (OK),DOLLAR GENERAL (OK),(580) 668-2149,Ardmore,Active,GENERAL MERCHANDISER,"$1,806.22 ",Beer/NA,(OK) Carter
40691,ONE STOP (CALERA),ONE STOP (CALERA),* Independent Fisher59 - OKLAHOMA,(682) 252-8401,Ardmore,Active,C-STORE / GAS,"$1,802.51 ",Beer/Wine,(OK) Bryan
1832,AL'S DISCOUNT LIQUOR,AL'S DISCOUNT LIQUOR,* Independent Fisher59 - TEXAS,(469) 879-5366,Denton,Active,LIQUOR / PACKAGE STORE,"$1,801.10 ",All (Beer/Wine/Spirits),(TX) Wise
41072,JC'S STORE,JC'S STORE,* Independent Fisher59 - OKLAHOMA,(580) 933-4957,EAST,Active,C-STORE / GAS,"$1,799.71 ",Beer/NA,(OK) McCurtain
1865,DROVER HILLS GOLF,DROVER HILLS GOLF,* Independent Fisher59 - OKLAHOMA,(405) 229-3560,Lawton,Active,GOLF / COUNTRY CLUB,"$1,799.65 ",All (Beer/Wine/Spirits),(OK) Grady
37721,PROMISELAND,PROMISELAND,* Independent Fisher59 - TEXAS,(940) 720-0185,Wichita Falls,Active,BAR / TAVERN,"$1,797.45 ",Beer/Wine,"(TX) Archer, Baylor, Wichita, Wilbarger"
3875,KWIK SAK,KWIK SAK,* Independent Fisher59 - OKLAHOMA,(580) 479-3192,Lawton,Active,C-STORE / GAS,"$1,793.46 ",Beer/NA,(OK) Tillman
1341,JAKES GAMEDAY,OUTTA BOUNDS,* Independent Fisher59 - TEXAS,(850) 748-2993,Denton,Active,SPORTS BAR,"$1,791.85 ",Beer/Wine,(TX) Denton
625,DOLLAR GENERAL #14020 (BOKCHITO),DOLLAR GENERAL (OK),DOLLAR GENERAL (OK),(580) 295-2500,Ardmore,Active,GENERAL MERCHANDISER,"$1,790.51 ",Beer/NA,(OK) Bryan
1924,UNCLE BETOS MEXICAN RESTAURANT,UNCLE BETOS MEXICAN RESTAURANT,* Independent Fisher59 - TEXAS,(214) 729-7117,Denton,Active,RESTAURANT,"$1,783.95 ",Beer/Wine,(TX) Denton
2135,FAMILY DOLLAR #4113 (COALGATE),FAMILY DOLLAR (OK),FAMILY DOLLAR (OK),,EAST,Active,GENERAL MERCHANDISER,"$1,782.72 ",Beer/Wine,(OK) Coal
41159,DOLLAR GENERAL #638 (E. JACKSON ST.),DOLLAR GENERAL (OK),DOLLAR GENERAL (OK),(580) 326-5502,EAST,Active,GENERAL MERCHANDISER,"$1,775.46 ",Red Bull Only,(OK) Choctaw
656,EL TAPATIO MEXICAN COMMERCE,EL TAPATIO COMMERCE,* Independent Fisher59 - OKLAHOMA,(580) 223-9177,Ardmore,Active,RESTAURANT,"$1,767.99 ",All (Beer/Wine/Spirits),(OK) Carter
45393,CHILIS GRILL BAR-ROANOKE,CHILI'S REST (D),CHILI'S RESTAURANT (TX),(817) 490-1760,Denton,Active,RESTAURANT,"$1,767.65 ",Beer/Wine,(TX) Denton
1379,SHOAL CREEK TAVERN,SHOAL CREEK TAVERN,* Independent Fisher59 - TEXAS,(214) 923-8709,Denton,Active,BAR / TAVERN,"$1,767.25 ",Beer/Wine,(TX) Denton
40790,MILLER'S SHORT STOP,MILLERS SHORT STOP,* Independent Fisher59 - OKLAHOMA,(580) 924-8552,Ardmore,Active,C-STORE / GAS,"$1,765.57 ",Beer/NA,(OK) Bryan
1577,FUZZY'S TACO SHOP - LITTLE ELM,FUZZY'S TACO SHOP - LITTLE ELM,FUZZY'S TACO SHOP (TX),(972) 355-8226,Denton,Active,RESTAURANT,"$1,765.50 ",Beer/Wine,(TX) Denton
330,CARNICERIA LAS DELICIAS #2,CARNICERIA LAS DELICIAS #2,* Independent Fisher59 - TEXAS,(940) 627-2449,Denton,Active,NEIGHBORHOOD GROC.,"$1,759.43 ",Beer/Wine,(TX) Wise
2071,ELM FORK TAP HOUSE & KITCHEN,ELM FORK TAP HOUSE & KITCHEN,* Independent Fisher59 - TEXAS,,Denton,Active,RESTAURANT,"$1,757.25 ",Beer/Wine,(TX) Denton
2297,VALLEY RIDGE LIQUOR #1,Valley Ridge Liquor,* Independent Fisher59 - TEXAS,(972) 221-3679,Denton,Active,LIQUOR / PACKAGE STORE,"$1,752.22 ",All (Beer/Wine/Spirits),(TX) Denton
1130,CHILI'S GRILL AND BAR,BRINKER INTL (LAW),BRINKER INTL (CHILI'S) (OK),,Ardmore,Active,RESTAURANT,"$1,748.95 ",All (Beer/Wine/Spirits),(OK) Carter
1475,DOLLAR GENERAL #9434 (W. ELDER ST),DOLLAR GENERAL (OK),DOLLAR GENERAL (OK),(580) 470-9094,Lawton,Active,GENERAL MERCHANDISER,"$1,748.11 ",Beer/NA,(OK) Stephens
948,BACKYARD SPORTS BAR & GRILL,BACKYARD SPORTS BAR & GRILL,* Independent Fisher59 - OKLAHOMA,(580) 291-8050,Lawton,Active,BAR / TAVERN,"$1,746.02 ",All (Beer/Wine/Spirits),(OK) Comanche
12270,TURNERS LOUNGE,TURNERS LOUNGE,* Independent Fisher59 - OKLAHOMA,(580) 223-8282,Ardmore,Active,PRIVATE CLUB,"$1,744.30 ",All (Beer/Wine/Spirits),(OK) Love
14040,PAOLI GROCERY,PAOLI GRO.,* Independent Fisher59 - OKLAHOMA,(405) 484-7122,Ardmore,Active,C-STORE / GAS,"$1,743.96 ",Beer/NA,(OK) Garvin
1850,NITRO JOE'S TAVERN,NITRO JOE'S TAVERN,* Independent Fisher59 - OKLAHOMA,(850) 207-2025,Lawton,Active,BAR / TAVERN,"$1,737.22 ",All (Beer/Wine/Spirits),(OK) Comanche
2133,FAMILY DOLLAR #1651 (S. WASHINGTON ST.),FAMILY DOLLAR (OK),FAMILY DOLLAR (OK),,Ardmore,Active,GENERAL MERCHANDISER,"$1,736.94 ",Beer/Wine,(OK) Carter
2910,DELTA HOTEL BY MARRIOTT WICHITA FALLS,DELTA HOTEL BY MARRIOTT WICHITA FALLS,* Independent Fisher59 - TEXAS,(940) 636-9078,Wichita Falls,Active,HOTEL / MOTEL,"$1,736.94 ",Beer/Wine,"(TX) Archer, Baylor, Wichita, Wilbarger"
2830,GLEN'S LOUNGE,GLEN'S LOUNGE,* Independent Fisher59 - OKLAHOMA,(580) 483-3833,Lawton,Active,BAR / TAVERN,"$1,736.19 ",All (Beer/Wine/Spirits),(OK) Comanche
1926,LAMBEAU'S AMERICA,LAMBEAU'S AMERICA,* Independent Fisher59 - TEXAS,(214) 545-7233,Denton,Active,RESTAURANT,"$1,721.90 ",Beer/Wine,(TX) Denton
40940,E-Z MART #4226(MLK BROKEN BOW),GPM SOUTHEAST (L),GPM SOUTHEAST (E-Z MART) (OK),(580) 584-9612,EAST,Active,C-STORE / GAS,"$1,713.71 ",Beer/Wine,(OK) McCurtain
62109,SIMRIK MART,QUICK DELI (S&B #4),* Independent Fisher59 - TEXAS,(940) 484-4333,Denton,Active,C-STORE / GAS,"$1,712.38 ",Beer/Wine,(TX) Denton
2869789,LOS GENERALES,LOS GENERALES,* Independent Fisher59 - OKLAHOMA,(405) 331-3024,Lawton,Active,RESTAURANT,"$1,712.20 ",All (Beer/Wine/Spirits),(OK) Garvin
49191,WHAT'S ON TAP,WHAT'S ON TAP,* Independent Fisher59 - TEXAS,(972) 804-2999,Denton,Active,BAR / TAVERN,"$1,710.10 ",Beer/Wine,(TX) Denton
51912,SALTGRASS STEAKHOUSE - LEWISVILLE,SALTGRASS STEAKHOUSE (D),SALTGRASS STEAKHOUSE (TX),(972) 316-0086,Denton,Active,RESTAURANT,"$1,707.43 ",Beer/Wine,(TX) Denton
1517,DOLLAR GENERAL #17941 (SH 48),DOLLAR GENERAL (OK),DOLLAR GENERAL (OK),,Ardmore,Active,GENERAL MERCHANDISER,"$1,705.10 ",Beer/NA,(OK) Bryan
5545,CHELE'S,CHELE'S,* Independent Fisher59 - OKLAHOMA,(000) 248-4119,Lawton,Active,BAR / TAVERN,"$1,702.40 ",All (Beer/Wine/Spirits),(OK) Comanche
1135,JAKE'S FLOWER MOUND,JAKE'S FLOWER MOUND,JAKE'S (TX),,Denton,Active,RESTAURANT,"$1,702.10 ",Beer/Wine,(TX) Denton
49298,WALTER'S TAVERN,WALTER'S TAVERN,* Independent Fisher59 - TEXAS,,Denton,Active,BAR / TAVERN,"$1,687.40 ",Beer/Wine,(TX) Denton
1709,FRITZI'S LIQUOR,FRITZI'S LIQUOR,* Independent Fisher59 - OKLAHOMA,(405) 224-0193,Lawton,Active,LIQUOR / PACKAGE STORE,"$1,686.02 ",All (Beer/Wine/Spirits),(OK) Grady
2631,DIRTS BAR AND GRILL,DIRTS BAR AND GRILL,* Independent Fisher59 - OKLAHOMA,(580) 699-3478,Lawton,Active,RESTAURANT,"$1,681.15 ",All (Beer/Wine/Spirits),(OK) Comanche
48322,SPROUTS FARMERS MARKET #102 - FLOWER MOUND,SPROUTS (D),SPROUTS (TX),(972) 874-7380,Denton,Active,SUPERMARKET,"$1,680.55 ",Beer/Wine,(TX) Denton
689,SUMMIT COFFEE SHOP APACHE CASINO,FT SILL APACHE CASINO (L),FT SILL APACHE CASINO (OK),(580) 354-1845,Lawton,Active,NON BEER ON PREMISE,"$1,680.00 ",Non Alcohol Only,(OK) Comanche
437,RACK,RACK,* Independent Fisher59 - TEXAS,(940) 389-3320,Denton,Active,BAR / TAVERN,"$1,679.75 ",Beer/Wine,(TX) Montague
2465,FREE PLAY ARCADE #2,FREE PLAY ARCADE_2,* Independent Fisher59 - TEXAS,(940) 600-7779,Denton,Active,BAR / TAVERN,"$1,676.23 ",Beer/Wine,(TX) Denton
2646,FAMILY DOLLAR #13211 (RINGLING),FAMILY DOLLAR (OK),FAMILY DOLLAR (OK),(480) 593-3015,Ardmore,Active,GENERAL MERCHANDISER,"$1,675.28 ",Beer/Wine,(OK) Jefferson
2382,DOLLAR GENERAL #22663 (OLUSTEE),DOLLAR GENERAL (OK),DOLLAR GENERAL (OK),,Lawton,Active,GENERAL MERCHANDISER,"$1,671.86 ",Beer/NA,(OK) Jackson
356,DOLLAR GENERAL #12974 (6315 W GORE BLVD),DOLLAR GENERAL (OK),DOLLAR GENERAL (OK),(580) 536-2311,Lawton,Active,GENERAL MERCHANDISER,"$1,671.57 ",Beer/NA,(OK) Comanche
2875,BRIDGEVIEW RESORT_2,BRIDGEVIEW RESORT_2,* Independent Fisher59 - OKLAHOMA,(580) 564-6106,Ardmore,Active,C-STORE / GAS,"$1,666.71 ",Beer/NA,(OK) Marshall West (377 & west)
1870,SODEXO USAO STORE,SODEXO (OK),SODEXO (OK),(405) 574-1254,Lawton,Active,CONCESSIONAIRE,"$1,666.66 ",Beer/Wine,(OK) Grady
3387,WAGON WHEEL EXPRESS,WAGON WHEEL EXPRESS,* Independent Fisher59 - OKLAHOMA,(405) 779-0619,Lawton,Active,C-STORE / GAS,"$1,665.97 ",Beer/NA,(OK) Caddo
62166,CHILIS GRILL BAR-LEWISVILLE 35,CHILI'S REST (D),CHILI'S RESTAURANT (TX),(972) 316-0932,Denton,Active,RESTAURANT,"$1,664.50 ",Beer/Wine,(TX) Denton
2387,4THIRTEEN KITCHEN & SPORTS LOUNGE,4THIRTEEN KITCHEN & SPORTS LOUNGE,* Independent Fisher59 - TEXAS,(469) 629-9921,Denton,Active,SPORTS BAR,"$1,664.20 ",Beer/Wine,(TX) Denton
3019,FAMILY DOLLAR #13743 (CACHE),FAMILY DOLLAR (OK),FAMILY DOLLAR (OK),,Lawton,Active,GENERAL MERCHANDISER,"$1,661.87 ",Beer/Wine,(OK) Comanche
6536,YOUNGBLOOD'S,YOUNGBLOOD'S,* Independent Fisher59 - TEXAS,(940) 767-9142,Wichita Falls,Active,C-STORE / GAS,"$1,657.37 ",Repeal No Malt Beer,"(TX) Archer, Baylor, Wichita, Wilbarger"
13526,FAMILY DOLLAR #13526 (RUSH SPRINGS),FAMILY DOLLAR (OK),FAMILY DOLLAR (OK),(918) 861-6197,Lawton,Active,GENERAL MERCHANDISER,"$1,655.33 ",Beer/Wine,(OK) Grady
40979,LORI'S CORNER,LORI'S CORNER,* Independent Fisher59 - OKLAHOMA,(580) 835-2232,EAST,Active,C-STORE / GAS,"$1,653.85 ",Red Bull Only,(OK) McCurtain
2958,LIQUOR 'N' WINE,Liquor 'N' Wine,* Independent Fisher59 - TEXAS,(610) 504-9955,Wichita Falls,Active,LIQUOR / PACKAGE STORE,"$1,649.45 ",All (Beer/Wine/Spirits),"(TX) Archer, Baylor, Wichita, Wilbarger"
904,WILLIAMS FOODS #7,WENJEST CORPORATION (L),WENJEST CORP (WILLIAMS FOOD) (OK),,Lawton,Active,NEIGHBORHOOD GROC.,"$1,648.10 ",Beer/Wine,(OK) Grady
6543,FRED'S FAMOUS FISH & STEAKHOUSE,FRED'S FAMOUS FISH & STEAKHOUSE,* Independent Fisher59 - OKLAHOMA,(580) 480-0555,Lawton,Active,RESTAURANT,"$1,647.19 ",All (Beer/Wine/Spirits),(OK) Jackson
2183,DOLLAR GENERAL #21300 (E 1780 RD),DOLLAR GENERAL (OK),DOLLAR GENERAL (OK),,Lawton,Active,GENERAL MERCHANDISER,"$1,646.07 ",Beer/NA,(OK) Stephens
45799,SALTGRASS STEAKHOUSE,SALTGRASS STEAKHOUSE (D),SALTGRASS STEAKHOUSE (TX),(832) 507-9626,Denton,Active,RESTAURANT,"$1,644.75 ",All (Beer/Wine/Spirits),(TX) Denton
885,DOLLAR GENERAL #14475,DOLLAR GENERAL (DEN),DOLLAR GENERAL (TX),(972) 347-9776,Denton,Active,GENERAL MERCHANDISER,"$1,644.71 ",Beer/Wine,(TX) Denton
2341,LOWE'S OF DURANT #2214,LOWE'S (OK),LOWE'S (OK),(580) 634-0500,Ardmore,Active,NON BEER OFF PREMISE,"$1,644.58 ",Non Alcohol Only,(OK) Bryan
2160,DON JOSE MEXICAN RESTAURANT_2,DON JOSE #2,* Independent Fisher59 - OKLAHOMA,(580) 252-5853,Lawton,Active,RESTAURANT,"$1,644.57 ",All (Beer/Wine/Spirits),(OK) Stephens
40008,WAPY EXPRESS,WAPY EXPRESS,* Independent Fisher59 - OKLAHOMA,(832) 614-5779,Ardmore,Active,C-STORE / GAS,"$1,640.50 ",ABLE HOLD,(OK) Johnston NE (Bromide/Wapanucka)
27,LA FIESTA MEXICAN RESTAURANT,LA FIESTA RESTAURANT,* Independent Fisher59 - OKLAHOMA,(580) 470-8267,Lawton,Active,RESTAURANT,"$1,640.40 ",All (Beer/Wine/Spirits),(OK) Stephens
57511,CASA TORRES MEXICAN REST,CASA TORRES MEXICAN REST,* Independent Fisher59 - TEXAS,(940) 627-6191,Denton,Active,RESTAURANT,"$1,635.20 ",Beer/Wine,(TX) Wise
1050,DOLLAR GENERAL #15155 (BURK RD),DOLLAR GENERAL (DEN),DOLLAR GENERAL (TX),(940) 228-4843,Wichita Falls,Active,GENERAL MERCHANDISER,"$1,629.09 ",Beer/Wine,"(TX) Archer, Baylor, Wichita, Wilbarger"
1453,SCOOTS BAR AND GRILL,SCOOTS BAR AND GRILL,* Independent Fisher59 - TEXAS,(940) 867-9922,Wichita Falls,Active,BAR / TAVERN,"$1,627.40 ",Beer/Wine,"(TX) Archer, Baylor, Wichita, Wilbarger"
1631,EMBASSY SUITES - DENTON,EMBASSY SUITES-D,* Independent Fisher59 - TEXAS,,Denton,Active,HOTEL / MOTEL,"$1,627.20 ",Beer/Wine,(TX) Denton
2010,SAZERAC (D),SAZERAC (D),* Independent Fisher59 - TEXAS,,Denton,Active,SUPPLIER,"$1,626.47 ",All (Beer/Wine/Spirits),(TX) Denton
47787,AMERICAN FOOD MART,AMERICAN FOOD MART,* Independent Fisher59 - TEXAS,(972) 420-9789,Denton,Active,C-STORE / GAS,"$1,625.80 ",Beer/Wine,(TX) Denton
987,FAMILY DOLLAR #3275 (VERNON),FAMILY DOLLAR (TX),FAMILY DOLLAR (TX),(940) 553-1989,Wichita Falls,Active,GENERAL MERCHANDISER,"$1,623.95 ",Beer/Wine,"(TX) Archer, Baylor, Wichita, Wilbarger"
57968,LIQUOR KING #10,LIQUOR KING #10,LIQUOR KING (TX),‭9723939761‬,Denton,Active,LIQUOR / PACKAGE STORE,"$1,617.53 ",All (Beer/Wine/Spirits),(TX) Denton
600,DOLLAR GENERAL #1707 (QUANAH),DOLLAR GENERAL (DEN),DOLLAR GENERAL (TX),(940) 663-6183,Wichita Falls,Active,GENERAL MERCHANDISER,"$1,617.45 ",Beer/Wine,(TX) Hardeman
41036,CASHSAVER,REHKOPF,* Independent Fisher59 - OKLAHOMA,(580) 286-5505,EAST,Active,SUPERMARKET,"$1,615.19 ",Beer/Wine,(OK) McCurtain
40898,SAWYER FINISH LINE,SAWYER FINISH LINE,* Independent Fisher59 - OKLAHOMA,(580) 326-2188,EAST,Active,C-STORE / GAS,"$1,612.72 ",Beer/NA,(OK) Choctaw
1913,71 DEGREES LIQUOR,71 DEGREES LIQUOR,* Independent Fisher59 - OKLAHOMA,(580) 236-9599,EAST,Active,LIQUOR / PACKAGE STORE,"$1,612.25 ",All (Beer/Wine/Spirits),(OK) McCurtain
2824,STAGE WEST,STAGE WEST,* Independent Fisher59 - TEXAS,(940) 696-6453,Wichita Falls,Active,MUSIC / DANCE CLUB,"$1,609.25 ",Beer/Wine,"(TX) Archer, Baylor, Wichita, Wilbarger"
576,APPLEBEE'S NEIGHBORHOOD GRILL & BAR (DUNCAN),APPLEBEE'S (LAW),APPLEBEE'S (OK),(580) 280-1066,Lawton,Active,RESTAURANT,"$1,607.99 ",All (Beer/Wine/Spirits),(OK) Stephens
1223,DOLLAR GENERAL #16785 (FT TOWNSON),DOLLAR GENERAL (OK),DOLLAR GENERAL (OK),,EAST,Active,GENERAL MERCHANDISER,"$1,598.51 ",Beer/NA,(OK) Choctaw
1766,ARDMORE TOBACCO SHOP #1,CHICKASAW NATION DIV OF COMMERCE (L),CHICKASAW NATION DIV OF COMMERCE (OK),(580) 226-8216,Ardmore,Active,C-STORE / GAS,"$1,593.50 ",Beer/Wine,(OK) Carter
3416,DOLLAR GENERAL #31507 (ELGIN),DOLLAR GENERAL (OK),DOLLAR GENERAL (OK),(580) 351-8108,Lawton,Active,GENERAL MERCHANDISER,"$1,590.22 ",Red Bull Only,(OK) Comanche
1451,DIAMONDBACK BAR,DIAMONDBACK BAR,* Independent Fisher59 - OKLAHOMA,,Lawton,Active,BAR / TAVERN,"$1,589.08 ",All (Beer/Wine/Spirits),(OK) Jefferson
40778,C-STORE_2,THE 'C' STORE,* Independent Fisher59 - OKLAHOMA,(580) 924-5070,Ardmore,Active,C-STORE / GAS,"$1,587.96 ",Beer/NA,(OK) Bryan
2933,DENTON CRAFT BEER & WINE,DENTON CRAFT BEER & WINE,* Independent Fisher59 - TEXAS,(469) 585-1424,Denton,Active,C-STORE / GAS,"$1,583.19 ",Beer/Wine,(TX) Denton
2574,TEXAS FOREVER STEAK & BBQ,TEXAS FOREVER STEAK & BBQ,* Independent Fisher59 - TEXAS,(208) 761-9250,Denton,Active,RESTAURANT,"$1,579.45 ",Beer/Wine,(TX) Denton
3078,EL CAPORAL MEXICAN RESTAURANT,EL CAPORAL MEXICAN RESTAURANT,* Independent Fisher59 - OKLAHOMA,,Ardmore,Active,RESTAURANT,"$1,579.00 ",All (Beer/Wine/Spirits),(OK) Bryan
2057,DOLLAR GENERAL #20912 (RATTAN),DOLLAR GENERAL (OK),DOLLAR GENERAL (OK),,EAST,Active,GENERAL MERCHANDISER,"$1,577.20 ",Beer/NA,(OK) Pushmataha
1611,LOS GENERALES MEXICAN RESTAURANT,LOS GENERALES MEXICAN RESTAURANT,* Independent Fisher59 - OKLAHOMA,(210) 719-0091,Ardmore,Active,RESTAURANT,"$1,576.20 ",All (Beer/Wine/Spirits),(OK) Murray
1227,EL PARIENTE (I35),EL PARIENTE (I35),* Independent Fisher59 - TEXAS,(940) 594-9164,Denton,Active,C-STORE / GAS,"$1,574.96 ",Beer/Wine,(TX) Denton
2542,FAMILY DOLLAR #12956 (STATE HIGHWAY 199),FAMILY DOLLAR (OK),FAMILY DOLLAR (OK),,Ardmore,Active,GENERAL MERCHANDISER,"$1,570.45 ",Beer/Wine,(OK) Carter
1470,DOLLAR GENERAL #3675,DOLLAR GENERAL (OK),DOLLAR GENERAL (OK),(580) 482-7574,Lawton,Active,GENERAL MERCHANDISER,"$1,570.38 ",Beer/NA,(OK) Jackson
3130,KNOCKOUT LIQUOR,KNOCKOUT LIQUOR,* Independent Fisher59 - TEXAS,(972) 757-2694,Denton,Active,LIQUOR / PACKAGE STORE,"$1,568.27 ",All (Beer/Wine/Spirits),(TX) Denton
40847,HOP N SHOP #5 (BOSWELL),Shop n Hop,* Independent Fisher59 - OKLAHOMA,(580) 566-2825,EAST,Active,C-STORE / GAS,"$1,567.94 ",Beer/Wine,(OK) Choctaw
2187,GROVE MART,GROVE MART,* Independent Fisher59 - OKLAHOMA,(940) 500-1764,Ardmore,Active,C-STORE / GAS,"$1,567.93 ",Beer/Wine,(OK) Carter
45419,BAYERS BAKERY,BAYERS KOLONIALWAREN,* Independent Fisher59 - TEXAS,(940) 759-2822,Denton,Active,C-STORE / GAS,"$1,565.19 ",Beer/Wine,(TX) Cooke
2235,PUMP 310,PUMP 310,* Independent Fisher59 - OKLAHOMA,(580) 318-4828,Lawton,Active,BAR / TAVERN,"$1,558.16 ",All (Beer/Wine/Spirits),(OK) Jackson
2119,FAMILY DOLLAR #11937 (E. GORE BLVD),FAMILY DOLLAR (OK),FAMILY DOLLAR (OK),,Lawton,Active,GENERAL MERCHANDISER,"$1,554.97 ",Beer/Wine,(OK) Comanche
13291,ELK'S LODGE #1906,ELK'S LODGE #1906,* Independent Fisher59 - OKLAHOMA,(580) 504-5968,Ardmore,Active,PRIVATE CLUB,"$1,551.75 ",All (Beer/Wine/Spirits),(OK) Carter
12550,TISHOMINGO ICE HOUSE,TISHOMINGO ICE HOUSE,* Independent Fisher59 - OKLAHOMA,(580) 319-8135,Ardmore,Active,BAR / TAVERN,"$1,551.36 ",All (Beer/Wine/Spirits),(OK) Johnston
12067,TEXOMA STATION,TEXOMA STATION,* Independent Fisher59 - OKLAHOMA,,Ardmore,Active,C-STORE / GAS,"$1,545.54 ",Beer/Wine,(OK) Marshall East (East of 377)
54825,QUIK MART #1,QUIK MART #1,* Independent Fisher59 - TEXAS,(972) 370-2619,Denton,Active,C-STORE / GAS,"$1,536.91 ",Beer/Wine,(TX) Denton
2201,BAJA CANTINA - ROANOKE,BAJA CANTINA,* Independent Fisher59 - TEXAS,(817) 903-5123,Denton,Active,RESTAURANT,"$1,536.73 ",Beer/Wine,(TX) Denton
2981,FAMILY DOLLAR #13606 (VALLEY VIEW),FAMILY DOLLAR (TX),FAMILY DOLLAR (TX),,Denton,Active,GENERAL MERCHANDISER,"$1,536.38 ",Beer/Wine,(TX) Cooke
53066,CHILIS GRILL BAR-FM 3040,CHILI'S REST (D),CHILI'S RESTAURANT (TX),(972) 691-7581,Denton,Active,RESTAURANT,"$1,534.40 ",Beer/Wine,(TX) Denton
2829,KEMP DOLLAR SAVER #8,KEMP DOLLAR SAVER #8,* Independent Fisher59 - TEXAS,(817) 714-3167,Wichita Falls,Active,C-STORE / GAS,"$1,533.66 ",Beer/Wine,"(TX) Archer, Baylor, Wichita, Wilbarger"
56066,MIGUELITO'S - SANGER,MIGUELITOS - SANGER,* Independent Fisher59 - TEXAS,(940) 458-0074,Denton,Active,RESTAURANT,"$1,532.75 ",Beer/Wine,(TX) Denton
10098,EL CHICO OF ARDMORE,EL CHICO (LAW),EL CHICO (OK),(580) 226-3343,Ardmore,Active,RESTAURANT,"$1,530.24 ",All (Beer/Wine/Spirits),(OK) Carter
55649,GARRISON FOOD MART #10,(WF) GARRISON FOOD MART #10,* Independent Fisher59 - TEXAS,,Wichita Falls,Active,C-STORE / GAS,"$1,529.30 ",Beer/Wine,(TX) Hardeman
58132,CVS PHARMACY #5962,CVS (D),CVS (TX),(940) 382-1810,Denton,Active,DRUG STORE,"$1,528.20 ",Beer/Wine,(TX) Denton
1381,ORIENT DRUGSTORE & GRILL,ORIENT DRUG STORE,* Independent Fisher59 - OKLAHOMA,(580) 649-0878,Lawton,Active,BAR / TAVERN,"$1,523.34 ",All (Beer/Wine/Spirits),(OK) Jackson
2614,SNAPPER SHACK GRILL,SNAPPER SHACK GRILL,* Independent Fisher59 - OKLAHOMA,(580) 289-0228,Ardmore,Active,RESTAURANT,"$1,521.95 ",All (Beer/Wine/Spirits),(OK) Johnston
1873,GOLD NUGGET PACKAGE STORE,GOLD NUGGET PACKAGE STORE,* Independent Fisher59 - OKLAHOMA,(580) 229-5129,Ardmore,Active,LIQUOR / PACKAGE STORE,"$1,516.50 ",All (Beer/Wine/Spirits),(OK) Carter
2240,BABALOUS SPORTS BAR,BABALOU'S LOUNGE,* Independent Fisher59 - OKLAHOMA,(580) 647-6967,Lawton,Active,BAR / TAVERN,"$1,509.63 ",All (Beer/Wine/Spirits),(OK) Comanche
7476,WEEKS PARK GOLF COURSE,WEEKS PARK GOLF COURSE,* Independent Fisher59 - TEXAS,(940) 767-6107,Wichita Falls,Active,GOLF / COUNTRY CLUB,"$1,508.05 ",Beer/Wine,"(TX) Archer, Baylor, Wichita, Wilbarger"
10093,ON THE WAY 2,ON THE WAY 2,* Independent Fisher59 - OKLAHOMA,(469) 345-3254,Ardmore,Active,C-STORE / GAS,"$1,507.58 ",Beer/NA,(OK) Carter
740,DOLLAR GENERAL #6507,DOLLAR GENERAL (DEN),DOLLAR GENERAL (TX),(940) 385-2780,Denton,Active,GENERAL MERCHANDISER,"$1,507.43 ",Beer/Wine,(TX) Denton
40856,THE CORNER STORE - FT TOWSON,THE CORNER STORE - FT TOWSON,* Independent Fisher59 - OKLAHOMA,,EAST,Active,C-STORE / GAS,"$1,504.93 ",Beer/Wine,(OK) Choctaw
2338,LOWE'S OF ARDMORE #1749,LOWE'S (OK),LOWE'S (OK),(580) 490-3430,Ardmore,Active,NON BEER OFF PREMISE,"$1,500.19 ",Non Alcohol Only,(OK) Carter
11867,DOLLAR GENERAL #8057 (N. COMMERCE),DOLLAR GENERAL (OK),DOLLAR GENERAL (OK),(580) 490-9905,Ardmore,Active,GENERAL MERCHANDISER,"$1,495.06 ",Beer/NA,(OK) Carter
41003,KATES QUICK STOP,QUICK STOP,* Independent Fisher59 - OKLAHOMA,(580) 245-1496,EAST,Active,C-STORE / GAS,"$1,491.41 ",Beer/Wine,(OK) McCurtain
2923,FAMILY DOLLAR #13127 (ELECTRA),FAMILY DOLLAR (TX),FAMILY DOLLAR (TX),,Wichita Falls,Active,GENERAL MERCHANDISER,"$1,489.66 ",Beer/Wine,"(TX) Archer, Baylor, Wichita, Wilbarger"
2577,FAMILY DOLLAR #13193 (SNYDER),FAMILY DOLLAR (OK),FAMILY DOLLAR (OK),,Lawton,Active,GENERAL MERCHANDISER,"$1,487.08 ",Beer/Wine,(OK) Kiowa
3030,RT'S FOOD STORE_2,RT'S FOOD STORE_2,* Independent Fisher59 - TEXAS,,Wichita Falls,Active,C-STORE / GAS,"$1,482.13 ",Beer/Wine,"(TX) Archer, Baylor, Wichita, Wilbarger"
53993,WALGREENS #4171,WALGREENS (D),WALGREENS (TX),(847) 315-6802,Denton,Active,DRUG STORE,"$1,481.60 ",Beer/Wine,(TX) Denton
2020,THE COMMODORE,THE COMMODORE,* Independent Fisher59 - OKLAHOMA,(405) 315-1012,Ardmore,Active,RESTAURANT,"$1,480.92 ",All (Beer/Wine/Spirits),(OK) Carter
432,RUSTY SPUR (SEYMOUR),RUSTY SPUR (SEYMOUR),* Independent Fisher59 - TEXAS,(817) 565-9100,Wichita Falls,Active,PRIVATE CLUB,"$1,479.70 ",Beer/Wine,"(TX) Archer, Baylor, Wichita, Wilbarger"
4775,RIVERSIDE CAFE,RIVERSIDE CAFE,* Independent Fisher59 - OKLAHOMA,(580) 730-1119,Lawton,Active,RESTAURANT,"$1,479.60 ",All (Beer/Wine/Spirits),(OK) Comanche
3048,DOLLAR GENERAL #25890 (TIPTON),DOLLAR GENERAL (OK),DOLLAR GENERAL (OK),,Lawton,Active,GENERAL MERCHANDISER,"$1,455.06 ",Beer/NA,(OK) Comanche
408,SPICY'S BAR (BOWIE),SPICY'S BAR (BOWIE),* Independent Fisher59 - TEXAS,(940) 872-3255,Denton,Active,BAR / TAVERN,"$1,453.55 ",Beer/Wine,(TX) Montague
46136,CHILIS GRILL BAR-FM 407,CHILI'S REST (D),CHILI'S RESTAURANT (TX),(972) 355-5826,Denton,Active,RESTAURANT,"$1,451.95 ",Beer/Wine,(TX) Denton
2035,MISS ANGELINE'S,MISS ANGELINE'S,* Independent Fisher59 - TEXAS,,Denton,Active,BAR / TAVERN,"$1,450.91 ",Beer/Wine,(TX) Denton
2973,BURRITOS MICOS,BURRITOS MICOS,* Independent Fisher59 - OKLAHOMA,(580) 280-9012,Lawton,Active,RESTAURANT,"$1,450.16 ",All (Beer/Wine/Spirits),(OK) Comanche
2650,81 STAKEOUT,81 STAKEOUT,* Independent Fisher59 - OKLAHOMA,(580) 656-5940,Lawton,Active,RESTAURANT,"$1,449.37 ",All (Beer/Wine/Spirits),(OK) Comanche
15324,CROSSROADS STORE,CROSSROADS STORE,* Independent Fisher59 - OKLAHOMA,(580) 276-9696,Ardmore,Active,C-STORE / GAS,"$1,444.65 ",Beer/NA,(OK) Marshall East (East of 377)
58479,VFW #1922 (GAINESVILLE),VFW #1922 (GAINESVILLE),* Independent Fisher59 - TEXAS,(940) 665-9054,Denton,Active,PRIVATE CLUB,"$1,440.45 ",Beer/Wine,(TX) Cooke
41117,CONVENIENCE CENTER,CONVENIENCE CENTER,* Independent Fisher59 - OKLAHOMA,(580) 298-6715,EAST,Active,C-STORE / GAS,"$1,438.76 ",Beer/NA,(OK) Pushmataha
13290,COOP'S ON COMMERCE,COOP'S ON COMMERCE,* Independent Fisher59 - OKLAHOMA,(501) 691-3290,Ardmore,Active,BAR / TAVERN,"$1,436.43 ",All (Beer/Wine/Spirits),(OK) Carter
1831,ALDI #1,ALDI (D),ALDI (TX),,Denton,Active,SUPERMARKET,"$1,435.90 ",Beer/Wine,(TX) Denton
2340,LOWE'S OF LAWTON #1724,LOWE'S (OK),LOWE'S (OK),(580) 581-0300,Lawton,Active,NON BEER OFF PREMISE,"$1,433.47 ",Non Alcohol Only,(OK) Comanche
2942,COMANCHE COUNTY FAIRGROUNDS,COMANCHE COUNTY FAIRGROUNDS,* Independent Fisher59 - OKLAHOMA,(580) 357-1483,Lawton,Active,CONCESSIONAIRE,"$1,429.80 ",All (Beer/Wine/Spirits),(OK) Comanche
3036,OAK AND MAIN,OAK AND MAIN,* Independent Fisher59 - TEXAS,(817) 999-9417,Denton,Active,RESTAURANT,"$1,416.15 ",Beer/Wine,(TX) Denton
1447,CVS #11091,CVS (D),CVS (TX),(940) 240-0838,Denton,Active,DRUG STORE,"$1,416.00 ",Beer/Wine,(TX) Denton
2676,THE TASTING ROOM,THE TASTING ROOM,* Independent Fisher59 - OKLAHOMA,,EAST,Active,BAR / TAVERN,"$1,415.65 ",All (Beer/Wine/Spirits),(OK) McCurtain
1725,MARKET,THE MARKET_2,* Independent Fisher59 - OKLAHOMA,(405) 247-9144,Lawton,Active,LIQUOR / PACKAGE STORE,"$1,415.00 ",All (Beer/Wine/Spirits),(OK) Caddo
53994,WALGREENS #4578,WALGREENS (D),WALGREENS (TX),(847) 315-6802,Denton,Active,DRUG STORE,"$1,412.85 ",Beer/Wine,(TX) Denton
13080,APPLEBEE'S NEIGHBORHOOD GRILL & BAR (ADMORE),APPLEBEE'S (LAW),APPLEBEE'S (OK),(580) 490-3373,Ardmore,Active,RESTAURANT,"$1,412.53 ",All (Beer/Wine/Spirits),(OK) Carter
49350,DOLLAR GENERAL #16353 (WAPANUCKA),DOLLAR GENERAL (OK),DOLLAR GENERAL (OK),,Ardmore,Active,GENERAL MERCHANDISER,"$1,412.06 ",Beer/NA,(OK) Johnston NE (Bromide/Wapanucka)
1858,DOLLAR GENERAL #18792 (PETROLIA),DOLLAR GENERAL (DEN),DOLLAR GENERAL (TX),,Wichita Falls,Active,GENERAL MERCHANDISER,"$1,411.80 ",Beer/Wine,(TX) Clay
60665,CHILIS GRILL BAR-DENTON,CHILI'S REST (D),CHILI'S RESTAURANT (TX),(940) 891-0855,Denton,Active,RESTAURANT,"$1,409.80 ",Beer/Wine,(TX) Denton
2228,LEGENDS WINSTAR HOTEL,LEGENDS HOSPITALITY,* Independent Fisher59 - OKLAHOMA,,Ardmore,Active,HOTEL / MOTEL,"$1,407.13 ",All (Beer/Wine/Spirits),(OK) Love
992,BJ'S BREWHOUSE & RESTAURANT - DENTON,BJ'S BREWHOUSE (D),BJ'S BREWHOUSE (TX),(940) 736-9435,Denton,Active,RESTAURANT,"$1,404.55 ",Beer/Wine,(TX) Denton
12151,CANEY CREEK RESORT GAS,CANEY CREEK RESORT GAS,* Independent Fisher59 - OKLAHOMA,,Ardmore,Active,C-STORE / GAS,"$1,400.58 ",Beer/NA,(OK) Marshall East (East of 377)
62661,EAGLE STOP - DENTON,EAGLE STOP - DENTON,* Independent Fisher59 - TEXAS,(940) 387-5549,Denton,Active,C-STORE / GAS,"$1,396.24 ",Beer/Wine,(TX) Denton
40682,CADDO ONE STOP,CADDO ONE STOP,* Independent Fisher59 - OKLAHOMA,(580) 367-3020,Ardmore,Active,C-STORE / GAS,"$1,395.87 ",Beer/Wine,(OK) Bryan
54437,CHILIS GRILL BAR- FRISCO ED,CHILI'S REST (D),CHILI'S RESTAURANT (TX),(972) 731-9922,Denton,Active,RESTAURANT,"$1,393.30 ",Beer/Wine,(TX) Denton
1614,ALDI #94,ALDI (D),ALDI (TX),(940) 220-5400,Denton,Active,SUPERMARKET,"$1,388.10 ",Beer/Wine,(TX) Denton
49341,FUZZY'S TACO SHOP - NORTH FRISCO,FUZZY'S TACO SHOP - NORTH FRISCO,FUZZY'S TACO SHOP (TX),(214) 335-8953,Denton,Active,RESTAURANT,"$1,387.45 ",Beer/Wine,(TX) Denton
40907,HOP N SHOP #11 (COALGATE),Shop n Hop,* Independent Fisher59 - OKLAHOMA,(580) 927-3266,EAST,Active,C-STORE / GAS,"$1,384.58 ",Beer/NA,(OK) Coal
48462,CANUCKS,CANUCKS,* Independent Fisher59 - TEXAS,(817) 929-4588,Denton,Active,BAR / TAVERN,"$1,380.95 ",Beer/Wine,(TX) Denton
3331,PUSH START PLAY,PUSH START PLAY,* Independent Fisher59 - TEXAS,(940) 594-2291,Denton,Active,BAR / TAVERN,"$1,380.40 ",Beer/Wine,(TX) Denton
1123,CHISHOLM CORNER WF #14,DIAMOND JUBILEE OIL LLC (TX),* Independent Fisher59 - TEXAS,(940) 767-8898,Wichita Falls,Active,C-STORE / GAS,"$1,380.00 ",Beer/Wine,"(TX) Archer, Baylor, Wichita, Wilbarger"
49230,CENTENARIO MEXICAN GRILL AND BAR,POTRILLOS MEXICAN RESTAURANT_2,* Independent Fisher59 - OKLAHOMA,(580) 224-1603,Ardmore,Active,RESTAURANT,"$1,378.27 ",All (Beer/Wine/Spirits),(OK) Murray
40985,GARVIN GROCERY,GARVIN COUNTRY STORE,* Independent Fisher59 - OKLAHOMA,(580) 286-3380,EAST,Active,C-STORE / GAS,"$1,377.44 ",Beer/NA,(OK) McCurtain
1573,FITO'S TACOS DE TROMPO,FITO'S TACOS DE TROMPO,* Independent Fisher59 - TEXAS,,Denton,Active,RESTAURANT,"$1,375.97 ",Beer/Wine,(TX) Denton
13220,WILSON Y CORNER SHELL,BOB SINGH'S STORES (L),BOB SINGH'S STORES (OK),(469) 925-7208,Ardmore,Active,C-STORE / GAS,"$1,372.85 ",Beer/NA,(OK) Carter
54001,WALGREENS #6759,WALGREENS (D),WALGREENS (TX),(940) 498-0045,Denton,Active,DRUG STORE,"$1,370.95 ",Beer/Wine,(TX) Denton
62091,CHARLIES LAKESIDE BAR & GRILL,CHARLIES LAKESIDE BAR & GRILL,* Independent Fisher59 - TEXAS,(972) 832-7911,Denton,Active,RESTAURANT,"$1,367.50 ",Beer/Wine,(TX) Denton
673,FAMILY DOLLAR #13781 (ARCHER CITY),FAMILY DOLLAR (TX),FAMILY DOLLAR (TX),,Wichita Falls,Active,GENERAL MERCHANDISER,"$1,359.72 ",Beer/Wine,"(TX) Archer, Baylor, Wichita, Wilbarger"
2466,WALGREENS #6199,WALGREENS (L),WALGREENS (OK),(580) 536-4621,Lawton,Active,DRUG STORE,"$1,356.97 ",Beer/Wine,(OK) Comanche
1207,GLORIA'S - HIGHLAND VILLAGE,GLORIA'S - HIGHLAND VILLAGE,* Independent Fisher59 - TEXAS,(972) 539-7300,Denton,Active,RESTAURANT,"$1,351.00 ",Beer/Wine,(TX) Denton
40988,TRAVEL PLAZA #634 (GARVIN),CHOCTAW NATION (L),CHOCTAW TRAVEL PLAZA (OK),(580) 746-2212,EAST,Active,C-STORE / GAS,"$1,347.31 ",Beer/Wine,(OK) McCurtain
2803,BRONCO LIQUOR,BRONCO LIQUOR,* Independent Fisher59 - OKLAHOMA,(405) 544-7000,Lawton,Active,LIQUOR / PACKAGE STORE,"$1,346.16 ",All (Beer/Wine/Spirits),(OK) Grady
210,GREEN SPRAY FOOD CENTER_2,GREEN SPRAY,* Independent Fisher59 - OKLAHOMA,(580) 924-3663,Ardmore,Active,NEIGHBORHOOD GROC.,"$1,345.33 ",Beer/NA,(OK) Bryan
1463,DOLLAR GENERAL #4747 (SE 45TH ST),DOLLAR GENERAL (OK),DOLLAR GENERAL (OK),(580) 353-8455,Lawton,Active,GENERAL MERCHANDISER,"$1,331.30 ",Beer/NA,(OK) Comanche
3073,TWISTED ANCHOR PATIO & GRILL,TWISTED ANCHOR PATIO & GRILL,* Independent Fisher59 - OKLAHOMA,(405) 570-6018,Ardmore,Active,RESTAURANT,"$1,331.17 ",All (Beer/Wine/Spirits),(OK) Marshall East (East of 377)
3306,DAKOTA'S LIQUOR BEER WINE,DAKOTA'S LIQUOR BEER WINE,* Independent Fisher59 - TEXAS,(817) 455-3778,Wichita Falls,Active,LIQUOR / PACKAGE STORE,"$1,330.55 ",All (Beer/Wine/Spirits),"(TX) Archer, Baylor, Wichita, Wilbarger"
1359,GONZALEZ MEXICAN WYNN,GONZALES MEXICAN RESTAURANT_2,* Independent Fisher59 - OKLAHOMA,(405) 251-5060,Ardmore,Active,RESTAURANT,"$1,328.79 ",All (Beer/Wine/Spirits),(OK) Garvin
2166,GONZALEZ MEXICAN LINDSAY,GONZALEZ MEXICAN RESTAURANT_3,* Independent Fisher59 - OKLAHOMA,,Lawton,Active,RESTAURANT,"$1,325.00 ",All (Beer/Wine/Spirits),(OK) Garvin
316,LAZY DOG SALOON,LAZY DOG SALOON,* Independent Fisher59 - TEXAS,(940) 704-7666,Wichita Falls,Active,BAR / TAVERN,"$1,324.20 ",Beer/Wine,"(TX) Archer, Baylor, Wichita, Wilbarger"
2782,RED BARN PACKAGE,RED BARN PACKAGE,* Independent Fisher59 - OKLAHOMA,(580) 298-5068,EAST,Active,LIQUOR / PACKAGE STORE,"$1,319.87 ",All (Beer/Wine/Spirits),(OK) Pushmataha
3241,HESS MEAT MARKET & GROCERY,HESS MEAT MARKET & GROCERY,* Independent Fisher59 - TEXAS,(940) 736-5514,Denton,Active,SUPERMARKET,"$1,319.45 ",Beer/Wine,(TX) Cooke
54005,WALGREENS #11320,WALGREENS (D),WALGREENS (TX),(847) 315-6804,Denton,Active,DRUG STORE,"$1,311.90 ",Beer/Wine,(TX) Denton
2362,FAMILY DOLLAR #32580 (HENRIETTA),FAMILY DOLLAR (TX),FAMILY DOLLAR (TX),,Wichita Falls,Active,GENERAL MERCHANDISER,"$1,306.15 ",Beer/Wine,(TX) Clay
1636,MENA'S TEX MEX GRILL - LAKESIDE,MENA'S TEX MEX GRILL - LAKESIDE,* Independent Fisher59 - TEXAS,,Denton,Active,RESTAURANT,"$1,305.80 ",Beer/Wine,(TX) Denton
3035,FAMILY DOLLAR #32113 (QUANAH),FAMILY DOLLAR (TX),FAMILY DOLLAR (TX),,Wichita Falls,Active,GENERAL MERCHANDISER,"$1,304.78 ",Beer/Wine,(TX) Hardeman
41166,DOLLAR GENERAL #4356 (N. RADIO RD.),DOLLAR GENERAL (OK),DOLLAR GENERAL (OK),(580) 931-0175,Ardmore,Active,GENERAL MERCHANDISER,"$1,301.84 ",Red Bull Only,(OK) Bryan
2061,BULGOGI HOUSE POOL HALL,BULGOGI HOUSE POOL HALL,* Independent Fisher59 - OKLAHOMA,(580) 917-7319,Lawton,Active,BAR / TAVERN,"$1,299.51 ",All (Beer/Wine/Spirits),(OK) Comanche
2864,LA GRAND CANTINA,LA GRAND CANTINA,* Independent Fisher59 - OKLAHOMA,(314) 624-9419,Lawton,Active,RESTAURANT,"$1,298.91 ",All (Beer/Wine/Spirits),(OK) Comanche
2285,FAMILY DOLLAR #1663 (SW LEE BLVD),FAMILY DOLLAR (OK),FAMILY DOLLAR (OK),,Lawton,Active,GENERAL MERCHANDISER,"$1,297.95 ",Beer/NA,(OK) Comanche
1385,BACKDOOR STEAKHOUSE,BACKDOOR STEAKHOUSE,* Independent Fisher59 - OKLAHOMA,(580) 563-2000,Lawton,Active,RESTAURANT,"$1,297.08 ",All (Beer/Wine/Spirits),(OK) Jackson
41030,E-Z MART #4251(S CENTAL IDABEL,GPM SOUTHEAST (L),GPM SOUTHEAST (E-Z MART) (OK),(580) 286-7752,EAST,Active,C-STORE / GAS,"$1,296.44 ",Beer/Wine,(OK) McCurtain
2808,CHILIS GRILL BAR - WF,CHILI'S REST (D),CHILI'S RESTAURANT (TX),(940) 692-4995,Wichita Falls,Active,RESTAURANT,"$1,294.90 ",Beer/Wine,"(TX) Archer, Baylor, Wichita, Wilbarger"
3163,LAKEWOOD LIQUOR,LAKEWOOD LIQUOR,* Independent Fisher59 - OKLAHOMA,(580) 380-0662,Ardmore,Active,LIQUOR / PACKAGE STORE,"$1,293.39 ",All (Beer/Wine/Spirits),(OK) Bryan
893,SANTA FE GRILL -STEW. PENINSULA,SANTA FE GRILL -STEW. PENINSULA,* Independent Fisher59 - TEXAS,,Denton,Active,GOLF / COUNTRY CLUB,"$1,292.50 ",Beer/Wine,(TX) Denton
40655,TUSHKA SUPERETTE,TUSHKA SUPERETTE,* Independent Fisher59 - OKLAHOMA,(580) 889-3132,EAST,Active,C-STORE / GAS,"$1,292.06 ",Beer/NA,(OK) Atoka
634,DOLLAR GENERAL #12091 (ALVORD),DOLLAR GENERAL (DEN),DOLLAR GENERAL (TX),(940) 427-2022,Denton,Active,GENERAL MERCHANDISER,"$1,288.15 ",Beer/Wine,(TX) Wise
13330,ROCKFORD C MART,ROCKFORD C STORE,* Independent Fisher59 - OKLAHOMA,(580) 223-4000,Ardmore,Active,C-STORE / GAS,"$1,286.11 ",Beer/NA,(OK) Carter
1468,DOLLAR GENERAL #9421 (NW FT. SILL BLVD),DOLLAR GENERAL (OK),DOLLAR GENERAL (OK),(580) 355-2649,Lawton,Active,GENERAL MERCHANDISER,"$1,273.38 ",Beer/NA,(OK) Comanche
2358,RIVER BOTTOM CAMPGROUND,RIVER BOTTOM CAMP GROUND,* Independent Fisher59 - OKLAHOMA,(580) 369-0321,Ardmore,Active,BAR / TAVERN,"$1,265.65 ",Beer/Wine,(OK) Murray
40004,PIERCES KNICK KNACKS,PIERCES KNICK KNACKS,* Independent Fisher59 - OKLAHOMA,(580) 566-9906,EAST,Active,NEIGHBORHOOD GROC.,"$1,264.17 ",Beer/NA,(OK) Choctaw
41163,DOLLAR GENERAL #10847 (CADDO),DOLLAR GENERAL (OK),DOLLAR GENERAL (OK),(580) 367-9849,Ardmore,Active,GENERAL MERCHANDISER,"$1,249.82 ",Beer/NA,(OK) Bryan
41160,DOLLAR GENERAL #2960 (IDABEL),DOLLAR GENERAL (OK),DOLLAR GENERAL (OK),(580) 286-6544,EAST,Active,GENERAL MERCHANDISER,"$1,249.31 ",Beer/NA,(OK) McCurtain
54537,CVS PHARMACY #6920,CVS (D),CVS (TX),(972) 624-0605,Denton,Active,DRUG STORE,"$1,248.59 ",Beer/Wine,(TX) Denton
49204,VERF'S GRILL & TAVERN,VERF'S GRILL & TAVERN,* Independent Fisher59 - TEXAS,(214) 923-8709,Denton,Active,RESTAURANT,"$1,246.40 ",Beer/Wine,(TX) Denton
888,MARGARITA'S MEXICAN RESTAURANT,MARGARITA'S MEXICAN RESTAURANT,* Independent Fisher59 - TEXAS,,Denton,Active,RESTAURANT,"$1,246.15 ",Beer/Wine,(TX) Denton
3049,COMIDA MEXICANA CASTILLO,COMIDA MEXICANA CASTILLO,* Independent Fisher59 - TEXAS,,Denton,Active,RESTAURANT,"$1,242.98 ",Beer/Wine,(TX) Cooke
2590,ELK'S LODGE # 2125,ELK'S LODGE # 2125,* Independent Fisher59 - OKLAHOMA,(405) 205-9291,Lawton,Active,PRIVATE CLUB,"$1,242.14 ",All (Beer/Wine/Spirits),(OK) Stephens
1497,SPROUTS FARMERS MARKET #151 - FRISCO,SPROUTS (D),SPROUTS (TX),(469) 731-7261,Denton,Active,SUPERMARKET,"$1,241.85 ",Beer/Wine,(TX) Denton
19,FLIX BILLIARDS & MORE,FLIX,* Independent Fisher59 - OKLAHOMA,(580) 284-5511,Lawton,Active,SPORTS BAR,"$1,235.97 ",All (Beer/Wine/Spirits),(OK) Comanche
1295,EL CAMPESINO,EL CAMPESINO,* Independent Fisher59 - OKLAHOMA,(580) 470-8874,Lawton,Active,RESTAURANT,"$1,231.34 ",All (Beer/Wine/Spirits),(OK) Stephens
1495,BENJAMIN'S PIZZA,BENJAMIN'S PIZZA,* Independent Fisher59 - TEXAS,(214) 906-0851,Denton,Active,RESTAURANT,"$1,229.80 ",Beer/Wine,(TX) Denton
1638,HOULIHANS,HOULIHANS,* Independent Fisher59 - TEXAS,,Denton,Active,HOTEL / MOTEL,"$1,228.95 ",Beer/Wine,(TX) Denton
548910,STIXX & STONES,STIXX & STONES,* Independent Fisher59 - TEXAS,(817) 975-9779,Denton,Active,BAR / TAVERN,"$1,228.95 ",Beer/Wine,(TX) Denton
45922,ON THE BORDER - DENTON,ON THE BORDER (D),ON THE BORDER (TX),(940) 566-0399,Denton,Active,RESTAURANT,"$1,228.10 ",Beer/Wine,(TX) Denton
481,VILLA GRANDE - DENTON,VILLA GRANDE MEXICAN RESTAURANT,* Independent Fisher59 - TEXAS,(940) 382-6416,Denton,Active,RESTAURANT,"$1,222.55 ",Beer/Wine,(TX) Denton
1594,LOCAL PINT,LOCAL PINT,* Independent Fisher59 - TEXAS,,Denton,Active,RESTAURANT,"$1,221.50 ",Beer/Wine,(TX) Denton
57851,ERNESTO'S - PILOT POINT,ERNESTO'S - PILOT POINT,* Independent Fisher59 - TEXAS,,Denton,Active,RESTAURANT,"$1,221.40 ",Beer/Wine,(TX) Denton
41069,DOC'S IN & OUT_2,DOC'S IN OUT,* Independent Fisher59 - OKLAHOMA,(580) 933-7546,EAST,Active,C-STORE / GAS,"$1,217.37 ",Beer/NA,(OK) McCurtain
1518,DOLLAR GENERAL #18024 (LANE),DOLLAR GENERAL (OK),DOLLAR GENERAL (OK),,Ardmore,Active,GENERAL MERCHANDISER,"$1,212.56 ",Beer/NA,(OK) Bryan
1789,HILLSIDE GRILL,HILLSIDE GRILL,* Independent Fisher59 - TEXAS,(479) 899-4006,Denton,Active,RESTAURANT,"$1,212.05 ",Beer/Wine,(TX) Denton
49347,WILDHORSE GRILL,ROBSON COMMUNITIES,* Independent Fisher59 - TEXAS,,Denton,Active,GOLF / COUNTRY CLUB,"$1,207.17 ",Beer/Wine,(TX) Denton
6014,ESPERANZA MEXICAN RESTAURANT,ESPERANZA MEXICAN RESTAURANT,* Independent Fisher59 - OKLAHOMA,(580) 475-1318,Lawton,Active,RESTAURANT,"$1,205.20 ",All (Beer/Wine/Spirits),(OK) Stephens
2693,MOTOR CITY PIZZA,MOTOR CITY PIZZA,* Independent Fisher59 - TEXAS,(214) 654-6276,Denton,Active,RESTAURANT,"$1,204.70 ",Beer/Wine,(TX) Denton
49359,DOLLAR GENERAL #417,DOLLAR GENERAL (DEN),DOLLAR GENERAL (TX),(940) 243-2124,Denton,Active,GENERAL MERCHANDISER,"$1,203.95 ",Beer/Wine,(TX) Denton
1847,TIO'S MEXICAN RESTAURANT,TIO'S-PAULS VALLEY,* Independent Fisher59 - OKLAHOMA,(405) 238-3535,Ardmore,Active,RESTAURANT,"$1,201.90 ",All (Beer/Wine/Spirits),(OK) Garvin
45944,VILLA GRANDE - CROSS ROADS,VILLA GRANDE,* Independent Fisher59 - TEXAS,(940) 365-1700,Denton,Active,RESTAURANT,"$1,198.15 ",Beer/Wine,(TX) Denton
40916,KOUNTRY STORE (MAIN),KOUNTRY STORE,* Independent Fisher59 - OKLAHOMA,(580) 845-2652,EAST,Active,C-STORE / GAS,"$1,196.35 ",Beer/NA,(OK) Coal
1064,RIB CRIB #72,THE RIB CRIB #72,THE RIB CRIB (OK),(580) 786-4027,Lawton,Active,RESTAURANT,"$1,195.40 ",All (Beer/Wine/Spirits),(OK) Stephens
3419,LUCKY STOP #5 (DURANT),LUCKY STOP #5 (DURANT),* Independent Fisher59 - OKLAHOMA,(903) 624-9704,Ardmore,Active,C-STORE / GAS,"$1,194.68 ",Beer/Wine,(OK) Bryan
40769,MILLER'S DRIVE THRU,MILLER'S DRIVE THRU,* Independent Fisher59 - OKLAHOMA,(214) 223-5625,Ardmore,Active,C-STORE / GAS,"$1,192.80 ",Beer/NA,(OK) Bryan
2562,HACIENDA LAS MARGARITAS MEXICAN GRILL,HACIENDA LAS MARGARITAS,* Independent Fisher59 - OKLAHOMA,(580) 492-6604,Lawton,Active,RESTAURANT,"$1,189.60 ",All (Beer/Wine/Spirits),(OK) Comanche
2012,MEGASTAR BEVERAGE CASINO,WINSTAR/TRADITIONS ON PREMISE (L),WINSTAR/TRADITIONS ON PREMISE (OK),(903) 893-1307,Ardmore,Active,CASINO / GAMING,"$1,186.20 ",All (Beer/Wine/Spirits),(OK) Marshall East (East of 377)
4905,THE PATRIOT CLUB,MWR FT SILL (L),MWR FT SILL (OK),(580) 442-5300,Lawton,Active,MILITARY ON-PREMISE,"$1,184.87 ",All (Beer/Wine/Spirits),(OK) Comanche
41126,HANK'S,HANK'S,* Independent Fisher59 - OKLAHOMA,(580) 587-2422,EAST,Active,NEIGHBORHOOD GROC.,"$1,182.69 ",Beer/NA,(OK) Pushmataha
13570,DORNICK HILLS GOLF & COUNTRY CLUB,DORNICK HILLS,* Independent Fisher59 - OKLAHOMA,,Ardmore,Active,GOLF / COUNTRY CLUB,"$1,173.52 ",All (Beer/Wine/Spirits),(OK) Carter
40658,KWIK CHEK FOOD MART #12,KWIK CHEK (L),KWIK CHEK (OK),(580) 283-3920,Ardmore,Active,C-STORE / GAS,"$1,172.43 ",Beer/NA,(OK) Bryan
2196,MY DOLLAR PLUS,MY DOLLAR PLUS,* Independent Fisher59 - OKLAHOMA,(903) 573-5093,EAST,Active,GENERAL MERCHANDISER,"$1,171.63 ",Non Alcohol Only,(OK) McCurtain
1953,FAMILY DOLLAR #31907 (MLK BLVD),FAMILY DOLLAR (TX),FAMILY DOLLAR (TX),,Wichita Falls,Active,GENERAL MERCHANDISER,"$1,166.06 ",Beer/Wine,"(TX) Archer, Baylor, Wichita, Wilbarger"
40640,LANE LAKEWAY STOP,LANE LAKEWAY STOP_2,* Independent Fisher59 - OKLAHOMA,,EAST,Active,C-STORE / GAS,"$1,164.93 ",Beer/Wine,(OK) Atoka
2881,FT SILL BOWLING ALLEY,MWR FT SILL (L),MWR FT SILL (OK),(580) 512-8882,Lawton,Active,MILITARY ON-PREMISE,"$1,163.43 ",All (Beer/Wine/Spirits),(OK) Comanche
2532,APOLLO LIQUOR,APOLLO LIQUOR,BETHANY LIQUOR (TX),,Denton,Active,LIQUOR / PACKAGE STORE,"$1,159.19 ",All (Beer/Wine/Spirits),(TX) Cooke
3288,DOLLAR GENERAL #30872 (SOPER),DOLLAR GENERAL (OK),DOLLAR GENERAL (OK),(615) 239-9536,EAST,Active,GENERAL MERCHANDISER,"$1,155.02 ",Red Bull Only,(OK) Choctaw
3363,MAR'S LIQUORS,MAR'S LIQUORS,* Independent Fisher59 - TEXAS,(917) 340-7175,Denton,Active,LIQUOR / PACKAGE STORE,"$1,150.21 ",All (Beer/Wine/Spirits),(TX) Denton
8220,MAXIMUS THE MIX,MAXIMUSTHE MIX,* Independent Fisher59 - TEXAS,(940) 322-2842,Wichita Falls,Active,ADULT ENTERTAINMENT,"$1,149.60 ",Beer/Wine,"(TX) Archer, Baylor, Wichita, Wilbarger"
1384,APPLEBEE'S NEIGHBORHOOD GRILL & BAR (ALTUS),APPLEBEE'S (LAW),APPLEBEE'S (OK),(580) 919-3522,Lawton,Active,RESTAURANT,"$1,148.16 ",All (Beer/Wine/Spirits),(OK) Jackson
47597,FISH CITY GRILL,FISH CITY GRILL,* Independent Fisher59 - TEXAS,(972) 899-1630,Denton,Active,RESTAURANT,"$1,147.35 ",Beer/Wine,(TX) Denton
3277,MCBRIDE'S STEAKHOUSE,MCBRIDE'S STEAKHOUSE,* Independent Fisher59 - TEXAS,(940) 696-0250,Wichita Falls,Active,RESTAURANT,"$1,147.25 ",Beer/Wine,"(TX) Archer, Baylor, Wichita, Wilbarger"
53990,LOS JALEPENOS - LITTLE ELM,LOS JALAPENOS - LITTLE ELM,* Independent Fisher59 - TEXAS,,Denton,Active,RESTAURANT,"$1,146.60 ",Beer/Wine,(TX) Denton
57414,BEER BARN #3,BEER BARN #3,* Independent Fisher59 - TEXAS,(940) 321-4400,Denton,Active,C-STORE / GAS,"$1,146.06 ",TABC HOLD,(TX) Denton
1303,ALDI #36,ALDI (D),ALDI (TX),(214) 436-4680,Denton,Active,SUPERMARKET,"$1,142.20 ",Beer/Wine,(TX) Denton
1622,OLE RED,OLE RED,* Independent Fisher59 - OKLAHOMA,(580) 319-2747,Ardmore,Active,BAR / TAVERN,"$1,142.12 ",All (Beer/Wine/Spirits),(OK) Johnston
2703,CALERA GROCERY & MORE,CALERA GROCERY & MORE,* Independent Fisher59 - OKLAHOMA,(580) 380-8182,Ardmore,Active,SUPERMARKET,"$1,141.56 ",Beer/Wine,(OK) Bryan
1746,DENTON LIQUOR,DENTON LIQUOR,* Independent Fisher59 - TEXAS,(267) 367-9348,Denton,Active,LIQUOR / PACKAGE STORE,"$1,140.90 ",All (Beer/Wine/Spirits),(TX) Denton
1851,CHUCKWAGON,THECHUCKWAGON,* Independent Fisher59 - OKLAHOMA,(405) 826-3456,Ardmore,Active,RESTAURANT,"$1,140.45 ",All (Beer/Wine/Spirits),(OK) Murray
49248,PARKER BROTHERS TRAIL DUST - SANGER,TRAIL DUST SANGER,* Independent Fisher59 - TEXAS,(940) 365-4440,Denton,Active,RESTAURANT,"$1,136.75 ",Beer/Wine,(TX) Denton
870,HILTON GARDEN & LAWTON FT SILL CONV CTR,HILTON GARDEN INN,* Independent Fisher59 - OKLAHOMA,(580) 559-3466,Lawton,Active,HOTEL / MOTEL,"$1,135.41 ",All (Beer/Wine/Spirits),(OK) Comanche
2198,JD'S HIDEAWAY LLC,JD'S HIDEAWAY LLC,* Independent Fisher59 - OKLAHOMA,(580) 318-8402,Lawton,Active,RESTAURANT,"$1,135.38 ",All (Beer/Wine/Spirits),(OK) Jackson
2378,OXXO #51219 (LOOP 11),SOUTHWEST CONVENIENCE STORES (WF),SOUTHWEST CONVENIENCE STORES (TX),(940) 851-8860,Wichita Falls,Active,C-STORE / GAS,"$1,134.25 ",Beer/Wine,"(TX) Archer, Baylor, Wichita, Wilbarger"
41091,FAMILY DOLLAR #6609 (ANTLERS),FAMILY DOLLAR (OK),FAMILY DOLLAR (OK),,EAST,Active,GENERAL MERCHANDISER,"$1,123.68 ",Beer/Wine,(OK) Pushmataha
462,RUSTY SPUR (VERNON),RUSTY SPUR (VERNON),* Independent Fisher59 - TEXAS,(940) 631-8217,Wichita Falls,Active,RESTAURANT,"$1,123.10 ",Beer/Wine,"(TX) Archer, Baylor, Wichita, Wilbarger"
1723,CYRIL PACKAGE STORE,CYRIL PACKAGE STORE,* Independent Fisher59 - OKLAHOMA,(580) 464-2207,Lawton,Active,LIQUOR / PACKAGE STORE,"$1,120.61 ",All (Beer/Wine/Spirits),(OK) Caddo
919,STONE'S LIQUOR,STONE'S LIQUOR,* Independent Fisher59 - OKLAHOMA,(580) 494-2337,EAST,Active,LIQUOR / PACKAGE STORE,"$1,118.50 ",All (Beer/Wine/Spirits),(OK) McCurtain
2343,ROCK PEPPER FIRE,ROCK PEPPER FIRE,* Independent Fisher59 - TEXAS,,Denton,Active,RESTAURANT,"$1,118.50 ",Beer/Wine,(TX) Denton
5675,WALGREENS #6661 (KELL BLVD),WALGREENS (D),WALGREENS (TX),(940) 692-4610,Wichita Falls,Active,DRUG STORE,"$1,117.13 ",Beer/Wine,"(TX) Archer, Baylor, Wichita, Wilbarger"
53999,WALGREENS #5960,WALGREENS (D),WALGREENS (TX),(847) 315-6802,Denton,Active,DRUG STORE,"$1,116.68 ",Beer/Wine,(TX) Denton
13900,VIRGIE'S,VIRGE'S 12TH ST LOUNGE #2,* Independent Fisher59 - OKLAHOMA,(580) 798-5089,Ardmore,Active,BAR / TAVERN,"$1,115.31 ",All (Beer/Wine/Spirits),(OK) Carter
40796,STOP N SHOP,STOP N SHOP,* Independent Fisher59 - OKLAHOMA,,Ardmore,Active,C-STORE / GAS,"$1,111.14 ",Beer/Wine,(OK) Bryan
551,ARCOS MEXICAN GRILL,ARCOS MEXICAN GRILL,* Independent Fisher59 - TEXAS,,Wichita Falls,Active,RESTAURANT,"$1,110.95 ",Beer/Wine,"(TX) Archer, Baylor, Wichita, Wilbarger"
49256,CINEMARK 14 ROANOKE,CINEMARK THEATERS (D),CINEMARK THEATERS (TX),(682) 831-9498,Denton,Active,RESTAURANT,"$1,109.17 ",Beer/Wine,(TX) Denton
41084,E-Z MART #4204(WRIGHT CITY),GPM SOUTHEAST (L),GPM SOUTHEAST (E-Z MART) (OK),(580) 297-2784,EAST,Active,C-STORE / GAS,"$1,107.59 ",Beer/Wine,(OK) McCurtain
2625,SU-SHILITO MEXICAN RESTAURANT,SU-SHILITO MEXICAN RESTAURANT,* Independent Fisher59 - OKLAHOMA,(580) 475-1025,Lawton,Active,RESTAURANT,"$1,107.35 ",Beer/NA,(OK) Stephens
2807,MURPHY USA #6532 (ALTUS),MURPHY OIL (LAW),MURPHY OIL (OK),(580) 477-0705,Lawton,Active,C-STORE / GAS,"$1,105.58 ",Non Alcohol Only,(OK) Jackson
56192,OUTBACK STEAKHOUSE - DENTON,OUTBACK (D),OUTBACK (TX),(940) 320-5373,Denton,Active,RESTAURANT,"$1,104.75 ",Beer/Wine,(TX) Denton
2430,DOLLAR GENERAL #22949 (WRIGHT CITY),DOLLAR GENERAL (OK),DOLLAR GENERAL (OK),,EAST,Active,GENERAL MERCHANDISER,"$1,102.07 ",Beer/NA,(OK) McCurtain
3063,CASA 13 MEXICAN RESTAURANT,CASA 13 MEXICAN RESTAURANT,* Independent Fisher59 - OKLAHOMA,(405) 760-0821,Lawton,Active,RESTAURANT,"$1,101.20 ",All (Beer/Wine/Spirits),(OK) Garvin
1088,CVS PHARMACY #10271,CVS (D),CVS (TX),,Denton,Active,DRUG STORE,"$1,100.85 ",Beer/Wine,(TX) Denton
1874,SALTGRASS STEAKHOUSE - THE COLONY,SALTGRASS STEAKHOUSE (D),SALTGRASS STEAKHOUSE (TX),,Denton,Active,RESTAURANT,"$1,099.26 ",Beer/Wine,(TX) Denton
2763,LIQUOR DEN,LIQUOR DEN,* Independent Fisher59 - TEXAS,(469) 610-8062,Denton,Active,LIQUOR / PACKAGE STORE,"$1,098.75 ",All (Beer/Wine/Spirits),(TX) Denton
1015,CVS #10520 AP 393207,CVS (LAW),CVS (OK),(580) 353-1940,Lawton,Active,DRUG STORE,"$1,098.02 ",Beer/Wine,(OK) Comanche
2091,OLIVE GARDEN ITALIAN RESTAURANT #1736,OLIVE GARDEN (LAW),OLIVE GARDEN (OK),5803551407EXT3,Lawton,Active,RESTAURANT,"$1,095.31 ",All (Beer/Wine/Spirits),(OK) Comanche
10999,BACKYARD BAR,BACKYARD BAR,* Independent Fisher59 - OKLAHOMA,(918) 421-0154,Ardmore,Active,BAR / TAVERN,"$1,095.08 ",All (Beer/Wine/Spirits),(OK) Murray
2136,FAMILY DOLLAR #4234 (IDABEL),FAMILY DOLLAR (OK),FAMILY DOLLAR (OK),,EAST,Active,GENERAL MERCHANDISER,"$1,094.43 ",Beer/Wine,(OK) McCurtain
3066,DOLLAR GENERAL #30141 (GARVIN),DOLLAR GENERAL (OK),DOLLAR GENERAL (OK),,EAST,Active,GENERAL MERCHANDISER,"$1,092.03 ",Red Bull Only,(OK) McCurtain
1462,DOLLAR GENERAL #4029 (W GORE BLVD),DOLLAR GENERAL (OK),DOLLAR GENERAL (OK),(580) 248-4305,Lawton,Active,GENERAL MERCHANDISER,"$1,090.82 ",Beer/NA,(OK) Comanche
2441,DOLLAR GENERAL #22840 (LINDSAY),DOLLAR GENERAL (DEN),DOLLAR GENERAL (TX),(615) 855-4000,Denton,Active,GENERAL MERCHANDISER,"$1,089.05 ",Beer/Wine,(TX) Cooke
3024,LIQUOR TO THE MACS,LIQUOR TO THE MACS,* Independent Fisher59 - OKLAHOMA,,Ardmore,Active,LIQUOR / PACKAGE STORE,"$1,085.74 ",All (Beer/Wine/Spirits),(OK) McCurtain
3375,DOLLAR TREE #02362 - DURANT,DOLLAR TREE (OK),DOLLAR TREE (OK),(580) 441-7231,Ardmore,Active,GENERAL MERCHANDISER,"$1,082.25 ",Red Bull Only,(OK) Bryan
41051,MILLERTON GROCERY,MILLERTON GAS GROCERY,* Independent Fisher59 - OKLAHOMA,(580) 746-2103,EAST,Active,C-STORE / GAS,"$1,081.27 ",Beer/NA,(OK) McCurtain
2934,STOP N SHOP (VERNON),PICK N GO #3,* Independent Fisher59 - TEXAS,(940) 674-5735,Wichita Falls,Active,C-STORE / GAS,"$1,078.29 ",Beer/Wine,"(TX) Archer, Baylor, Wichita, Wilbarger"
1529,TISHOMINGO LIQUOR STORE,TISHOMINGO LIQUOR STORE,* Independent Fisher59 - OKLAHOMA,(580) 371-0255,Ardmore,Active,LIQUOR / PACKAGE STORE,"$1,076.98 ",All (Beer/Wine/Spirits),(OK) Johnston
3393,EZ MART & SMOKE,EZ MART & SMOKE,* Independent Fisher59 - TEXAS,(832) 670-0551,Denton,Active,C-STORE / GAS,"$1,074.39 ",Beer/Wine,(TX) Denton
3230,HOP & SACK #1,INDEPENDENT HOP & SACK (L),* Independent Fisher59 - OKLAHOMA,(580) 658-5581,Lawton,Active,C-STORE / GAS,"$1,074.05 ",Non Alcohol Only,(OK) Stephens
49253,RED RIVER PIZZERIA,RED RIVER PIZZERIA,* Independent Fisher59 - TEXAS,,Denton,Active,RESTAURANT,"$1,068.05 ",Beer/Wine,(TX) Montague
1758,TWISTED BAR & GRILL,TWISTED BAR & GRILL,* Independent Fisher59 - TEXAS,(469) 600-9701,Denton,Active,SPORTS BAR,"$1,067.60 ",Beer/Wine,(TX) Denton
47688,CVS PHARMACY #8336,CVS (D),CVS (TX),(972) 731-8032,Denton,Active,DRUG STORE,"$1,067.15 ",Beer/Wine,(TX) Denton
3051,SAINT JOE'S PIZZA,SAINT JOE'S PIZZA,* Independent Fisher59 - TEXAS,,Denton,Active,RESTAURANT,"$1,066.65 ",Beer/Wine,(TX) Cooke
3418,DOLLAR GENERAL #31581 (LEE),DOLLAR GENERAL (OK),DOLLAR GENERAL (OK),(580) 281-0390,Lawton,Active,GENERAL MERCHANDISER,"$1,065.75 ",Red Bull Only,(OK) Comanche
3211,OLDE TOWNE,OLDE TOWNE,* Independent Fisher59 - OKLAHOMA,,Lawton,Active,BAR / TAVERN,"$1,062.58 ",Beer/Wine,(OK) Grady
1334,RIB CRIB (GAINESVILLE),RIB CRIB (GAINESVILLE),* Independent Fisher59 - TEXAS,(866) 742-2742,Denton,Active,RESTAURANT,"$1,058.90 ",Beer/Wine,(TX) Cooke
375,MI TATA,MI TATA,* Independent Fisher59 - TEXAS,(940) 594-5917,Denton,Active,BAR / TAVERN,"$1,054.60 ",Beer/Wine,(TX) Denton
125,PELICAN,PELICAN,* Independent Fisher59 - TEXAS,(000) 687-0072,Wichita Falls,Active,RESTAURANT,"$1,051.95 ",Beer/Wine,"(TX) Archer, Baylor, Wichita, Wilbarger"
2144,FAMILY DOLLAR #7236 (TISHOMINGO),FAMILY DOLLAR (OK),FAMILY DOLLAR (OK),,Ardmore,Active,GENERAL MERCHANDISER,"$1,039.94 ",Red Bull Only,(OK) Johnston
6675,A & E GRILL,A E GRILL,* Independent Fisher59 - OKLAHOMA,(405) 224-6900,Lawton,Active,RESTAURANT,"$1,039.72 ",All (Beer/Wine/Spirits),(OK) Grady
2804,BACK ROAD,BACK ROAD,* Independent Fisher59 - OKLAHOMA,,EAST,Active,LIQUOR / PACKAGE STORE,"$1,038.74 ",All (Beer/Wine/Spirits),(OK) Pushmataha
10100,SWINGING S,SWINGING S,* Independent Fisher59 - OKLAHOMA,,Ardmore,Active,SPORTS BAR,"$1,038.20 ",All (Beer/Wine/Spirits),(OK) Carter
2109,HAT CREEK BURGER COMPANY - ROANOKE,HAT CREEK BURGER COMPANY - ROANOKE,* Independent Fisher59 - TEXAS,,Denton,Active,RESTAURANT,"$1,037.80 ",Beer/Wine,(TX) Denton
242,HICKORY STREET LOUNGE,HICKORY STREET LOUNGE,* Independent Fisher59 - TEXAS,(940) 387-2222,Denton,Active,BAR / TAVERN,"$1,031.95 ",Beer/Wine,(TX) Denton
579,EL TAPATIO CAFE & CANTINA II INC. (I35),EL TAPATIO CAFE #2 (I-35),* Independent Fisher59 - TEXAS,(940) 612-2230,Denton,Active,RESTAURANT,"$1,030.85 ",Beer/Wine,(TX) Cooke
2854,T-2 STORE & CAFE,T-2 STORE & CAFE,* Independent Fisher59 - OKLAHOMA,(580) 345-2521,Ardmore,Active,C-STORE / GAS,"$1,029.58 ",Beer/NA,(OK) Choctaw
1304,ALDI #37,ALDI (D),ALDI (TX),(940) 382-4981,Denton,Active,SUPERMARKET,"$1,029.50 ",Beer/Wine,(TX) Denton
5496,TEXAS NITE LIFE,TEXAS NITE LIFE,* Independent Fisher59 - TEXAS,(940) 767-0711,Wichita Falls,Active,MUSIC / DANCE CLUB,"$1,025.40 ",Beer/Wine,"(TX) Archer, Baylor, Wichita, Wilbarger"
2280,DISCOUNT FOODS,DISCOUNT FOODS,* Independent Fisher59 - OKLAHOMA,(405) 512-4244,Lawton,Active,NEIGHBORHOOD GROC.,"$1,023.50 ",Non Alcohol Only,(OK) Comanche
847,GRIMALDI'S PIZZERIA,GRIMALDI'S PIZZERIA,GRIMALDI'S (TX),(972) 795-0455,Denton,Active,RESTAURANT,"$1,022.50 ",Beer/Wine,(TX) Denton
1312,TIMBER LINKS GOLF CLUB,TIMBER LINKS GOLF CLUB,* Independent Fisher59 - TEXAS,(940) 380-1318,Denton,Active,GOLF / COUNTRY CLUB,"$1,019.80 ",Beer/Wine,(TX) Denton
11051,CARNICERIA LOS CUATES,CARNICERIA LOS CUATES,* Independent Fisher59 - TEXAS,(940) 723-4400,Wichita Falls,Active,SUPERMARKET,"$1,017.27 ",Repeal No Malt Beer,"(TX) Archer, Baylor, Wichita, Wilbarger"
50337,APPLEBEES LITTLE ELM,APPLEBEE'S (D),APPLEBEE'S (TX),(972) 464-2616,Denton,Active,RESTAURANT,"$1,015.50 ",Beer/Wine,(TX) Denton
6066,EL RANCHERO MEXICAN GRILL,EL RANCHERO MEXICAN GRILL,* Independent Fisher59 - OKLAHOMA,(913) 297-8318,Lawton,Active,RESTAURANT,"$1,014.29 ",All (Beer/Wine/Spirits),(OK) Jackson
58503,V.F.W. CLUB #9168-LEWISVILLE,V.F.W. CLUB #9168-LEWISVILLE,* Independent Fisher59 - TEXAS,(469) 629-9921,Denton,Active,PRIVATE CLUB,"$1,012.35 ",Beer/Wine,(TX) Denton
47035,DOC'S SPORTS GRILL,DOC'S SPORTS GRILL,* Independent Fisher59 - TEXAS,,Denton,Active,BAR / TAVERN,"$1,011.90 ",Beer/Wine,(TX) Cooke
51615,LAKE PARK - EXECUTIVE COURSE,LAKE PARK - EXECUTIVE COURSE,* Independent Fisher59 - TEXAS,(972) 219-5661,Denton,Active,GOLF / COUNTRY CLUB,"$1,011.60 ",Beer/Wine,(TX) Denton
6465,JOHNNAS COUNTRY STORE,JOHNNA'S COUNTRY STORE,* Independent Fisher59 - OKLAHOMA,(405) 247-5500,Lawton,Active,C-STORE / GAS,"$1,008.47 ",Beer/NA,(OK) Caddo
47142,ANGELINAS MEXICAN - LEWIS,ANGELINAS MEXICAN - LEWIS,* Independent Fisher59 - TEXAS,(972) 315-6002,Denton,Active,RESTAURANT,"$1,005.40 ",Beer/Wine,(TX) Denton
3111,ON THE BORDER,ON THE BORDER (D),ON THE BORDER (TX),(940) 228-3580,Wichita Falls,Active,RESTAURANT,$999.80 ,Beer/Wine,"(TX) Archer, Baylor, Wichita, Wilbarger"
13720,GOOD TIME LANES,GOOD TIMES LANES,* Independent Fisher59 - OKLAHOMA,(580) 223-6810,Ardmore,Active,BOWLING CENTER,$996.05 ,Beer/Wine,(OK) Carter
3739647,THE BRASS TAP - HIGHLAND VILLAGE,Brass Tap *The-Denton,THE BRASS TAP (TX),(972) 949-4311,Denton,Active,RESTAURANT,$994.75 ,Beer/Wine,(TX) Denton
3354,CORAZON ROTO CANTINA,CORAZON ROTO CANTINA,* Independent Fisher59 - TEXAS,(940) 514-4522,Denton,Active,BAR / TAVERN,$994.55 ,Beer/Wine,(TX) Denton
49336,SALAS URBAN CANTINA,SALAS URBAN CANTINA,* Independent Fisher59 - OKLAHOMA,(580) 585-2644,Lawton,Active,RESTAURANT,$993.03 ,All (Beer/Wine/Spirits),(OK) Comanche
40826,KENEFIC CORNER MART,KENEFIC CORNER MART,* Independent Fisher59 - OKLAHOMA,(580) 367-3082,Ardmore,Active,C-STORE / GAS,$992.80 ,Beer/NA,(OK) Bryan
47522,DENTON MOVIE TAVERN,DENTON MOVIE TAVERN,MARCUS THEATER (TX),(940) 387-9010,Denton,Active,RESTAURANT,$992.70 ,Beer/Wine,(TX) Denton
2668,JJMB UNION MESA,JJMB OPERATIONS,* Independent Fisher59 - OKLAHOMA,(580) 768-2263,Ardmore,Active,RESTAURANT,$992.40 ,All (Beer/Wine/Spirits),(OK) Love
58133,CVS PHARMACY #6856,CVS (D),CVS (TX),(940) 387-9549,Denton,Active,DRUG STORE,$991.39 ,Beer/Wine,(TX) Denton
40772,STOP AND BUY/AMERICAN SMOKESHOP,STOP-N-BUY,* Independent Fisher59 - OKLAHOMA,(580) 924-4015,Ardmore,Active,C-STORE / GAS,$990.06 ,Beer/NA,(OK) Bryan
788,WALGREENS #11340,WALGREENS (D),WALGREENS (TX),(972) 355-8342,Denton,Active,DRUG STORE,$989.60 ,Beer/Wine,(TX) Denton
12000,FALCONHEAD GOLF SHOP,FALCONHEAD GOLF CENTER,* Independent Fisher59 - OKLAHOMA,(580) 276-9284,Ardmore,Active,GOLF / COUNTRY CLUB,$989.35 ,Beer/Wine,(OK) Love
2554,MATTITO'S TEX MEX,MATTITO'S TEX MEX,* Independent Fisher59 - TEXAS,(214) 705-4499,Denton,Active,RESTAURANT,$985.10 ,Beer/Wine,(TX) Denton
1706,NEXT DOOR LIQUOR STORE,NEXT DOOR LIQUOR,* Independent Fisher59 - OKLAHOMA,(405) 222-1825,Lawton,Active,LIQUOR / PACKAGE STORE,$983.55 ,All (Beer/Wine/Spirits),(OK) Grady
687,CVS PHARMACY #10138,CVS (D),CVS (TX),(940) 365-5762,Denton,Active,DRUG STORE,$982.19 ,Beer/Wine,(TX) Denton
2229,THE LAST DROP,THE LAST DROP,* Independent Fisher59 - OKLAHOMA,(405) 788-1752,Ardmore,Active,BAR / TAVERN,$977.32 ,All (Beer/Wine/Spirits),(OK) Garvin
1066,GROTTO A SALERNO STEAKHOUSE,GROTTO A SALERNO STEAKHOUSE,* Independent Fisher59 - TEXAS,(972) 358-4971,Denton,Active,RESTAURANT,$977.10 ,Beer/Wine,(TX) Denton
59642,FRILLYS CAJUN KITCHEN NORTH,FRILLYS CAJUN KITCHEN NORTH,* Independent Fisher59 - TEXAS,(940) 243-2126,Denton,Active,RESTAURANT,$974.30 ,Beer/Wine,(TX) Denton
12485,CVS/PHARMACY STORE #06222 ARDMORE,CVS (LAW),CVS (OK),(580) 223-1041,Ardmore,Active,DRUG STORE,$965.55 ,Beer/Wine,(OK) Carter
2627,HELLO CARIBBEAN BAR & RESTAURANT,HELLO CARIBBEAN BAR & RESTAURANT,* Independent Fisher59 - TEXAS,(972) 480-7007,Denton,Active,RESTAURANT,$958.50 ,Beer/Wine,(TX) Denton
3960,LAWTON COUNTRY CLUB,LAWTON COUNTRY CLUB,* Independent Fisher59 - OKLAHOMA,(580) 704-6801,Lawton,Active,GOLF / COUNTRY CLUB,$958.32 ,All (Beer/Wine/Spirits),(OK) Comanche
4085,ARCHER CITY COUNTRY CLUB,ARCHER CITY COUNTRY CLUB,* Independent Fisher59 - TEXAS,(940) 574-4322,Wichita Falls,Active,GOLF / COUNTRY CLUB,$950.90 ,Beer/Wine,"(TX) Archer, Baylor, Wichita, Wilbarger"
12680,LAKE MURRAY GOLF COURSE,LAKE MURRAY GOLF COURSE,* Independent Fisher59 - OKLAHOMA,(580) 223-6613,Ardmore,Active,GOLF / COUNTRY CLUB,$950.30 ,Beer/NA,(OK) Carter
2757,FAMILY DOLLAR #13134 (WALTERS),FAMILY DOLLAR (OK),FAMILY DOLLAR (OK),(616) 755-2615,Lawton,Active,GENERAL MERCHANDISER,$947.93 ,Beer/Wine,(OK) Cotton
1527,ERNESTO'S - KRUGERVILLE,ERNESTO'S - KRUGERVILLE,* Independent Fisher59 - TEXAS,(214) 535-0501,Denton,Active,RESTAURANT,$946.55 ,Beer/Wine,(TX) Denton
40308,WALGREENS #11317(DURANT),WALGREENS (L),WALGREENS (OK),(580) 920-1145,Ardmore,Active,DRUG STORE,$940.96 ,Beer/Wine,(OK) Bryan
1914,FAMILY DOLLAR #9440 (BOWIE),FAMILY DOLLAR (TX),FAMILY DOLLAR (TX),,Denton,Active,GENERAL MERCHANDISER,$936.61 ,Beer/Wine,(TX) Montague
1859,CRAB STATION,CRAB STATION,* Independent Fisher59 - TEXAS,(817) 371-5613,Denton,Active,RESTAURANT,$936.10 ,Beer/Wine,(TX) Denton
41157,DOLLAR GENERAL #269 (ATOKA),DOLLAR GENERAL (OK),DOLLAR GENERAL (OK),(580) 889-7555,EAST,Active,GENERAL MERCHANDISER,$933.05 ,Beer/NA,(OK) Atoka
2134,FAMILY DOLLAR #4098 (KINGSTON),FAMILY DOLLAR (OK),FAMILY DOLLAR (OK),,Ardmore,Active,GENERAL MERCHANDISER,$930.60 ,Beer/Wine,(OK) Marshall East (East of 377)
40883,HEAVEN MART #3,HEAVEN MART #3,* Independent Fisher59 - OKLAHOMA,469-592-370,EAST,Active,C-STORE / GAS,$927.90 ,Beer/NA,(OK) Choctaw
1741,VILLA GRANDE - GAINESVILLE,VILLA GRANDE MEXICAN RESTAURANT,* Independent Fisher59 - TEXAS,,Denton,Active,RESTAURANT,$924.55 ,Beer/Wine,(TX) Cooke
1759,ALAMO DRAFTHOUSE,ALAMO DRAFTHOUSE,* Independent Fisher59 - TEXAS,,Denton,Active,RESTAURANT,$922.85 ,Beer/Wine,(TX) Denton
2459,EL TAPATIO OF WICHITA FALLS,EL TAPATIO OF WICHITA FALLS,* Independent Fisher59 - TEXAS,(940) 447-4949,Wichita Falls,Active,RESTAURANT,$918.45 ,Beer/Wine,"(TX) Archer, Baylor, Wichita, Wilbarger"
2265,PRUETT'S FOOD - HUGO,PRUETT'S FOOD (L),PRUETT'S FOOD (OK),(580) 326-9637,EAST,Active,NEIGHBORHOOD GROC.,$916.66 ,Non Alcohol Only,(OK) Choctaw
12570,CORNER FOOD MART,CORNER FOOD MART,* Independent Fisher59 - OKLAHOMA,(469) 925-7208,Ardmore,Active,C-STORE / GAS,$915.48 ,Beer/NA,(OK) Carter
47993,APPLEBEES-LEWISVILLE,APPLEBEE'S (D),APPLEBEE'S (TX),(972) 315-6002,Denton,Active,RESTAURANT,$915.30 ,Beer/Wine,(TX) Denton
5521,OUTBACK STEAKHOUSE,OUTBACK (LAW),OUTBACK (OK),(580) 536-6550,Lawton,Active,RESTAURANT,$914.14 ,All (Beer/Wine/Spirits),(OK) Comanche
2132,FAMILY DOLLAR #1553 (ALTUS),FAMILY DOLLAR (OK),FAMILY DOLLAR (OK),,Lawton,Active,GENERAL MERCHANDISER,$913.87 ,Beer/Wine,(OK) Jackson
417,HOOCHIE'S OYSTER BAR,HOOCHIE'S OYSTER BAR,* Independent Fisher59 - TEXAS,(214) 770-0804,Denton,Active,RESTAURANT,$911.00 ,Beer/Wine,(TX) Denton
1991,CVS PHARMACY #10524,CVS (D),CVS (TX),,Denton,Active,DRUG STORE,$909.99 ,Beer/Wine,(TX) Denton
50229,DIETER BROTHERS RESTAURANT,DIETER BROTHERS RESTAURANT,* Independent Fisher59 - TEXAS,(940) 665-5253,Denton,Active,RESTAURANT,$909.35 ,Beer/Wine,(TX) Cooke
2768,PIE TAP - ELDORADO,PIE TAP - ELDORADO,PIE TAP (TX),(469) 610-7441,Denton,Active,RESTAURANT,$908.20 ,Beer/Wine,(TX) Denton
3106,MARISCOS SINALOA DENTON,MARISCOS SINALOA DENTON,* Independent Fisher59 - TEXAS,(972) 900-9079,Denton,Active,RESTAURANT,$905.07 ,Beer/Wine,(TX) Denton
2316,CATRINA GRILL,CATRINA GRILL,* Independent Fisher59 - TEXAS,(972) 906-9229,Denton,Active,RESTAURANT,$904.36 ,Beer/Wine,(TX) Denton
2931,BOMGAARS - ARDMORE,BOMGAARS (OK),ORSCHELN/BOMGAARS (OK),,Ardmore,Active,NON BEER OFF PREMISE,$900.70 ,Non Alcohol Only,(OK) Carter
13081,CASA ROMO,CASA ROMO,* Independent Fisher59 - OKLAHOMA,(580) 224-9526,Ardmore,Active,RESTAURANT,$899.60 ,All (Beer/Wine/Spirits),(OK) Carter
2485,CVS/PHARMACY #06128,CVS (LAW),CVS (OK),(580) 353-1588,Lawton,Active,DRUG STORE,$897.95 ,Beer/Wine,(OK) Comanche
4525,LA PERLA TAPATIA,LA PERLA TAPATIA,* Independent Fisher59 - TEXAS,,Wichita Falls,Active,RESTAURANT,$896.60 ,Beer/Wine,"(TX) Archer, Baylor, Wichita, Wilbarger"
14514,BOMBSHELLS' TOPLESS,BOMBSHELL'S TOPLESS,* Independent Fisher59 - TEXAS,(940) 322-1111,Wichita Falls,Active,ADULT ENTERTAINMENT,$896.60 ,Beer/Wine,"(TX) Archer, Baylor, Wichita, Wilbarger"
54002,WALGREENS #7542,WALGREENS (D),WALGREENS (TX),(940) 220-0574,Denton,Active,DRUG STORE,$893.30 ,Beer/Wine,(TX) Denton
2844,JP OIL & COUNTRY STORE,JP OIL & COUNTRY STORE,* Independent Fisher59 - OKLAHOMA,(580) 372-4390,EAST,Active,C-STORE / GAS,$893.05 ,Beer/NA,(OK) Choctaw
5624,UNITED SUPERMARKET #360,HOMELAND/UNITED (L),HOMELAND/UNITED (OK),(580) 688-2627,Lawton,Active,SUPERMARKET,$889.11 ,Beer/Wine,(OK) Harmon
3362,TIPSY HOUSE LIQUOR,TIPSY HOUSE LIQUOR,* Independent Fisher59 - OKLAHOMA,(405) 343-9068,Lawton,Active,LIQUOR / PACKAGE STORE,$884.75 ,All (Beer/Wine/Spirits),(OK) Comanche
2929,SESSION HOUSE,SESSION HOUSE,* Independent Fisher59 - OKLAHOMA,(940) 641-4008,Ardmore,Active,RESTAURANT,$884.06 ,All (Beer/Wine/Spirits),(OK) Love
1307,ALDI #87,ALDI (D),ALDI (TX),(940) 497-2322,Denton,Active,SUPERMARKET,$882.80 ,Beer/Wine,(TX) Denton
35795,EL AGAVE MEXICAN RESTAURANT,EL AGAVE MEXICAN RESTAURANT,* Independent Fisher59 - OKLAHOMA,(580) 369-0807,Ardmore,Active,RESTAURANT,$882.80 ,All (Beer/Wine/Spirits),(OK) Murray
1863,PANCHITO'S MEXICAN RESTAURANT,PANCHITO'S MEXICAN RESTAURANT,* Independent Fisher59 - OKLAHOMA,(405) 905-0127,Lawton,Active,RESTAURANT,$881.05 ,All (Beer/Wine/Spirits),(OK) Comanche
40024,DOLLAR GENERAL #11791 (BOSWELL),DOLLAR GENERAL (OK),DOLLAR GENERAL (OK),(580) 566-1010,EAST,Active,GENERAL MERCHANDISER,$881.03 ,Beer/NA,(OK) Choctaw
805,CVS #10213 AP393207,CVS (LAW),CVS (OK),(580) 920-9945,Ardmore,Active,DRUG STORE,$880.26 ,Beer/Wine,(OK) Bryan
3188,DOLLAR TREE #1825 - SHERIDAN LAWTON,DOLLAR TREE (OK),DOLLAR TREE (OK),,Lawton,Active,GENERAL MERCHANDISER,$879.55 ,Non Alcohol Only,(OK) Comanche
287,CRISTINAS MEXICAN REST - LEWISVILLE,CRISTINAS (D),* Independent Fisher59 - TEXAS,(972) 315-3126,Denton,Active,RESTAURANT,$877.70 ,Beer/Wine,(TX) Denton
48687,TAQUERIA GUADALAJARA,TAQUERIA GUADALAJARA,* Independent Fisher59 - TEXAS,(972) 436-2515,Denton,Active,RESTAURANT,$876.30 ,Beer/Wine,(TX) Denton
5240,QUARRY HILL PX,AAFES ALTUS AFB (L),AAFES FORT SILL (OK),(580) 353-2105,Lawton,Active,MILITARY OFF-PREMISE,$875.64 ,Non Alcohol Only,(OK) Comanche
5051,CHILI'S LAWTON,BRINKER INTL (LAW),BRINKER INTL (CHILI'S) (OK),(580) 250-0088,Lawton,Active,RESTAURANT,$870.09 ,All (Beer/Wine/Spirits),(OK) Comanche
3234,LOS CAMINOS MODERN COCINA,LOS CAMINOS MODERN COCINA,* Independent Fisher59 - TEXAS,(214) 505-0469,Denton,Active,RESTAURANT,$867.85 ,Beer/Wine,(TX) Denton
11872,DOLLAR GENERAL #2674 (MADILL),DOLLAR GENERAL (OK),DOLLAR GENERAL (OK),(580) 795-2930,Ardmore,Active,GENERAL MERCHANDISER,$864.97 ,Beer/NA,(OK) Marshall West (377 & west)
1305,ALDI #62,ALDI (D),ALDI (TX),(972) 221-3642,Denton,Active,SUPERMARKET,$861.60 ,Beer/Wine,(TX) Denton
58061,CRISTINA'S MEXICAN REST - TC,CRISTINAS (D),CRISTINAS (TX),(817) 430-4545,Denton,Active,RESTAURANT,$854.20 ,Beer/Wine,(TX) Denton
2888,BEA DONUT 5,BEA DONUT 5,* Independent Fisher59 - OKLAHOMA,(337) 842-6105,Ardmore,Active,RESTAURANT,$854.00 ,Non Alcohol Only,(OK) Carter
2953,ARCADE 92,ARCADE 92,* Independent Fisher59 - TEXAS,(469) 734-5863,Denton,Active,RESTAURANT,$851.00 ,Beer/Wine,(TX) Denton
3267,WALGREENS #9041 (9TH ST),WALGREENS (D),WALGREENS (TX),(940) 723-7979,Wichita Falls,Active,DRUG STORE,$849.06 ,Beer/Wine,"(TX) Archer, Baylor, Wichita, Wilbarger"
2601,DON JOSE,DON JOSE,* Independent Fisher59 - TEXAS,(940) 322-9167,Wichita Falls,Active,RESTAURANT,$841.85 ,Beer/Wine,"(TX) Archer, Baylor, Wichita, Wilbarger"
48124,KUSIN'S LIQUOR,KUSIN'S LIQUOR,* Independent Fisher59 - TEXAS,(817) 678-3515,Denton,Active,LIQUOR / PACKAGE STORE,$836.20 ,All (Beer/Wine/Spirits),(TX) Wise
993,HOBO JOE'S RESTAURANT MADILL,HOBO JOE'S,* Independent Fisher59 - OKLAHOMA,(580) 795-3403,Ardmore,Active,RESTAURANT,$833.55 ,All (Beer/Wine/Spirits),(OK) Marshall West (377 & west)
3020,DOLLAR TREE #1887 - CACHE LAWTON,DOLLAR TREE (OK),DOLLAR TREE (OK),,Lawton,Active,GENERAL MERCHANDISER,$833.34 ,Non Alcohol Only,(OK) Comanche
2051,ALTUS DONUT,ALTUS DONUT,* Independent Fisher59 - OKLAHOMA,(580) 649-6047,Lawton,Active,GENERAL MERCHANDISER,$832.50 ,Red Bull Only,(OK) Jackson
3191,DOLLAR TREE #7826 - SE LEE LAWTON,DOLLAR TREE (OK),DOLLAR TREE (OK),,Lawton,Active,GENERAL MERCHANDISER,$831.78 ,Non Alcohol Only,(OK) Comanche
12040,LA ROCA MEXICAN RESTAURANTE,LAROCA MEXICAN COCINA,* Independent Fisher59 - OKLAHOMA,(580) 276-4167,Ardmore,Active,BAR / TAVERN,$831.39 ,All (Beer/Wine/Spirits),(OK) Love
2662,POSEY'S PITSTOP,POSEY'S PITSTOP_2,* Independent Fisher59 - OKLAHOMA,,EAST,Active,C-STORE / GAS,$828.07 ,Beer/Wine,(OK) McCurtain
1492,STONE CREEK WINES AND SPIRITS,STONE CREEK WINES AND SPIRITS,* Independent Fisher59 - OKLAHOMA,(580) 618-6306,Ardmore,Active,LIQUOR / PACKAGE STORE,$823.01 ,All (Beer/Wine/Spirits),(OK) Murray
3169,DOLLAR TREE #8251 - ATOKA,DOLLAR TREE (OK),DOLLAR TREE (OK),,EAST,Active,GENERAL MERCHANDISER,$822.85 ,Non Alcohol Only,(OK) Atoka
4556,APPLEBEES - WICHITA FALLS,APPLEBEE'S (D),APPLEBEE'S (TX),(940) 767-5287,Wichita Falls,Active,RESTAURANT,$819.10 ,Beer/Wine,"(TX) Archer, Baylor, Wichita, Wilbarger"
6695,7TH STREET BAR,WALLSTREET PUB,* Independent Fisher59 - OKLAHOMA,(580) 467-0011,Lawton,Active,BAR / TAVERN,$818.60 ,All (Beer/Wine/Spirits),(OK) Stephens
5291,LUPES II,LUPES II,* Independent Fisher59 - TEXAS,(940) 553-3100,Wichita Falls,Active,RESTAURANT,$818.45 ,Beer/Wine,"(TX) Archer, Baylor, Wichita, Wilbarger"
1980,WILSON STREET LIQUOR,WILSON STREET LIQUOR,* Independent Fisher59 - OKLAHOMA,(580) 933-5477,EAST,Active,LIQUOR / PACKAGE STORE,$815.55 ,All (Beer/Wine/Spirits),(OK) McCurtain
2674,THE MARKET AT 259,THE MARKET AT 259,* Independent Fisher59 - OKLAHOMA,,EAST,Active,BAR / TAVERN,$814.65 ,All (Beer/Wine/Spirits),(OK) McCurtain
3280,DOS MEZCLAS,DOS MEZCLAS,* Independent Fisher59 - TEXAS,(469) 688-9450,Denton,Active,BAR / TAVERN,$814.15 ,Beer/Wine,(TX) Denton
2349,CASH & CARRY #2,CASH & CARRY #2,CASH & CARRY (OK),(405) 361-5178,Ardmore,Active,C-STORE / GAS,$811.13 ,Red Bull Only,(OK) Garvin
440,ELEMENT 120,ELEMENT 120,* Independent Fisher59 - TEXAS,(865) 224-2140,Wichita Falls,Active,BAR / TAVERN,$808.30 ,Beer/Wine,"(TX) Archer, Baylor, Wichita, Wilbarger"
675,SMALL MOUNTAIN STREET TACOS,Small mountain street tacos,* Independent Fisher59 - OKLAHOMA,(580) 529-5600,Lawton,Active,RESTAURANT,$808.20 ,All (Beer/Wine/Spirits),(OK) Comanche
41092,FAMILY DOLLAR #4054 (DURANT),FAMILY DOLLAR (OK),FAMILY DOLLAR (OK),,Ardmore,Active,GENERAL MERCHANDISER,$804.27 ,Beer/Wine,(OK) Bryan
49238,OUTLAW BURGER,OUTLAW BURGER,* Independent Fisher59 - TEXAS,(817) 688-5992,Denton,Active,RESTAURANT,$803.85 ,Beer/Wine,(TX) Denton
53322,LAKEVIEW GROCERY,LAKEVIEW GROCERY,* Independent Fisher59 - TEXAS,(972) 292-2525,Denton,Active,C-STORE / GAS,$803.62 ,Beer/Wine,(TX) Denton
2298,BAJA CANTINA - LEWISVILLE,BAJA CANTINA - LEWISVILLE,* Independent Fisher59 - TEXAS,(214) 564-5948,Denton,Active,RESTAURANT,$802.56 ,Beer/Wine,(TX) Denton
1200,PORTOFINO'S ITALIAN RESTAURANT,PORTOFINO'S ITALIAN RESTAURANT,* Independent Fisher59 - TEXAS,(214) 549-6907,Denton,Active,RESTAURANT,$801.60 ,Beer/Wine,(TX) Denton
2391,BELLA ITALIAN BISTRO,BELLA ITALIAN BISTRO PRIVATE CLUB INC.,* Independent Fisher59 - TEXAS,(940) 271-0405,Denton,Active,RESTAURANT,$800.95 ,Beer/Wine,(TX) Denton
3411,REGGI'S LIQUOR,REGGI'S LIQUOR,* Independent Fisher59 - TEXAS,(940) 594-9164,Denton,Active,LIQUOR / PACKAGE STORE,$800.28 ,All (Beer/Wine/Spirits),(TX) Denton
5655,APPLEBEE'S NEIGHBORHOOD GRILL & BAR (LAWTON),APPLEBEE'S (LAW),APPLEBEE'S (OK),(580) 536-8600,Lawton,Active,RESTAURANT,$799.26 ,All (Beer/Wine/Spirits),(OK) Comanche
1109,DOLLAR GENERAL #15599 (ACHILLE),DOLLAR GENERAL (OK),DOLLAR GENERAL (OK),,Ardmore,Active,GENERAL MERCHANDISER,$798.11 ,Beer/NA,(OK) Bryan
2805,MURPHY USA #7265 (CHICKASHA),MURPHY OIL (LAW),MURPHY OIL (OK),(405) 651-5143,Lawton,Active,C-STORE / GAS,$796.27 ,Non Alcohol Only,(OK) Grady
23,COMANCHE SPUR CASINO,COMANCHE SPUR CASINO,* Independent Fisher59 - OKLAHOMA,,Lawton,Active,CASINO / GAMING,$796.20 ,All (Beer/Wine/Spirits),(OK) Comanche
3021,DOLLAR TREE #2047 - ALTUS,DOLLAR TREE (OK),DOLLAR TREE (OK),,Lawton,Active,GENERAL MERCHANDISER,$796.06 ,Non Alcohol Only,(OK) Jackson
3269,CASA MICO CANTINA,CASA MICO CANTINA,* Independent Fisher59 - OKLAHOMA,(580) 280-9012,Lawton,Active,RESTAURANT,$794.95 ,All (Beer/Wine/Spirits),(OK) Comanche
1578,WISE GUYS PIZZA,WISE GUYS PIZZA,* Independent Fisher59 - TEXAS,(210) 219-8986,Denton,Active,RESTAURANT,$794.42 ,Beer/Wine,(TX) Denton
1671,HALF PINT TAPROOM & RESTORATION HALL,HALF PINT TAPROOM & RESTORATION HALL,* Independent Fisher59 - TEXAS,,Wichita Falls,Active,BAR / TAVERN,$793.95 ,Beer/Wine,"(TX) Archer, Baylor, Wichita, Wilbarger"
222,ARANDAS MEXICAN GRILL,ARANDAS MEXICAN GRILL,* Independent Fisher59 - OKLAHOMA,(580) 289-0243,Lawton,Active,RESTAURANT,$789.80 ,Beer/Wine,(OK) Comanche
54528,MI CHANTE,MI CHANTE,* Independent Fisher59 - TEXAS,(214) 870-1880,Denton,Active,RESTAURANT,$789.10 ,Beer/Wine,(TX) Denton
320,CVS PHARMACY #4880,CVS (D),CVS (TX),,Denton,Active,DRUG STORE,$785.70 ,Beer/Wine,(TX) Wise
2143,FAMILY DOLLAR #5482 (N. COMMERCE ST.),FAMILY DOLLAR (OK),FAMILY DOLLAR (OK),,Ardmore,Active,GENERAL MERCHANDISER,$783.94 ,Non Alcohol Only,(OK) Carter
40875,MURPHY USA #6651 (HUGO),MURPHY OIL (LAW),MURPHY OIL (OK),(580) 317-6827,EAST,Active,C-STORE / GAS,$783.25 ,Non Alcohol Only,(OK) Choctaw
53017,GREENHOUSE,GREENHOUSE,* Independent Fisher59 - TEXAS,(940) 484-1349,Denton,Active,RESTAURANT,$780.45 ,Beer/Wine,(TX) Denton
2813,WINDMILL GRILL & SALOON,WINDMILL GRILL & SALOON,* Independent Fisher59 - TEXAS,(940) 841-2349,Denton,Active,BAR / TAVERN,$779.00 ,Beer/Wine,(TX) Montague
41018,FASTWAY - IDABEL,FASTWAY - IDABEL,* Independent Fisher59 - OKLAHOMA,(580) 286-3292,EAST,Active,C-STORE / GAS,$774.95 ,Beer/NA,(OK) McCurtain
482,TACO DARLIN,TACO DARLIN,* Independent Fisher59 - TEXAS,(940) 264-8646,Wichita Falls,Active,RESTAURANT,$774.75 ,Beer/Wine,"(TX) Archer, Baylor, Wichita, Wilbarger"
11035,PAULS VALLEY GOLF COURSE,PAULS VALLEY GOLF COURSE,* Independent Fisher59 - OKLAHOMA,(405) 926-7448,Lawton,Active,GOLF / COUNTRY CLUB,$774.30 ,Beer/NA,(OK) Garvin
6981,QUICK STOP (WICHITA FALLS),M D Chain,* Independent Fisher59 - TEXAS,(940) 642-6578,Wichita Falls,Active,C-STORE / GAS,$769.38 ,Beer/Wine,"(TX) Archer, Baylor, Wichita, Wilbarger"
2621,GAINESVILLE MUNICIPLE GOLF COURSE,GAINESVILLE MUNICIPLE GOLF COURSE,* Independent Fisher59 - TEXAS,(940) 668-4560,Denton,Active,GOLF / COUNTRY CLUB,$768.70 ,Beer/Wine,(TX) Cooke
4898,WALGREENS #3220 (SW PKWY),WALGREENS (D),WALGREENS (TX),(940) 692-3421,Wichita Falls,Active,DRUG STORE,$765.99 ,Beer/Wine,"(TX) Archer, Baylor, Wichita, Wilbarger"
2267,GOODFELLA'S - THE COLONY,GOODFELLA'S - THE COLONY,* Independent Fisher59 - TEXAS,(214) 402-5594,Denton,Active,RESTAURANT,$764.05 ,Beer/Wine,(TX) Denton
2122,FAMILY DOLLAR #12149 (WRIGHT CITY),FAMILY DOLLAR (OK),FAMILY DOLLAR (OK),,EAST,Active,GENERAL MERCHANDISER,$761.62 ,Beer/Wine,(OK) McCurtain
3263,KROOTZ BREWING COMPANY,KROOTZ BREWING COMPANY,* Independent Fisher59 - TEXAS,(214) 663-5715,Denton,Active,BAR / TAVERN,$760.90 ,Beer/Wine,(TX) Cooke
429,RAFTER J,RAFTER J,* Independent Fisher59 - TEXAS,(940) 592-4913,Wichita Falls,Active,RESTAURANT,$757.95 ,Beer/Wine,"(TX) Archer, Baylor, Wichita, Wilbarger"
2770,HERO'S BILLIARDS & SPORTS BAR,HERO'S BILLIARDS & SPORTS BAR,* Independent Fisher59 - OKLAHOMA,(432) 638-6499,Lawton,Active,SPORTS BAR,$756.14 ,All (Beer/Wine/Spirits),(OK) Comanche
3225,SHOTZ LIQUOR ROANOKE,SHOTZ LIQUOR (ROANOKE),SHOTZ (TX),(478) 284-5728,Denton,Active,LIQUOR / PACKAGE STORE,$752.06 ,All (Beer/Wine/Spirits),(TX) Denton
2589,NEON PIG,NEON PIG,* Independent Fisher59 - OKLAHOMA,(316) 614-3980,Ardmore,Active,RESTAURANT,$752.00 ,All (Beer/Wine/Spirits),(OK) Love
62257,APPLEBEES-DENTON,APPLEBEE'S (D),APPLEBEE'S (TX),(940) 591-9353,Denton,Active,RESTAURANT,$751.40 ,Beer/Wine,(TX) Denton
2512,ACADEMY SPORTS + OUTDOORS #184,ACADEMY SPORTS + OUTDOORS,ACADEMY (OK),(580) 531-3000,Lawton,Active,NON BEER OFF PREMISE,$750.80 ,Non Alcohol Only,(OK) Comanche
4720,DUNCAN LOYAL ORDER OF MOOSE,MOOSE LODGE #2202,* Independent Fisher59 - OKLAHOMA,(580) 470-1276,Lawton,Active,PRIVATE CLUB,$750.50 ,All (Beer/Wine/Spirits),(OK) Stephens
216,LA HERRADURA BAR,LA HERRADURA BAR,* Independent Fisher59 - TEXAS,(940) 730-3029,Wichita Falls,Active,BAR / TAVERN,$749.30 ,Beer/Wine,"(TX) Archer, Baylor, Wichita, Wilbarger"
5825,WALGREENS #9670,WALGREENS (L),WALGREENS (OK),(580) 477-1316,Lawton,Active,DRUG STORE,$748.93 ,Beer/Wine,(OK) Jackson
3792,THE TERRITORY,THE TERRITORY,* Independent Fisher59 - OKLAHOMA,(308) 631-5290,Lawton,Active,GOLF / COUNTRY CLUB,$742.23 ,All (Beer/Wine/Spirits),(OK) Stephens
1260,DOLLAR GENERAL #16969 (SMITHVILLE),DOLLAR GENERAL (OK),DOLLAR GENERAL (OK),(479) 234-6743,EAST,Active,GENERAL MERCHANDISER,$741.51 ,Red Bull Only,(OK) McCurtain
2361,CINEMARK 15,CINEMARK THEATERS (D),CINEMARK THEATERS (TX),,Denton,Active,RESTAURANT,$738.08 ,Beer/Wine,(TX) Denton
3008,AWESOME TIMES,AWESOME TIMES,* Independent Fisher59 - TEXAS,(940) 206-3123,Denton,Active,RESTAURANT,$735.90 ,Beer/Wine,(TX) Denton
40931,NORTH POLE STORE,NORTHPOLE STORE,* Independent Fisher59 - OKLAHOMA,(580) 420-9118,EAST,Active,C-STORE / GAS,$730.34 ,Red Bull Only,(OK) McCurtain
2628,AMC PATRIOT 13,AMC PATRIOT 13,* Independent Fisher59 - OKLAHOMA,,Lawton,Active,RESTAURANT,$726.33 ,All (Beer/Wine/Spirits),(OK) Comanche
2592,GOLDEN EAGLE CASINO,GOLDEN EAGLE CASINO,* Independent Fisher59 - OKLAHOMA,(580) 301-0364,Lawton,Active,CASINO / GAMING,$725.26 ,All (Beer/Wine/Spirits),(OK) Comanche
2137,FAMILY DOLLAR #4279 (N. WASHINGTON ST.),FAMILY DOLLAR (OK),FAMILY DOLLAR (OK),,Ardmore,Active,GENERAL MERCHANDISER,$721.52 ,Beer/Wine,(OK) Carter
1248,FAT BULLY'S,FAT BULLY'S,* Independent Fisher59 - OKLAHOMA,(580) 247-5114,Ardmore,Active,BAR / TAVERN,$721.00 ,All (Beer/Wine/Spirits),(OK) Murray
12011,WINSTAR GIFT SHOP,CHICKASAW NATION (L),CHICKASAW NATION (OK),(580) 276-4229,Ardmore,Active,NON BEER OFF PREMISE,$719.58 ,Non Alcohol Only,(OK) Love
2980,FAMILY DOLLAR #13561 (MUENSTER),FAMILY DOLLAR (TX),FAMILY DOLLAR (TX),,Denton,Active,GENERAL MERCHANDISER,$719.23 ,Beer/Wine,(TX) Cooke
3399900,SOUTHBOUND RECORDS,SOUTHBOUND RECORDS,* Independent Fisher59 - OKLAHOMA,5807069825CELL,Lawton,Active,C-STORE / GAS,$716.48 ,Beer/NA,(OK) Greer
40025,ATOKA FUEL STOP,ATOKA FUEL,* Independent Fisher59 - OKLAHOMA,(580) 889-5330,EAST,Active,C-STORE / GAS,$716.45 ,Non Alcohol Only,(OK) Atoka
155,MILLERCOORS BREWING CO.(120) (D),MILLER-COORS (D),* Independent Fisher59 - TEXAS,(214) 223-5154,Denton,Active,SUPPLIER,$716.40 ,All (Beer/Wine/Spirits),(TX) Denton
63172,MAZATLAN,MAZATLAN,* Independent Fisher59 - TEXAS,(940) 566-1718,Denton,Active,RESTAURANT,$716.05 ,Beer/Wine,(TX) Denton
2613,FAMILY DOLLAR #13228 (VALLIANT),FAMILY DOLLAR (OK),FAMILY DOLLAR (OK),,EAST,Active,GENERAL MERCHANDISER,$714.67 ,Beer/Wine,(OK) McCurtain
49300,FAMILY DOLLAR #2895 (BROOK),FAMILY DOLLAR (TX),FAMILY DOLLAR (TX),(940) 716-0247,Wichita Falls,Active,GENERAL MERCHANDISER,$713.90 ,Beer/Wine,"(TX) Archer, Baylor, Wichita, Wilbarger"
6842,BAREFOOT,BAREFOOT,* Independent Fisher59 - OKLAHOMA,(580) 353-1596,Lawton,Active,C-STORE / GAS,$710.95 ,Beer/NA,(OK) Comanche
55210,OLIVE GARDEN ITALIAN- DENTON,OLIVE GARDEN (D),OLIVE GARDEN (TX),(940) 381-2549,Denton,Active,RESTAURANT,$710.55 ,Beer/Wine,(TX) Denton
51243,ANDY'S SUBS PIZZA,ANDY'S SUBS PIZZA,* Independent Fisher59 - TEXAS,,Denton,Active,BAR / TAVERN,$710.15 ,Beer/Wine,(TX) Denton
47052,VFW #4747 (VERNON),VFW #4747 (VERNON),* Independent Fisher59 - TEXAS,(940) 552-9198,Wichita Falls,Active,PRIVATE CLUB,$709.50 ,Beer/Wine,"(TX) Archer, Baylor, Wichita, Wilbarger"
2908,THE REFUGE ALE HOUSE,THE REFUGE ALE HOUSE,* Independent Fisher59 - OKLAHOMA,(580) 595-1085,Lawton,Active,BAR / TAVERN,$706.00 ,All (Beer/Wine/Spirits),(OK) Comanche
3268,PAPA D'S MEXICAN CUISINE,PAPA D'S MEXICAN CUISINE,* Independent Fisher59 - TEXAS,(940) 597-1004,Denton,Active,RESTAURANT,$701.15 ,Beer/Wine,(TX) Denton
2960,ANAYA'S SEAFOOD FRISCO,ANAYA'S SEAFOOD FRISCO,* Independent Fisher59 - TEXAS,,Denton,Active,RESTAURANT,$697.95 ,Beer/Wine,(TX) Denton
3178086,RIGGLES TRADING POST,RIGGLE'S TRADING POST,* Independent Fisher59 - OKLAHOMA,(405) 469-4115,Ardmore,Active,C-STORE / GAS,$693.78 ,Beer/NA,(OK) McClain
1857,JACKSON STREET LIQUOR,JACKSON STREET LIQUOR STORE,* Independent Fisher59 - OKLAHOMA,(580) 326-3423,Ardmore,Active,LIQUOR / PACKAGE STORE,$693.77 ,All (Beer/Wine/Spirits),(OK) Choctaw
2605,HITCHCOCK DISTRIBUTING (D),(D) HITCHCOCK DISTRIBUTING,* Independent Fisher59 - TEXAS,,Denton,Active,SUB-DISTRIBUTOR,$693.60 ,All (Beer/Wine/Spirits),(TX) Denton County Off Transfers
3222,FRIDA'S MEXICAN CUISINE & BAR,FRIDA'S MEXICAN CUISINE & BAR,* Independent Fisher59 - OKLAHOMA,(214) 579-4919,Ardmore,Active,RESTAURANT,$693.57 ,All (Beer/Wine/Spirits),(OK) Love
12665,TEXOMA SOUTHERN SALOON,TEXOMA SOUTHERN SALOON,* Independent Fisher59 - OKLAHOMA,(580) 380-9032,Ardmore,Active,BAR / TAVERN,$692.96 ,All (Beer/Wine/Spirits),(OK) Marshall East (East of 377)
8782,DOLLAR TREE #8782 - MADILL,DOLLAR TREE (OK),DOLLAR TREE (OK),,Ardmore,Active,GENERAL MERCHANDISER,$691.59 ,Non Alcohol Only,(OK) Marshall West (377 & west)
13512,FAMILY DOLLAR #13512 (COMANCHE),FAMILY DOLLAR (OK),FAMILY DOLLAR (OK),,Lawton,Active,GENERAL MERCHANDISER,$688.49 ,Beer/Wine,(OK) Stephens
2899,ACADEMY SPORTS + OUTDOORS #320,ACADEMY SPORTS + OUTDOORS,ACADEMY (OK),(580) 766-6429,Ardmore,Active,NON BEER OFF PREMISE,$686.22 ,Non Alcohol Only,(OK) Carter
3018,TENDER SMOKEHOUSE LITTLE ELM,TENDER SMOKEHOUSE LITTLE ELM,* Independent Fisher59 - TEXAS,(214) 400-2964,Denton,Active,RESTAURANT,$686.20 ,Beer/Wine,(TX) Denton
1267,CHUCK E CHEESE #310 DENTON,CHUCK E CHEESE (D),* Independent Fisher59 - TEXAS,(972) 258-8507,Denton,Active,RESTAURANT,$684.80 ,Beer/Wine,(TX) Denton
13697,ABUELITA'S MEXICAN RESTAURANT,ABUELITAS,* Independent Fisher59 - OKLAHOMA,(580) 622-2285,Ardmore,Active,RESTAURANT,$683.40 ,All (Beer/Wine/Spirits),(OK) Murray
940,DOLLAR GENERAL #18747 (HAWORTH),DOLLAR GENERAL (OK),DOLLAR GENERAL (OK),,EAST,Active,GENERAL MERCHANDISER,$678.84 ,Red Bull Only,(OK) McCurtain
2140,FAMILY DOLLAR #4549 (SW 2ND ST.),FAMILY DOLLAR (OK),FAMILY DOLLAR (OK),,Lawton,Active,GENERAL MERCHANDISER,$678.74 ,Red Bull Only,(OK) Comanche
50112,CVS PHARMACY #7562,CVS (D),CVS (TX),(214) 705-9000,Denton,Active,DRUG STORE,$676.40 ,Beer/Wine,(TX) Denton
3275,KABAYAN BEER,KABAYAN BEER,* Independent Fisher59 - TEXAS,,Denton,Active,C-STORE / GAS,$675.92 ,Beer/Wine,(TX) Denton
2984,RACK HOUSE - WICHITA FALLS,RACK HOUSE - WICHITA FALLS,* Independent Fisher59 - TEXAS,(940) 257-7676,Wichita Falls,Active,BAR / TAVERN,$673.80 ,Beer/Wine,"(TX) Archer, Baylor, Wichita, Wilbarger"
41049,MURPHY USA #7034 (IDABEL),MURPHY OIL (LAW),MURPHY OIL (OK),(580) 208-3796,EAST,Active,C-STORE / GAS,$670.80 ,Non Alcohol Only,(OK) McCurtain
12896,TEN STAR PIZZA KITCHEN,TEN STAR PIZZA KITCHEN,* Independent Fisher59 - OKLAHOMA,,Ardmore,Active,RESTAURANT,$669.32 ,All (Beer/Wine/Spirits),(OK) Carter
13230,MURPHY USA #7440 (PAULS VALLEY),MURPHY OIL (LAW),MURPHY OIL (OK),(405) 238-2868,Ardmore,Active,C-STORE / GAS,$668.64 ,Non Alcohol Only,(OK) Garvin
563,CANTINA LIME ARDMORE,CANTINA LIME ARDMORE,* Independent Fisher59 - OKLAHOMA,(972) 989-4798,Ardmore,Active,RESTAURANT,$668.57 ,All (Beer/Wine/Spirits),(OK) Carter
3413,SIMPSON PHARMACY,SIMPSON PHARMACY,* Independent Fisher59 - OKLAHOMA,(580) 579-3656,Ardmore,Active,DRUG STORE,$666.00 ,Red Bull Only,(OK) McCurtain
1289,URBANO TACO & ENCHILADA BAR,URBANO TACO & ENCHILADA BAR,* Independent Fisher59 - TEXAS,(214) 734-5395,Denton,Active,RESTAURANT,$663.70 ,Beer/Wine,(TX) Denton
2796,KITCHEN 70 - KINGSTON,WINSTAR/TRADITIONS ON PREMISE (L),WINSTAR/TRADITIONS ON PREMISE (OK),(580) 565-4276,Ardmore,Active,RESTAURANT,$663.55 ,All (Beer/Wine/Spirits),(OK) Marshall East (East of 377)
2896,TRAIL DUST STEAKHOUSE - LINDSAY,TRAIL DUST STEAKHOUSE - LINDSAY,* Independent Fisher59 - TEXAS,,Denton,Active,RESTAURANT,$663.25 ,Beer/Wine,(TX) Cooke
6251,CARLITOS MEX REST (BURK),CARLITOS MEX REST (BURK),* Independent Fisher59 - TEXAS,(940) 569-4373,Wichita Falls,Active,RESTAURANT,$663.25 ,Beer/Wine,"(TX) Archer, Baylor, Wichita, Wilbarger"
3149587,GREENS OF ALTUS,THE GREENS OF ALTUS,* Independent Fisher59 - OKLAHOMA,(580) 301-2204,Lawton,Active,GOLF / COUNTRY CLUB,$662.80 ,Beer/Wine,(OK) Jackson
983,CVS #10487,CVS (D),CVS (TX),(682) 831-1923,Denton,Active,DRUG STORE,$661.50 ,Beer/Wine,(TX) Denton
2624,TRAVELERS CANTINA,TRAVELERS CANTINA,* Independent Fisher59 - TEXAS,(940) 498-2008,Denton,Active,RESTAURANT,$661.15 ,Beer/Wine,(TX) Denton
3410,DOLLAR GENERAL #4606 (LITTLE ELM),DOLLAR GENERAL (DEN),DOLLAR GENERAL (TX),,Denton,Active,GENERAL MERCHANDISER,$659.50 ,Beer/Wine,(TX) Denton
46241,INZO ITALIAN KITCHEN,INZO ITALIAN KITCHEN,* Independent Fisher59 - TEXAS,(817) 890-4280,Denton,Active,RESTAURANT,$656.40 ,Beer/Wine,(TX) Denton
1823,DISCOUNT LIQUOR OF KINGSTON,DISCOUNT LIQUOR OF KINGSTON,* Independent Fisher59 - OKLAHOMA,(580) 624-0013,Ardmore,Active,LIQUOR / PACKAGE STORE,$654.08 ,All (Beer/Wine/Spirits),(OK) Marshall East (East of 377)
6223,MUNOZ MEXICAN RESTAURANT,MUNOZ MEXICAN RESTAURANT_2,* Independent Fisher59 - OKLAHOMA,(405) 247-5511,Lawton,Active,RESTAURANT,$654.00 ,All (Beer/Wine/Spirits),(OK) Caddo
1083,PRUETT'S FOODS - ATOKA,PRUETT'S FOOD (L),PRUETT'S FOOD (OK),(580) 889-2392,EAST,Active,NEIGHBORHOOD GROC.,$652.30 ,Non Alcohol Only,(OK) Atoka
1352,CINEMARK 14 DENTON,CINEMARK THEATERS (D),CINEMARK THEATERS (TX),(940) 535-2654,Denton,Active,RESTAURANT,$650.55 ,Beer/Wine,(TX) Denton
62836,OUTBACK STEAKHOUSE - LEWISVILLE,OUTBACK (D),OUTBACK (TX),(972) 315-5772,Denton,Active,RESTAURANT,$649.95 ,Beer/Wine,(TX) Denton
49220,MOVIEHOUSE & EATERY - FLWR MND,MOVIEHOUSE & EATERY - FLWR MND,CINEPOLIS (TX),(972) 355-6363,Denton,Active,RESTAURANT,$649.60 ,Beer/Wine,(TX) Denton
339,THE ROCK KITCHEN & LOUNGE,THE ROCK KITCHEN & LOUNGE,* Independent Fisher59 - OKLAHOMA,(405) 412-6101,Ardmore,Active,SPORTS BAR,$647.48 ,All (Beer/Wine/Spirits),(OK) Carter
51557,LA MEXICANA,LA MEXICANA,* Independent Fisher59 - TEXAS,(940) 230-6122,Denton,Active,RESTAURANT,$647.44 ,Beer/Wine,(TX) Denton
2296,TED E'S KITCHEN AT THE COVE,TED E'S KITCHEN AT THE COVE,* Independent Fisher59 - TEXAS,(214) 762-7126,Denton,Active,BAR / TAVERN,$647.20 ,Beer/Wine,(TX) Denton
1768,CHEDDAR'S - DENTON,CHEDDARS (D),CHEDDARS (TX),(817) 703-8309,Denton,Active,RESTAURANT,$645.65 ,Beer/Wine,(TX) Denton
58453,SALERNO RESTAURANT,SALERNO RESTAURANT,* Independent Fisher59 - TEXAS,(972) 539-9534,Denton,Active,RESTAURANT,$644.45 ,Beer/Wine,(TX) Denton
3194,271 KWICKMART,271 KWICKMART,* Independent Fisher59 - OKLAHOMA,(580) 743-8044,EAST,Active,C-STORE / GAS,$643.56 ,Beer/NA,(OK) Choctaw
3916,RIB CRIB #62,RIB CRIB #62,* Independent Fisher59 - TEXAS,(940) 696-2900,Wichita Falls,Active,RESTAURANT,$642.60 ,Beer/Wine,"(TX) Archer, Baylor, Wichita, Wilbarger"
699,FIREFLY BAR & GRILL,FIREFLY BAR & GRILL,* Independent Fisher59 - TEXAS,(940) 867-2616,Wichita Falls,Active,BAR / TAVERN,$641.60 ,Beer/NA,"(TX) Archer, Baylor, Wichita, Wilbarger"
407,DOS CHILES GRANDES CAFE (BOWIE),DOS CHILES GRANDES CAFE (BOWIE),* Independent Fisher59 - TEXAS,(940) 872-4909,Denton,Active,RESTAURANT,$635.45 ,Beer/Wine,(TX) Montague
1182,HIZZY RESTAURANT BAR AND HOOKAH LOUNGE,HIZZY RESTAURANT BAR,* Independent Fisher59 - TEXAS,(469) 471-4782,Denton,Active,RESTAURANT,$635.10 ,Beer/Wine,(TX) Denton
1313,STEVE'S WINE BAR,STEVE'S WINE BAR,* Independent Fisher59 - TEXAS,(940) 597-9615,Denton,Active,BAR / TAVERN,$632.15 ,Beer/Wine,(TX) Denton
3151,AAA LIQUOR,AAA LIQUOR,* Independent Fisher59 - TEXAS,,Wichita Falls,Active,LIQUOR / PACKAGE STORE,$626.20 ,All (Beer/Wine/Spirits),"(TX) Archer, Baylor, Wichita, Wilbarger"
1788,EL MEXICANO BAR & GRILL,EL MEXICANO BAR & GRILL,* Independent Fisher59 - OKLAHOMA,(405) 762-9804,Ardmore,Active,RESTAURANT,$624.10 ,All (Beer/Wine/Spirits),(OK) Carter
1421,THE HOME DEPOT #3914,THE HOME DEPOT #3914,HOME DEPOT (OK),,Lawton,Active,NON BEER OFF PREMISE,$623.94 ,Red Bull Only,(OK) Comanche
48595,VFW #6205 - MUENSTER,VFW #6205 - MUENSTER,* Independent Fisher59 - TEXAS,(940) 759-2921,Denton,Active,PRIVATE CLUB,$621.30 ,Repeal No Malt Beer,(TX) Cooke
49199,MARGARITA HUT,MARGARITA HUT,* Independent Fisher59 - TEXAS,(214) 235-7730,Denton,Active,BAR / TAVERN,$620.20 ,Beer/Wine,(TX) Denton
2426,ALL MIXED UP,ALL MIXED UP,* Independent Fisher59 - OKLAHOMA,(580) 471-9911,Lawton,Active,BAR / TAVERN,$620.10 ,Beer/Wine,(OK) Jackson
20461,AMERICAN LEGION #198,AMERICAN LEGION #198,* Independent Fisher59 - TEXAS,(940) 882-9250,Wichita Falls,Active,PRIVATE CLUB,$619.80 ,Beer/Wine,"(TX) Archer, Baylor, Wichita, Wilbarger"
1184,CVS PHARMACY #10642,CVS (D),CVS (TX),(940) 382-1810,Denton,Active,DRUG STORE,$618.10 ,Beer/Wine,(TX) Denton
1969,HAT CREEK BURGER COMPANY - LITTLE ELM,HAT CREEK BURGER COMPANY,* Independent Fisher59 - TEXAS,(512) 965-1717,Denton,Active,RESTAURANT,$617.20 ,Beer/Wine,(TX) Denton
2413,SULLIVAN'S BBQ,SULLIVAN'S BBQ,* Independent Fisher59 - TEXAS,(972) 955-7976,Denton,Active,RESTAURANT,$613.35 ,Beer/Wine,(TX) Denton
1012,CVS #10523,CVS (D),CVS (TX),(214) 469-1143,Denton,Active,DRUG STORE,$613.19 ,Beer/Wine,(TX) Denton
1154,SEAFOOD PARTY,SEAFOOD PARTY,* Independent Fisher59 - OKLAHOMA,(646) 945-6788,Lawton,Active,RESTAURANT,$610.80 ,All (Beer/Wine/Spirits),(OK) Comanche
12349,LOCO GROCERY/CRAZY CORNER,LOCO GRO.,* Independent Fisher59 - OKLAHOMA,(580) 537-2300,Ardmore,Active,NEIGHBORHOOD GROC.,$609.84 ,Beer/NA,(OK) Stephens
58100,CRISTINA'S MEXICAN REST - FM,CRISTINAS (D),* Independent Fisher59 - TEXAS,(817) 491-8859,Denton,Active,RESTAURANT,$609.10 ,Beer/Wine,(TX) Denton
3029,LONGHORN STEAKHOUSE,LONGHORN STEAKHOUSE,LONGHORN STEAKHOUSE (TX),,Denton,Active,RESTAURANT,$608.90 ,Beer/Wine,(TX) Denton
10010,GECKO'S AT LAKE TEXOMA,GECKOS AT LAKE TEXOMA,* Independent Fisher59 - OKLAHOMA,(580) 564-9599,Ardmore,Active,RESTAURANT,$607.79 ,All (Beer/Wine/Spirits),(OK) Marshall East (East of 377)
2458,FAMILY DOLLAR #12648 (SEYMOUR),FAMILY DOLLAR (TX),FAMILY DOLLAR (TX),,Wichita Falls,Active,GENERAL MERCHANDISER,$603.34 ,Beer/Wine,"(TX) Archer, Baylor, Wichita, Wilbarger"
2320,FREDERICK GOLF & COUNTRY CLUB,FREDERICK GOLF CLUB,* Independent Fisher59 - OKLAHOMA,(580) 335-2911,Lawton,Active,GOLF / COUNTRY CLUB,$602.27 ,All (Beer/Wine/Spirits),(OK) Tillman
1662,BROADWAY LIQUOR,BROADWAY LIQUOR,* Independent Fisher59 - OKLAHOMA,(580) 688-3327,Lawton,Active,LIQUOR / PACKAGE STORE,$599.96 ,All (Beer/Wine/Spirits),(OK) Harmon
36570,SUPREME CRAB,EL FENIX (D),* Independent Fisher59 - TEXAS,(405) 924-1482,Denton,Active,RESTAURANT,$598.40 ,Beer/Wine,(TX) Denton
2366,MANUELITO'S MEXICAN RESTAURANT,MANUELITO'S MEXICAN RESTAURANT,* Independent Fisher59 - TEXAS,(940) 372-2883,Denton,Active,RESTAURANT,$597.50 ,Beer/Wine,(TX) Cooke
601,DOLLAR GENERAL #1726 (VERNON),DOLLAR GENERAL (DEN),DOLLAR GENERAL (TX),(682) 273-0797,Wichita Falls,Active,GENERAL MERCHANDISER,$597.25 ,Beer/Wine,"(TX) Archer, Baylor, Wichita, Wilbarger"
1204,THE THIRSTY GROWLER,THE THIRSTY GROWLER,* Independent Fisher59 - TEXAS,,Denton,Active,BAR / TAVERN,$597.10 ,Beer/Wine,(TX) Denton
705,COMMUNITY GRILL,COMMUNITY GRILL,* Independent Fisher59 - TEXAS,(912) 381-0176,Denton,Active,RESTAURANT,$595.20 ,Beer/Wine,(TX) Denton
2435,DOLLAR GENERAL #3128 (OLD KINGS),DOLLAR GENERAL (DEN),DOLLAR GENERAL (TX),(940) 273-1372,Wichita Falls,Active,GENERAL MERCHANDISER,$594.70 ,Beer/Wine,"(TX) Archer, Baylor, Wichita, Wilbarger"
1228,RED ROBIN GOURMET BURGERS & BREWS,RED ROBIN GOURMET BURGERS & BREWS,RED ROBIN (TX),,Wichita Falls,Active,RESTAURANT,$591.20 ,Beer/Wine,"(TX) Archer, Baylor, Wichita, Wilbarger"
6390,VERDEN MINI MART,VERDEN MINI MART,* Independent Fisher59 - OKLAHOMA,(609) 284-4170,Lawton,Active,C-STORE / GAS,$591.06 ,Beer/NA,(OK) Grady
2962,EL TEQUILA MEXICAN KINGSTON,EL TEQUILA MEXICAN RESTAURANT_2,* Independent Fisher59 - OKLAHOMA,(580) 677-9422,Ardmore,Active,RESTAURANT,$588.80 ,All (Beer/Wine/Spirits),(OK) Marshall East (East of 377)
1702,COPPER COIN LIQUORS,COPPER COIN LIQUORS,* Independent Fisher59 - OKLAHOMA,(970) 778-1981,Lawton,Active,LIQUOR / PACKAGE STORE,$588.73 ,All (Beer/Wine/Spirits),(OK) Stephens
26872,LUCKY'S CAFE (AC),LUCKY'S CAFE (AC),* Independent Fisher59 - TEXAS,(940) 574-4431,Wichita Falls,Active,C-STORE / GAS,$583.44 ,Beer/Wine,"(TX) Archer, Baylor, Wichita, Wilbarger"
40017,SOUTH POLE COUNTRY STORE,SOUTHPOLE STORE,* Independent Fisher59 - OKLAHOMA,(580) 981-2382,Ardmore,Active,C-STORE / GAS,$582.02 ,Beer/NA,(OK) McCurtain
2175,KUDO JAPANESE STEAK AND SUSHI,KOBE JAPANESE CUISINE,* Independent Fisher59 - OKLAHOMA,(580) 917-9637,Lawton,Active,RESTAURANT,$582.00 ,All (Beer/Wine/Spirits),(OK) Comanche
2649,LUIGIS (CHICKASHA),LUIGIS (CHICKASHA),* Independent Fisher59 - OKLAHOMA,,Lawton,Active,RESTAURANT,$578.18 ,All (Beer/Wine/Spirits),(OK) Grady
2147,FAMILY DOLLAR #7388 (HEALDTON),FAMILY DOLLAR (OK),FAMILY DOLLAR (OK),,Ardmore,Active,GENERAL MERCHANDISER,$577.41 ,Red Bull Only,(OK) Carter
49833,RED ROBIN,RED ROBIN GOURME (D),RED ROBIN (TX),(972) 539-5400,Denton,Active,RESTAURANT,$575.55 ,Beer/Wine,(TX) Denton
40976,EAGLE CASH GROCERY,EAGLE CASH GROCERY,* Independent Fisher59 - OKLAHOMA,(580) 835-7399,EAST,Active,C-STORE / GAS,$573.80 ,Beer/NA,(OK) McCurtain
4184,MONROE STREET GROCERY,MONROE STREET GROCERY,* Independent Fisher59 - TEXAS,(940) 761-4040,Wichita Falls,Active,C-STORE / GAS,$571.04 ,Beer/Wine,"(TX) Archer, Baylor, Wichita, Wilbarger"
3136,GENERAL STORE OF ELMER,GENERAL STORE OF ELMER,* Independent Fisher59 - OKLAHOMA,(580) 649-9154,Lawton,Active,C-STORE / GAS,$566.01 ,Beer/Wine,(OK) Jackson
1820,BJ'S PIZZA,BJ'S PIZZA,* Independent Fisher59 - OKLAHOMA,(361) 537-1775,Lawton,Active,RESTAURANT,$564.45 ,All (Beer/Wine/Spirits),(OK) Grady
2959,CHEESECAKE FACTORY #0225,CHEESECAKE FACTO (D),CHEESECAKE FACTORY (D),8188713000ext3576,Denton,Active,RESTAURANT,$560.10 ,Beer/Wine,(TX) Denton
1053,JEFE'S (HENRIETTA),JEFE'S (HENRIETTA),* Independent Fisher59 - TEXAS,(940) 642-1896,Wichita Falls,Active,RESTAURANT,$559.15 ,Beer/Wine,(TX) Clay
49940,VAUGHN'S PIZZERIA & DRAUGHTHOUSE,JOHNNY BRUSCOS-FLOWER MOUND,* Independent Fisher59 - TEXAS,(972) 671-4900,Denton,Active,RESTAURANT,$557.95 ,Beer/Wine,(TX) Denton
1235,LONG BRANCH PRIVATE CLUB,LONG BRANCH PRIVATE CLUB,* Independent Fisher59 - TEXAS,,Wichita Falls,Active,PRIVATE CLUB,$556.40 ,Beer/Wine,"(TX) Archer, Baylor, Wichita, Wilbarger"
53995,WALGREENS #4587,WALGREENS (D),WALGREENS (TX),(972) 355-4831,Denton,Active,DRUG STORE,$553.25 ,Beer/Wine,(TX) Denton
853,TRINITY STREET COFFEE BAR,TRINITY STREET COFFEE BAR,* Independent Fisher59 - TEXAS,(940) 230-7318,Denton,Active,RESTAURANT,$549.90 ,Beer/Wine,(TX) Wise
4330,JOHNNY CARINOS,HIMC BEVERAGE - JOHNNY CARINO'S (WF),* Independent Fisher59 - TEXAS,(940) 691-8900,Wichita Falls,Active,RESTAURANT,$546.60 ,Beer/Wine,"(TX) Archer, Baylor, Wichita, Wilbarger"
746,PECAN SHED,PECAN SHED,* Independent Fisher59 - TEXAS,(940) 538-0283,Wichita Falls,Active,C-STORE / GAS,$544.83 ,Beer/Wine,(TX) Clay
912,AMC HIGHLAND VILLAGE,AMC THEATERS (D),AMC THEATERS (TX),(972) 317-2609,Denton,Active,RESTAURANT,$540.35 ,Beer/Wine,(TX) Denton
2086,PUPUSERIA Y ANTOJITOS,PUPUSERIA Y ANTOJITOS,* Independent Fisher59 - TEXAS,(214) 222-4040,Denton,Active,RESTAURANT,$538.55 ,Beer/Wine,(TX) Denton
47084,AQUA BAR & GRILL,AQUA BAR & GRILL,* Independent Fisher59 - TEXAS,(214) 984-8889,Denton,Active,BAR / TAVERN,$538.10 ,Beer/Wine,(TX) Denton
50732,SMOKEHOUSE A,SMOKEHOUSE A,* Independent Fisher59 - TEXAS,(940) 665-9052,Denton,Active,RESTAURANT,$537.45 ,Beer/Wine,(TX) Cooke
251,LAKE MURRAY MARINA,LAKE MURRAY MARINA,* Independent Fisher59 - OKLAHOMA,(580) 223-9339,Ardmore,Active,C-STORE / GAS,$537.26 ,Beer/NA,(OK) Carter
4076,LIQUOR KING - TIPTON,LIQUOR KING - TIPTON,* Independent Fisher59 - OKLAHOMA,(832) 483-2991,Lawton,Active,LIQUOR / PACKAGE STORE,$536.87 ,All (Beer/Wine/Spirits),(OK) Tillman
3115,SCHOOLHOUSE SLOUGH CONVENIENCE STORE,SCHOOLHOUSE SLOUGH CONVENIENCE STORE,* Independent Fisher59 - OKLAHOMA,(580) 917-3234,Lawton,Active,C-STORE / GAS,$536.60 ,Beer/NA,(OK) Comanche
40664,BENNINGTON QUICK STOP,BENNINGTON QUICK STOP,* Independent Fisher59 - OKLAHOMA,(580) 847-2649,Ardmore,Active,C-STORE / GAS,$535.87 ,Beer/NA,(OK) Bryan
112233,CHICKASAW POINTE GOLF CLUB,CHICKASAW POINTE GOLF CRS,* Independent Fisher59 - OKLAHOMA,(580) 564-2581,Ardmore,Active,GOLF / COUNTRY CLUB,$535.70 ,All (Beer/Wine/Spirits),(OK) Marshall East (East of 377)
1908,PRUETT'S FOOD - VALLIANT,PRUETT'S FOOD (L),PRUETT'S FOOD (OK),(580) 933-5700,EAST,Active,NEIGHBORHOOD GROC.,$535.21 ,Non Alcohol Only,(OK) McCurtain
1749,PRAIRIE HOUSE RESTAURANT - LEWISVILLE,J2 STEAKHOUSE,* Independent Fisher59 - TEXAS,(972) 897-9097,Denton,Active,RESTAURANT,$531.30 ,Beer/Wine,(TX) Denton
66405,BPO ELKS LODGE #2351,BPO ELKS LODGE #2351,* Independent Fisher59 - OKLAHOMA,(405) 756-7591,Lawton,Active,PRIVATE CLUB,$531.08 ,All (Beer/Wine/Spirits),(OK) Garvin
2857,NAPOLIS VAPE SMOKE,NAPOLIS VAPE SMOKE,* Independent Fisher59 - OKLAHOMA,(405) 640-0706,Lawton,Active,C-STORE / GAS,$523.65 ,Non Alcohol Only,(OK) Comanche
298,FUZZY'S TACO SHOP - FLOWER MOUND,FUZZY'S TACO SHOP - FLOWER MOUND,FUZZY'S TACO SHOP (TX),(972) 355-8226,Denton,Active,RESTAURANT,$520.15 ,Beer/Wine,(TX) Denton
291,FUZZY'S TACO SHOP - ROANOKE,FUZZYS TACO SHOP - ROANOKE,FUZZY'S TACO SHOP (TX),(817) 729-4297,Denton,Active,RESTAURANT,$517.40 ,Beer/Wine,(TX) Denton
583,DENTON CIGAR CO.,DENTON CIGAR CO.,* Independent Fisher59 - TEXAS,(940) 514-1009,Denton,Active,BAR / TAVERN,$517.05 ,Beer/Wine,(TX) Denton
2448,UNDERDOGS FLOWER MOUND,SCOUT RIVERWALK (SFERECO),* Independent Fisher59 - TEXAS,,Denton,Active,RESTAURANT,$515.00 ,Beer/Wine,(TX) Denton
7362,COURTYARD BY MARRIOTT WICHITA FALLS,MARRIOTT (D),MARRIOTT (TX),(940) 696-0010,Wichita Falls,Active,HOTEL / MOTEL,$514.20 ,Beer/Wine,"(TX) Archer, Baylor, Wichita, Wilbarger"
3243,CASA MIA LATIN CUISINE,CASA MIA LATIN CUISINE,* Independent Fisher59 - TEXAS,(214) 562-3294,Denton,Active,RESTAURANT,$513.45 ,Beer/Wine,(TX) Denton
3339,DOC'S SPORTS GRILL - BOWIE,DOC'S SPORTS GRILL - BOWIE,* Independent Fisher59 - TEXAS,,Denton,Active,BAR / TAVERN,$510.50 ,Beer/Wine,(TX) Montague
1887,BOSWELL COUNTRY MARKET #62104,CHOCTAW NATION (L),CHOCTAW TRAVEL PLAZA (OK),(580) 775-7445,EAST,Active,C-STORE / GAS,$509.13 ,Beer/Wine,(OK) Choctaw
208,ELKS CLUB # 1105 - WF,ELKS CLUB # 1105,* Independent Fisher59 - TEXAS,(940) 691-4820,Wichita Falls,Active,BAR / TAVERN,$507.50 ,Beer/Wine,"(TX) Archer, Baylor, Wichita, Wilbarger"
62646,MI RANCHITO - DENTON,MI RANCHITO - DENTON,* Independent Fisher59 - TEXAS,(940) 600-0360,Denton,Active,RESTAURANT,$502.18 ,Beer/Wine,(TX) Denton
3404,3 IDIOTS SMOKE SHOP,3 IDIOTS SMOKE SHOP,* Independent Fisher59 - TEXAS,(512) 698-9017,Denton,Active,C-STORE / GAS,$501.70 ,Beer/Wine,(TX) Denton
11001,CATFISH CORNER,CATFISH CORNER,* Independent Fisher59 - OKLAHOMA,1 (580) 223-2922,Ardmore,Active,RESTAURANT,$500.60 ,All (Beer/Wine/Spirits),(OK) Carter
1903,CHANTE MEXICAN GRILLE,CHANTE MEXICAN GRILLE,* Independent Fisher59 - TEXAS,,Denton,Active,RESTAURANT,$498.60 ,Beer/Wine,(TX) Denton
1745,THE BUST INC.,THE BUST INC.,* Independent Fisher59 - OKLAHOMA,(580) 736-2277,Lawton,Active,C-STORE / GAS,$494.95 ,Beer/NA,(OK) Stephens
49267,TOAST+JAM,TOAST+JAM,* Independent Fisher59 - OKLAHOMA,(580) 574-0856,Lawton,Active,RESTAURANT,$494.28 ,All (Beer/Wine/Spirits),(OK) Comanche
13730,BUNCOMBE CREEK RESORT MARINA,BUNCOMBE CREEK RESORT MARINA,* Independent Fisher59 - OKLAHOMA,(580) 564-2543,Ardmore,Active,C-STORE / GAS,$494.02 ,Beer/NA,(OK) Marshall East (East of 377)
1632,OLLIE'S JUKE JOINT,OLLIE'S JUKE JOINT,* Independent Fisher59 - OKLAHOMA,(580) 795-4597,Ardmore,Active,RESTAURANT,$493.51 ,All (Beer/Wine/Spirits),(OK) Marshall East (East of 377)
369,WASHITA BEVERAGE,WINSTAR/TRADITIONS ON PREMISE (L),WINSTAR/TRADITIONS ON PREMISE (OK),(405) 268-1924,Ardmore,Active,CASINO / GAMING,$490.05 ,All (Beer/Wine/Spirits),(OK) Garvin
40991,KOUNTRY STORE (Golden),KOUNTRY STORE_2,* Independent Fisher59 - OKLAHOMA,(580) 420-3272,EAST,Active,C-STORE / GAS,$487.71 ,Beer/NA,(OK) McCurtain
978,F&B FOOD MART,F&B FOOD MART,* Independent Fisher59 - TEXAS,(940) 224-6218,Wichita Falls,Active,C-STORE / GAS,$481.12 ,Beer/Wine,"(TX) Archer, Baylor, Wichita, Wilbarger"
17221,THREE HEARTS STEAKHOUSEGRIL,THREE HEARTS STEAKHOUSEGRIL,* Independent Fisher59 - TEXAS,(940) 552-0803,Wichita Falls,Active,RESTAURANT,$479.10 ,Beer/Wine,"(TX) Archer, Baylor, Wichita, Wilbarger"
1444,CANEY CREEK BEER GARDEN,CANEY CREEK BEER GARDEN,* Independent Fisher59 - OKLAHOMA,(580) 775-7344,Ardmore,Active,BAR / TAVERN,$479.06 ,All (Beer/Wine/Spirits),(OK) Marshall East (East of 377)
3242,THE ELM,THE ELM,* Independent Fisher59 - TEXAS,(469) 536-6978,Denton,Active,HOTEL / MOTEL,$474.05 ,Beer/Wine,(TX) Denton
1983,HAMPTON INN & SUITES - LEWISVILLE,HAMPTON INN & SUITES - LEWISVILLE,* Independent Fisher59 - TEXAS,(214) 596-1500,Denton,Active,HOTEL / MOTEL,$473.75 ,Beer/Wine,(TX) Denton
2943,ALDI #77 LAWTON,ALDI (OK),ALDI (OK),(580) 771-2819,Lawton,Active,SUPERMARKET,$471.80 ,Beer/Wine,(OK) Comanche
2381,MULBERRY,MULBERRY,* Independent Fisher59 - OKLAHOMA,(580) 387-0095,Ardmore,Active,BAR / TAVERN,$471.79 ,All (Beer/Wine/Spirits),(OK) Johnston
11245,LOVE'S COUNTRY STORE #269 (WF),LOVES (D),LOVES (TX),(940) 766-6098,Wichita Falls,Active,C-STORE / GAS,$470.95 ,Beer/Wine,"(TX) Archer, Baylor, Wichita, Wilbarger"
845,EL TEQUILA MEXICAN MADILL,EL TEQUILA,* Independent Fisher59 - OKLAHOMA,(580) 677-9422,Ardmore,Active,RESTAURANT,$470.60 ,All (Beer/Wine/Spirits),(OK) Marshall West (377 & west)
2792,WET YOUR WHISTLE,WET YOUR WHISTLE,* Independent Fisher59 - TEXAS,(940) 886-6161,Wichita Falls,Active,LIQUOR / PACKAGE STORE,$470.55 ,All (Beer/Wine/Spirits),"(TX) Archer, Baylor, Wichita, Wilbarger"
1168,PUNKINS,PUNKINS,* Independent Fisher59 - OKLAHOMA,,Ardmore,Active,RESTAURANT,$468.40 ,Beer/Wine,(OK) Garvin
49295,SCOTTY P'S HAMBURGERS WEST FRISCO,SCOTTY P'S HAMBURGERS - W FRISCO,* Independent Fisher59 - TEXAS,(972) 977-9437,Denton,Active,RESTAURANT,$466.60 ,Beer/Wine,(TX) Denton
2903,BUFFALO GRILL,BUFFALO GRILL,* Independent Fisher59 - OKLAHOMA,,EAST,Active,RESTAURANT,$466.36 ,All (Beer/Wine/Spirits),(OK) McCurtain
2108,MILANO'S ITALIAN RESTAURANT,MILANO'S ITALIAN RESTAURANT,* Independent Fisher59 - OKLAHOMA,(580) 248-1887,Lawton,Active,RESTAURANT,$466.00 ,All (Beer/Wine/Spirits),(OK) Comanche
2281,COLLECTIVE COFFEE,COLLECTIVE COFFEE,* Independent Fisher59 - TEXAS,(940) 242-2311,Wichita Falls,Active,RESTAURANT,$465.80 ,Beer/Wine,"(TX) Archer, Baylor, Wichita, Wilbarger"
378,LUIGI'S ITALIAN PIZZA,LUIGI'S ITALIAN PIZZA,* Independent Fisher59 - TEXAS,(940) 855-7518,Wichita Falls,Active,RESTAURANT,$458.80 ,Beer/Wine,"(TX) Archer, Baylor, Wichita, Wilbarger"
49202,SPRING HILL SUITES,SPRING HILL SUITES,* Independent Fisher59 - TEXAS,(972) 221-2999,Denton,Active,HOTEL / MOTEL,$457.87 ,Beer/Wine,(TX) Denton
1217,KIYOU SMOKE SHOP,KIYOU SMOKE SHOP,* Independent Fisher59 - OKLAHOMA,(580) 353-4110,Lawton,Active,C-STORE / GAS,$447.90 ,Non Alcohol Only,(OK) Comanche
3252,COUNTRY CORNER (ATOKA),COUNTRY CORNER (ATOKA),* Independent Fisher59 - OKLAHOMA,(469) 853-2644,EAST,Active,C-STORE / GAS,$447.36 ,Beer/NA,(OK) Atoka
1488,ITALIAN BISTRO,ITALIAN BISTRO,* Independent Fisher59 - TEXAS,(817) 793-4035,Denton,Active,RESTAURANT,$447.00 ,Beer/Wine,(TX) Denton
1934,OLIVE GARDEN ITALIAN - FTW,OLIVE GARDEN (D),OLIVE GARDEN (TX),,Denton,Active,RESTAURANT,$445.55 ,Beer/Wine,(TX) Denton
1136,COWBOYS RESTAURANT #4,COWBOYS RESTAURANT #4,* Independent Fisher59 - TEXAS,(940) 230-6122,Denton,Active,RESTAURANT,$443.55 ,Beer/Wine,(TX) Cooke
1580,UNI FOOD MART,UNI FOOD MART,* Independent Fisher59 - OKLAHOMA,(580) 353-7388,Lawton,Active,C-STORE / GAS,$442.79 ,Beer/NA,(OK) Comanche
18127,NORTH LANES,MWR (WF),MWR SHEPPARD AFB (TX),(940) 676-2677,Wichita Falls,Active,MILITARY ON-PREMISE,$442.54 ,Beer/Wine,"(TX) Archer, Baylor, Wichita, Wilbarger"
3133,H-E-B #802 (ON PREM),HEB (TX),HEB (TX),(979) 251-4716,Denton,Active,RESTAURANT,$438.90 ,Beer/Wine,(TX) Denton
792,EDDIE NAPOLI'S ITALIAN BISTRO,EDDIE NAPOLI'S ITALIAN BISTRO,* Independent Fisher59 - TEXAS,(214) 494-4455,Denton,Active,RESTAURANT,$438.50 ,Beer/Wine,(TX) Denton
46227,RUDYS BBQ RESTAURANT,RUDYS BBQ RESTAURANT,* Independent Fisher59 - TEXAS,(940) 484-7839,Denton,Active,RESTAURANT,$435.50 ,Beer/Wine,(TX) Denton
3113,PILOT POINT COFFEE HOUSE,PILOT POINT COFFEE HOUSE,* Independent Fisher59 - TEXAS,,Denton,Active,BAR / TAVERN,$434.60 ,Beer/Wine,(TX) Denton
3150,CROSSBAR DENTON SOCIAL CLUB,CROSSBAR DENTON SOCIAL CLUB,* Independent Fisher59 - TEXAS,(817) 821-8101,Denton,Active,SPORTS BAR,$434.55 ,Beer/Wine,(TX) Denton
1394,RUSH SPRING DISCOUNT FOODS,RUSH SPRING DISCOUNT FOODS,* Independent Fisher59 - OKLAHOMA,(580) 476-2555,Lawton,Active,C-STORE / GAS,$433.10 ,Beer/NA,(OK) Grady
2449,FAIRFIELD INN & SUITES,FAIRFIELD INN & SUITES,* Independent Fisher59 - OKLAHOMA,(405) 921-9382,Lawton,Active,HOTEL / MOTEL,$431.00 ,All (Beer/Wine/Spirits),(OK) Stephens
1425,JUICY PIG BARBEQUE,JUICY PIG BARBEQUE,* Independent Fisher59 - TEXAS,(940) 387-0708,Denton,Active,RESTAURANT,$429.00 ,Beer/Wine,(TX) Denton
3248,LA GRAND CANTINA - WF,LA GRAND CANTINA - WF,* Independent Fisher59 - TEXAS,(940) 228-5041,Wichita Falls,Active,RESTAURANT,$427.45 ,Beer/Wine,"(TX) Archer, Baylor, Wichita, Wilbarger"
1161,DUA TRATTORIA,DUA TRATTORIA,* Independent Fisher59 - TEXAS,,Denton,Active,RESTAURANT,$427.30 ,Beer/Wine,(TX) Denton
2097,SAFB LODGING,MWR (WF),MWR SHEPPARD AFB (TX),(940) 676-7262,Wichita Falls,Active,MILITARY ON-PREMISE,$427.01 ,Beer/Wine,"(TX) Archer, Baylor, Wichita, Wilbarger"
1875,LAUNCH FAMILY ENTERTAINMENT,LAUNCH FAMILY ENTERTAINMENT,* Independent Fisher59 - TEXAS,(940) 252-5175,Denton,Active,SPORTS BAR,$426.05 ,Beer/Wine,(TX) Denton
48660,OLIVE GARDEN ITALIAN- LEWIS,OLIVE GARDEN (D),OLIVE GARDEN (TX),(972) 315-6202,Denton,Active,RESTAURANT,$425.05 ,Beer/Wine,(TX) Denton
2880,GOLF CLUB,MWR ALTUS AFB (L),MWR ALTUS AFB (OK),(580) 481-7207,Lawton,Active,MILITARY ON-PREMISE,$424.89 ,All (Beer/Wine/Spirits),(OK) Jackson
3042,FEDERAL DISTILLING (D),FEDERAL DISTILLING (D),* Independent Fisher59 - TEXAS,,Denton,Active,SUPPLIER,$424.80 ,All (Beer/Wine/Spirits),(TX) Denton
2877,VERNON SPIRITS,PICK N GO LIQUOR,* Independent Fisher59 - TEXAS,(817) 466-8007,Wichita Falls,Active,LIQUOR / PACKAGE STORE,$424.38 ,All (Beer/Wine/Spirits),"(TX) Archer, Baylor, Wichita, Wilbarger"
1799,CALLES DE MEXICO TACO SHOP #2,CALLES DE MEXICO TACO SHOP #2,* Independent Fisher59 - TEXAS,(214) 736-6669,Denton,Active,RESTAURANT,$418.45 ,Beer/Wine,(TX) Denton
45898,LEVY RESTURANT @ TMS,LEVY (D),LEVY (TX),(817) 215-8412,Denton,Active,CONCESSIONAIRE,$416.00 ,Beer/Wine,(TX) Denton
3022,DOLLAR TREE #9065 - SULPHUR,DOLLAR TREE (OK),DOLLAR TREE (OK),,Ardmore,Active,GENERAL MERCHANDISER,$415.89 ,Non Alcohol Only,(OK) Murray
2497,OAKLAND MINI MART,OAKLAND MINI MART,* Independent Fisher59 - TEXAS,(214) 934-2870,Denton,Active,C-STORE / GAS,$414.32 ,Beer/Wine,(TX) Denton
3000,BALDWIN & SON INC,BALDWIN & SON INC,* Independent Fisher59 - OKLAHOMA,(580) 981-2832,EAST,Active,C-STORE / GAS,$412.40 ,Beer/NA,(OK) McCurtain
1271,ADRIFT RETAIL RIVERSTAR,CHICKASAW NATION DIV OF COMMERCE (L),CHICKASAW NATION DIV OF COMMERCE (OK),,Lawton,Active,C-STORE / GAS,$411.60 ,Non Alcohol Only,(OK) Jefferson
3750,CHIEFS SMOKIN ICEHOUSE 5,CHIEFS SMOKIN ICEHOUSE 5,* Independent Fisher59 - OKLAHOMA,(580) 919-5659,Lawton,Active,C-STORE / GAS,$411.60 ,Non Alcohol Only,(OK) Comanche
1878,ARDMORE TOBACCO SHOP #2,CHICKASAW NATION DIV OF COMMERCE (L),CHICKASAW NATION DIV OF COMMERCE (OK),(580) 223-2281,Ardmore,Active,C-STORE / GAS,$409.16 ,Beer/Wine,(OK) Carter
53785,COTTON PATCH CAFE - LEW,COTTON PATCH CAF (D),* Independent Fisher59 - TEXAS,(972) 459-9430,Denton,Active,RESTAURANT,$409.15 ,Beer/Wine,(TX) Denton
3166,DOLLAR TREE #3587 - ARDMORE,DOLLAR TREE (OK),DOLLAR TREE (OK),,Ardmore,Active,GENERAL MERCHANDISER,$406.96 ,Non Alcohol Only,(OK) Carter
1416,BULL MALARKEY'S SMOKEHOUSE,BULL MALARKEY'S SMOKEHOUSE,* Independent Fisher59 - TEXAS,,Wichita Falls,Active,RESTAURANT,$405.70 ,Beer/Wine,(TX) Clay
2897,THE BROKEN TIKI,THE BROKEN TIKI,* Independent Fisher59 - OKLAHOMA,(580) 494-8454,EAST,Active,BAR / TAVERN,$403.92 ,Beer/Wine,(OK) McCurtain
42401,CHEDDAR'S - WF,CHEDDARS (D),CHEDDARS (TX),(940) 692-9292,Wichita Falls,Active,RESTAURANT,$399.80 ,Beer/Wine,"(TX) Archer, Baylor, Wichita, Wilbarger"
1350,BILL'S FISH HOUSE,BILLS CATFISH JOINT,* Independent Fisher59 - OKLAHOMA,(580) 512-8490,Lawton,Active,RESTAURANT,$399.60 ,Beer/Wine,(OK) Jefferson
1984,FIORI,FIORI,* Independent Fisher59 - TEXAS,(469) 396-4403,Denton,Active,RESTAURANT,$398.75 ,Beer/Wine,(TX) Denton
8498,DOLLAR TREE #8498 - SW LEE LAWTON,DOLLAR TREE (OK),DOLLAR TREE (OK),,Lawton,Active,GENERAL MERCHANDISER,$398.03 ,Non Alcohol Only,(OK) Comanche
3302,MAD JACK'S,MAD JACK'S,* Independent Fisher59 - OKLAHOMA,(689) 246-7019,Ardmore,Active,BAR / TAVERN,$397.67 ,All (Beer/Wine/Spirits),(OK) Carter
363,TOCA FOOTBALL,TOCA FOOTBALL,* Independent Fisher59 - TEXAS,(469) 384-3400,Denton,Active,CONCESSIONAIRE,$397.55 ,Beer/Wine,(TX) Denton
2453,THE DEPOT,THE DEPOT,* Independent Fisher59 - TEXAS,(940) 733-9084,Wichita Falls,Active,BAR / TAVERN,$397.35 ,Beer/Wine,"(TX) Archer, Baylor, Wichita, Wilbarger"
4392,ROCKIN H LAND & CATTLE CO,ROCKIN H LAND CATTLE CO,* Independent Fisher59 - OKLAHOMA,(580) 342-5100,Lawton,Active,RESTAURANT,$394.60 ,All (Beer/Wine/Spirits),(OK) Cotton
760,ALMA LLANERA,ALMA LLANERA,* Independent Fisher59 - TEXAS,(214) 801-9142,Denton,Active,BAR / TAVERN,$389.15 ,TABC HOLD,(TX) Denton
2948,THE CHIEF CIGAR LOUNGE,THE CHIEF CIGAR LOUNGE,* Independent Fisher59 - TEXAS,(940) 448-0908,Denton,Active,BAR / TAVERN,$387.20 ,Beer/Wine,(TX) Wise
45385,CVS PHARMACY #6901 (G'VILLE),CVS (D),CVS (TX),(940) 655-0314,Denton,Active,DRUG STORE,$384.80 ,Beer/Wine,(TX) Cooke
3003,ALEJOS MEXICAN GRILL AND BAR LLC,ALEJOS MEXICAN GRILL AND BAR LLC,* Independent Fisher59 - OKLAHOMA,,Ardmore,Active,BAR / TAVERN,$384.60 ,All (Beer/Wine/Spirits),(OK) Marshall West (377 & west)
3094,CIGARS ON 35,CIGARS ON 35,* Independent Fisher59 - TEXAS,,Denton,Active,BAR / TAVERN,$382.10 ,Beer/Wine,(TX) Denton
3343,TG POSH POURS,TG POSH POURS,* Independent Fisher59 - TEXAS,(407) 832-8836,Denton,Active,BAR / TAVERN,$380.05 ,Beer/Wine,(TX) Denton
13695,SULPHUR GOLF COURSE (ELKS LODGE 2079),SULPHUR GOLF COURSE,* Independent Fisher59 - OKLAHOMA,,Ardmore,Active,GOLF / COUNTRY CLUB,$379.90 ,All (Beer/Wine/Spirits),(OK) Murray
11858,MADILL TOBACCO SHOP,CHICKASAW NATION (L),CHICKASAW NATION (OK),(580) 795-7301,Ardmore,Active,C-STORE / GAS,$378.08 ,Beer/Wine,(OK) Marshall West (377 & west)
7085,THE BULLPEN,THE BULLPEN,* Independent Fisher59 - OKLAHOMA,(530) 870-2048,Lawton,Active,BAR / TAVERN,$376.65 ,All (Beer/Wine/Spirits),(OK) Comanche
2242,BOB'S LANDMARK EATERY,BOB'S LANDMARK EATERY,* Independent Fisher59 - OKLAHOMA,(580) 656-0450,Lawton,Active,RESTAURANT,$373.80 ,All (Beer/Wine/Spirits),(OK) Stephens
41111,GARDNER GROCERY,GARDNER GROCERY,* Independent Fisher59 - OKLAHOMA,(580) 298-2246,EAST,Active,NEIGHBORHOOD GROC.,$373.50 ,Beer/NA,(OK) Pushmataha
40994,COUNTRY STORE_2,COUNTRY STORE_2,* Independent Fisher59 - OKLAHOMA,(580) 245-2525,EAST,Active,C-STORE / GAS,$373.34 ,Beer/NA,(OK) McCurtain
2403,JAKE'S RIB,JAKES RIB,* Independent Fisher59 - OKLAHOMA,(405) 222-2825,Lawton,Active,RESTAURANT,$372.40 ,All (Beer/Wine/Spirits),(OK) Stephens
2462,NICK'S LIQUOR CABINET,NICK'S LIQUOR CABINET,* Independent Fisher59 - TEXAS,,Denton,Active,LIQUOR / PACKAGE STORE,$372.05 ,All (Beer/Wine/Spirits),(TX) Wise
3023,GRIFF N BAR N GRILL LLC,GRIFF N BAR N GRILL LLC,* Independent Fisher59 - OKLAHOMA,,Lawton,Active,RESTAURANT,$371.51 ,All (Beer/Wine/Spirits),(OK) Caddo
2812,CHOCTAW CASINO - IDABEL,CHOCTAW NATION (L),CHOCTAW CASINO (OK),,EAST,Active,CASINO / GAMING,$371.50 ,All (Beer/Wine/Spirits),(OK) McCurtain
2889,NEXT LEVEL GOLF,NEXT LEVEL GOLF,* Independent Fisher59 - TEXAS,(940) 244-4653,Wichita Falls,Active,BAR / TAVERN,$370.90 ,Beer/Wine,"(TX) Archer, Baylor, Wichita, Wilbarger"
2974,DOG HAUS,DOG HAUS,* Independent Fisher59 - TEXAS,(610) 657-9979,Denton,Active,SPORTS BAR,$370.70 ,Beer/Wine,(TX) Denton
4305,COMANCHE STAR CASINO,COMANCHE STAR CASINO,* Independent Fisher59 - OKLAHOMA,(580) 281-0559,Lawton,Active,CASINO / GAMING,$369.20 ,All (Beer/Wine/Spirits),(OK) Cotton
2524,ANTOJITOS MI PAIS,ANTOJITOS MI PAIS,* Independent Fisher59 - TEXAS,(214) 972-9005,Denton,Active,RESTAURANT,$369.05 ,Beer/Wine,(TX) Denton
2863,EMELIA'S TEX-MEX,EMELIA'S TEX-MEX,* Independent Fisher59 - TEXAS,(619) 678-3843,Denton,Active,RESTAURANT,$367.25 ,Beer/Wine,(TX) Denton
1065,GENTI'S RESTAURANT,GENTI'S RESTAURANT,* Independent Fisher59 - TEXAS,(972) 768-2523,Denton,Active,RESTAURANT,$366.70 ,Beer/Wine,(TX) Denton
4093,MCBRIDE LAND CATTLE CO.,MCBRIDE LAND CATTLE CO.,* Independent Fisher59 - TEXAS,(940) 322-2516,Wichita Falls,Active,RESTAURANT,$366.60 ,Beer/Wine,"(TX) Archer, Baylor, Wichita, Wilbarger"
53603,MI CASA MEXICAN RESTAURANT,MI CASA MEXICAN RESTAURANT,* Independent Fisher59 - TEXAS,(817) 676-5200,Denton,Active,RESTAURANT,$366.45 ,Beer/Wine,(TX) Cooke
3141,PICKERS UNIVERSE LLC,PICKERS UNIVERSE LLC,* Independent Fisher59 - TEXAS,,Wichita Falls,Active,RESTAURANT,$364.45 ,Beer/Wine,"(TX) Archer, Baylor, Wichita, Wilbarger"
1229,EARL'S 377 PIZZA,EARL'S 377 PIZZA,* Independent Fisher59 - TEXAS,(817) 223-7723,Denton,Active,RESTAURANT,$360.90 ,Beer/Wine,(TX) Denton
1436,APACHE CASINO (EVENT CENTER),FT SILL APACHE CASINO (L),FT SILL APACHE CASINO (OK),(580) 248-5905,Lawton,Active,CASINO / GAMING,$360.00 ,All (Beer/Wine/Spirits),(OK) Comanche
1812,SHELTON GROCERY,SHELTON GROCERY,* Independent Fisher59 - OKLAHOMA,(580) 228-2320,Lawton,Active,NEIGHBORHOOD GROC.,$359.75 ,Non Alcohol Only,(OK) Jefferson
3382,PORTILLO'S HOT DOGS (FT. WORTH),PORTILLO'S HOT DOGS,PORTILLO'S HOT DOGS (TX),(815) 823-7044,Denton,Active,RESTAURANT,$356.85 ,Beer/Wine,(TX) Denton
1183,HOLLY CREEK PIT STOP,HOLLY CREEK PIT STOP,* Independent Fisher59 - OKLAHOMA,(580) 236-0345,EAST,Active,C-STORE / GAS,$355.72 ,Non Alcohol Only,(OK) McCurtain
3075,FIVE BELOW #5119 (ARDMORE),FIVE BELOW (OK),FIVE BELOW (OK),(908) 698-2732,Ardmore,Active,GENERAL MERCHANDISER,$354.46 ,Red Bull Only,(OK) Carter
13912,FIRESIDE DINING,FIRESIDE DINING,* Independent Fisher59 - OKLAHOMA,(405) 706-9580,Ardmore,Active,RESTAURANT,$353.40 ,All (Beer/Wine/Spirits),(OK) Carter
2818,CAROL'S PACKAGE STORE,CAROL'S PACKAGE STORE,* Independent Fisher59 - OKLAHOMA,,Ardmore,Active,LIQUOR / PACKAGE STORE,$350.06 ,All (Beer/Wine/Spirits),(OK) Pushmataha
1263,ALDI (TEXAS) L.L.C. #59 (WF),ALDI (D),ALDI (TX),(940) 220-5400,Wichita Falls,Active,SUPERMARKET,$346.60 ,Beer/Wine,"(TX) Archer, Baylor, Wichita, Wilbarger"
51094,FAT DOWN BBQ,FAT DOWN BBQ,* Independent Fisher59 - TEXAS,(940) 367-2565,Denton,Active,RESTAURANT,$344.00 ,Beer/Wine,(TX) Denton
1454,COURTYARD BY MARRIOTT-ARDMORE,COURTYARD BY MARRIOTT-ARDMORE,* Independent Fisher59 - OKLAHOMA,(580) 677-5647,Ardmore,Active,HOTEL / MOTEL,$343.53 ,All (Beer/Wine/Spirits),(OK) Carter
2058,SAKE SUSHI HIBACHI STEAKHOUSE,SAKE SUSHI HIBACHI STEAKHOUSE,* Independent Fisher59 - TEXAS,,Denton,Active,RESTAURANT,$342.00 ,Beer/Wine,(TX) Denton
889,CARLITOS MEXICAN RESTAURANT (IP),EL SANCHO MEXICAN RESTAURANT (IP),* Independent Fisher59 - TEXAS,(940) 923-9203,Wichita Falls,Active,RESTAURANT,$339.90 ,Beer/Wine,"(TX) Archer, Baylor, Wichita, Wilbarger"
1306,ALDI #68,ALDI (D),ALDI (TX),(682) 831-1036,Denton,Active,SUPERMARKET,$339.80 ,Beer/Wine,(TX) Denton
41141,CJ'S CORNER,CJ'S CORNER,* Independent Fisher59 - OKLAHOMA,(580) 244-3664,EAST,Active,C-STORE / GAS,$338.81 ,Beer/Wine,(OK) McCurtain
1619,CHUCKWAGON BBQ BAR & GRILL,CHUCKWAGON BBQ BAR & GRILL,* Independent Fisher59 - OKLAHOMA,(580) 606-6216,Lawton,Active,RESTAURANT,$336.80 ,All (Beer/Wine/Spirits),(OK) Stephens
52340,SUPREME BOIL,SUPREME BOIL,* Independent Fisher59 - TEXAS,(646) 492-9209,Denton,Active,RESTAURANT,$336.15 ,Beer/Wine,(TX) Denton
3068,VILLA GRANDE - SANGER,VILLA GRANDE TACO & BAR,* Independent Fisher59 - TEXAS,(972) 834-6115,Denton,Active,RESTAURANT,$336.00 ,Beer/Wine,(TX) Denton
38,TOWN & COUNTRY BOWLING LANES,TOWN AND COUNTRY LANES,* Independent Fisher59 - OKLAHOMA,(580) 482-6614,Lawton,Active,BOWLING CENTER,$333.60 ,Beer/Wine,(OK) Jackson
2194,MAIN STREET CAFE,MAIN STREET CAFE,* Independent Fisher59 - TEXAS,,Denton,Active,RESTAURANT,$331.15 ,Beer/Wine,(TX) Denton
6200,LONGHORN EXPRESS (MAIN),LONGHORN EXPRESS,* Independent Fisher59 - OKLAHOMA,(405) 785-9192,Lawton,Active,C-STORE / GAS,$328.40 ,Non Alcohol Only,(OK) Grady
54542,FUZZY'S TACO SHOP - LEWISVILLE,FUZZY TACO - LEWISVILLE,FUZZY'S TACO SHOP (TX),(972) 355-8226,Denton,Active,RESTAURANT,$327.70 ,Beer/Wine,(TX) Denton
3307,BRUCE'S ROLLIN SMOKE BBQ,BRUCE'S ROLLIN SMOKE BBQ,* Independent Fisher59 - OKLAHOMA,(940) 902-1090,Ardmore,Active,RESTAURANT,$326.40 ,Beer/Wine,(OK) Love
2157,CLOUDS SMOKE SHOP AND BEER,CLOUDS SMOKE SHOP AND BEER,* Independent Fisher59 - TEXAS,,Wichita Falls,Active,C-STORE / GAS,$324.92 ,Beer/Wine,(TX) Clay
2657,HOCHATOWN SALOON,HOCHATOWN SALOON,* Independent Fisher59 - OKLAHOMA,(580) 494-3300,EAST,Active,RESTAURANT,$324.90 ,All (Beer/Wine/Spirits),(OK) McCurtain
2161,BJ'S LIQUOR,BJ'S LIQUOR,CROSS ROADS/BJ's - TX,,Denton,Active,LIQUOR / PACKAGE STORE,$324.57 ,All (Beer/Wine/Spirits),(TX) Denton
3187,DOLLAR TREE #1816 - DUNCAN,DOLLAR TREE (OK),DOLLAR TREE (OK),,Lawton,Active,GENERAL MERCHANDISER,$323.47 ,Non Alcohol Only,(OK) Stephens
4235,FAMILY DOLLAR #3885 (DUNCAN),FAMILY DOLLAR (OK),FAMILY DOLLAR (OK),,Lawton,Active,GENERAL MERCHANDISER,$323.21 ,Beer/Wine,(OK) Stephens
2499,SIDELINES (FRISCO),WOODY'S BAR KITCHEN,* Independent Fisher59 - TEXAS,,Denton,Active,RESTAURANT,$322.90 ,Beer/Wine,(TX) Denton
2795,CATFISH GRILL,CATFISH GRILL,* Independent Fisher59 - TEXAS,(940) 766-6263,Wichita Falls,Active,RESTAURANT,$322.60 ,Beer/Wine,"(TX) Archer, Baylor, Wichita, Wilbarger"
61771,PIZZA HUT - ROANOKE,PIZZA HUT Franchise (D),* Independent Fisher59 - TEXAS,(817) 491-9990,Denton,Active,RESTAURANT,$322.30 ,Beer/Wine,(TX) Denton
3210,HOUSE ACCOUNT OKLAHOMA,HOUSE ACCOUNT OKLAHOMA,* Independent Fisher59 - OKLAHOMA,,Lawton,Active,MISCELLANEOUS,$320.39 ,Non Alcohol Only,(OK) House Account
45234,FERA'S PASTA PIZZA,FERA'S PASTA PIZZA,* Independent Fisher59 - TEXAS,(940) 665-7552,Denton,Active,RESTAURANT,$320.25 ,Beer/Wine,(TX) Cooke
2596,KIMBER CREEK,KIMBER CREEK,* Independent Fisher59 - TEXAS,(940) 923-7945,Denton,Active,BAR / TAVERN,$319.25 ,Beer/Wine,(TX) Montague
2917,MOUNTAIN MIKE'S PIZZA,MOUNTAIN MIKE'S PIZZA,* Independent Fisher59 - TEXAS,(408) 821-8208,Denton,Active,RESTAURANT,$316.15 ,Beer/Wine,(TX) Denton
415,CRAB KING,CRAB KING,* Independent Fisher59 - TEXAS,(940) 689-8888,Wichita Falls,Active,RESTAURANT,$316.10 ,Beer/Wine,"(TX) Archer, Baylor, Wichita, Wilbarger"
2077,DRY BEAVER SUPPER CLUB,DRY BEAVER SUPPER CLUB,* Independent Fisher59 - OKLAHOMA,5805851400C,Lawton,Active,RESTAURANT,$314.20 ,All (Beer/Wine/Spirits),(OK) Comanche
15322,TEXOMA GAMING CENTER BEVERAGE,WINSTAR/TRADITIONS ON PREMISE (L),WINSTAR/TRADITIONS ON PREMISE (OK),(580) 564-6564,Ardmore,Active,CASINO / GAMING,$310.85 ,All (Beer/Wine/Spirits),(OK) Marshall East (East of 377)
12080,OKIES ONE STOP,BOB SINGH'S STORES (L),BOB SINGH'S STORES (OK),(580) 229-0748,Ardmore,Active,C-STORE / GAS,$310.23 ,Beer/Wine,(OK) Carter
2211,RED STAR,RED STAR,* Independent Fisher59 - OKLAHOMA,(405) 694-0764,EAST,Active,BAR / TAVERN,$308.30 ,All (Beer/Wine/Spirits),(OK) Choctaw
2622,ALMOST HOME TAPHOUSE,ALMOST HOME TAPHOUSE,* Independent Fisher59 - TEXAS,(214) 935-3223,Denton,Active,BAR / TAVERN,$305.60 ,Beer/Wine,(TX) Denton
2418,SANDPOINT GROCERY & RV PARK,SANDPOINT GROCERY,* Independent Fisher59 - OKLAHOMA,(580) 916-9061,Ardmore,Active,C-STORE / GAS,$304.25 ,Beer/Wine,(OK) Bryan
1872,ALE TACO,ALE TACO,* Independent Fisher59 - TEXAS,(214) 708-5373,Denton,Active,RESTAURANT,$304.11 ,Beer/Wine,(TX) Denton
49718,TWIN PINS,TWIN PINS,* Independent Fisher59 - TEXAS,,Denton,Active,BAR / TAVERN,$301.90 ,Beer/Wine,(TX) Denton
75,AMERICAN LEGION #264,AMERICAN LEGION #264,* Independent Fisher59 - TEXAS,(940) 569-0731,Wichita Falls,Active,PRIVATE CLUB,$301.40 ,Beer/Wine,"(TX) Archer, Baylor, Wichita, Wilbarger"
2284,STEEL HORSE SALOON,STEEL HORSE SALOON,* Independent Fisher59 - OKLAHOMA,(580) 374-3723,Lawton,Active,BAR / TAVERN,$300.60 ,All (Beer/Wine/Spirits),(OK) Greer
3308,FORT LIQUOR #5,FORT LIQUOR 5,* Independent Fisher59 - TEXAS,,Denton,Active,LIQUOR / PACKAGE STORE,$299.28 ,All (Beer/Wine/Spirits),(TX) Denton
6960,CVS PHARMACY #6978 (SW PKWY),CVS (D),CVS (TX),(940) 696-0141,Wichita Falls,Active,DRUG STORE,$298.35 ,Beer/Wine,"(TX) Archer, Baylor, Wichita, Wilbarger"
2397,CHISHOLM TRAIL STRUTTERS,CHISHOLM TRAIL STRUTTERS,* Independent Fisher59 - OKLAHOMA,,Lawton,Active,SPECIAL EVENT,$294.93 ,All (Beer/Wine/Spirits),(OK) Stephens
650,BREAD AND BUTTER STOP,BREAD & BUTTER STOP,* Independent Fisher59 - TEXAS,(940) 538-4451,Wichita Falls,Active,C-STORE / GAS,$294.84 ,Beer/Wine,(TX) Clay
45658,RICO'S PLACE,RICO'S PLACE,* Independent Fisher59 - TEXAS,,Denton,Active,RESTAURANT,$293.65 ,Beer/Wine,(TX) Cooke
754,SOBOL GENERAL STORE,SOBOL GENERAL STORE,* Independent Fisher59 - OKLAHOMA,(580) 587-2325,EAST,Active,C-STORE / GAS,$292.36 ,Beer/NA,(OK) Choctaw
2241,SAN PEDRO BAR & GRILL,SAN PEDRO BAR & GRILL,* Independent Fisher59 - OKLAHOMA,(405) 269-6081,Ardmore,Active,RESTAURANT,$291.60 ,All (Beer/Wine/Spirits),(OK) Murray
307,ROMA'S ITALIAN RESTAURANT - ALTUS,ROMA'S ITALIAN RESTAURANT- ALTUS,* Independent Fisher59 - OKLAHOMA,(469) 855-9886,Lawton,Active,RESTAURANT,$289.80 ,Beer/Wine,(OK) Jackson
2751,GUITARS AND GROWLERS,GUITARS AND GROWLERS,* Independent Fisher59 - TEXAS,(702) 219-9925,Denton,Active,BAR / TAVERN,$289.75 ,Beer/Wine,(TX) Denton
346,JUST STACK'N,JUST STACK'N,* Independent Fisher59 - TEXAS,,Wichita Falls,Active,BAR / TAVERN,$288.70 ,Beer/Wine,"(TX) Archer, Baylor, Wichita, Wilbarger"
30791,CASA MANANA #1,CASA MANANA #1,* Independent Fisher59 - TEXAS,(940) 723-5661,Wichita Falls,Active,RESTAURANT,$288.20 ,Beer/Wine,"(TX) Archer, Baylor, Wichita, Wilbarger"
1185,OLIVE GARDEN OF TEXAS INC.,OLIVE GARDEN (D),OLIVE GARDEN (TX),(940) 692-4714,Wichita Falls,Active,RESTAURANT,$286.35 ,Beer/Wine,"(TX) Archer, Baylor, Wichita, Wilbarger"
7096,EAGLES LODGE (SEY HWY),EAGLES LODGE (SEY HWY),* Independent Fisher59 - TEXAS,(940) 692-8007,Wichita Falls,Active,PRIVATE CLUB,$281.10 ,Beer/Wine,"(TX) Archer, Baylor, Wichita, Wilbarger"
1869,MURPHY USA #7101 (BOWIE),MURPHY USA (D),MURPHY USA (TX),,Denton,Active,C-STORE / GAS,$279.37 ,Beer/Wine,(TX) Montague
3350,THE PINK PLACE,THE PINK PLACE,* Independent Fisher59 - OKLAHOMA,(580) 920-3854,Ardmore,Active,RESTAURANT,$277.50 ,Non Alcohol Only,(OK) Bryan
4298,WALTERS HOMETOWN GROCERY,WALTERS HOMETOWN GROCERY,* Independent Fisher59 - OKLAHOMA,(580) 875-3232,Lawton,Active,NEIGHBORHOOD GROC.,$277.50 ,Non Alcohol Only,(OK) Cotton
2072,FIVE BELOW #5047,FIVE BELOW (OK),FIVE BELOW (OK),,Lawton,Active,GENERAL MERCHANDISER,$274.96 ,Non Alcohol Only,(OK) Comanche
2925,TACO JOINT,TACO JOINT,* Independent Fisher59 - TEXAS,,Denton,Active,RESTAURANT,$273.60 ,Beer/Wine,(TX) Denton
23341,PIZZA CAPRIS,PIZZA CAPRIS,* Independent Fisher59 - TEXAS,(469) 901-0209,Denton,Active,RESTAURANT,$270.30 ,Beer/Wine,(TX) Denton
3239,JEFES BAR GRILL,JEFES BAR GRILL,* Independent Fisher59 - TEXAS,(940) 642-1896,Wichita Falls,Active,RESTAURANT,$267.90 ,Beer/Wine,"(TX) Archer, Baylor, Wichita, Wilbarger"
1617,HILTON GARDEN INN (ARDMORE),HILTON GARDEN INN_2,* Independent Fisher59 - OKLAHOMA,,Ardmore,Active,HOTEL / MOTEL,$265.80 ,All (Beer/Wine/Spirits),(OK) Carter
3323,BOGEY GOLF,BOGEY GOLF,* Independent Fisher59 - OKLAHOMA,(580) 251-1929,Lawton,Active,BAR / TAVERN,$264.50 ,All (Beer/Wine/Spirits),(OK) Stephens
2748,APPLEBEE'S NEIGHBORHOOD GRILL & BAR (DURANT),APPLEBEE'S (LAW),APPLEBEE'S (OK),,Ardmore,Active,RESTAURANT,$263.85 ,All (Beer/Wine/Spirits),(OK) Bryan
397,CVS #7445 (BOWIE),CVS (D),CVS (TX),(940) 872-6117,Denton,Active,DRUG STORE,$262.75 ,Beer/Wine,(TX) Montague
2811,CHOCTAW CASINO - BROKEN BOW,CHOCTAW NATION (L),CHOCTAW CASINO (OK),,EAST,Active,BAR / TAVERN,$261.95 ,All (Beer/Wine/Spirits),(OK) McCurtain
641,DOLLAR GENERAL #3542,DOLLAR GENERAL (DEN),DOLLAR GENERAL (TX),(972) 219-9646,Denton,Active,GENERAL MERCHANDISER,$259.30 ,Beer/Wine,(TX) Denton
18093,SOUTH LANES,MWR (WF),MWR SHEPPARD AFB (TX),(940) 676-7174,Wichita Falls,Active,MILITARY ON-PREMISE,$259.29 ,Beer/Wine,"(TX) Archer, Baylor, Wichita, Wilbarger"
3309,THE ARTISAN HOTEL,THE ARTISAN HOTEL,* Independent Fisher59 - OKLAHOMA,(817) 845-4689,Ardmore,Active,HOTEL / MOTEL,$258.04 ,All (Beer/Wine/Spirits),(OK) Bryan
981,BROKEN BOW MARINA,BROKEN BOW MARINA,* Independent Fisher59 - OKLAHOMA,(580) 722-5200,EAST,Active,C-STORE / GAS,$257.25 ,Beer/Wine,(OK) McCurtain
2718,LCT BENEFIT/FUNDRAISER,LCT BENEFIT/FUNDRAISER,* Independent Fisher59 - OKLAHOMA,(580) 355-1600,Lawton,Active,SPECIAL EVENT,$255.90 ,Beer/Wine,(OK) Comanche
1266,CHUCK E CHEESE #35 LEWISVILLE,CHUCK E CHEESE (D),* Independent Fisher59 - TEXAS,(972) 315-3569,Denton,Active,RESTAURANT,$250.70 ,Beer/Wine,(TX) Denton
2913,PALIO'S PIZZA - ROANOKE,PALIO'S PIZZA - ROANOKE,* Independent Fisher59 - TEXAS,(940) 300-1924,Denton,Active,RESTAURANT,$250.70 ,Beer/Wine,(TX) Denton
2558,D20 TAVERN,D20 TAVERN,* Independent Fisher59 - TEXAS,(972) 693-8263,Denton,Active,BAR / TAVERN,$250.20 ,Beer/Wine,(TX) Denton
3069,DOLLAR GENERAL #30043 (EAGLETOWN),DOLLAR GENERAL (OK),DOLLAR GENERAL (OK),,EAST,Active,GENERAL MERCHANDISER,$249.55 ,Red Bull Only,(OK) McCurtain
48330,MR. CHOPSTICKS,MR. CHOPSTICKS,* Independent Fisher59 - TEXAS,(940) 566-5671,Denton,Active,RESTAURANT,$243.20 ,Beer/Wine,(TX) Denton
3215,LA VITA BELLA,LA VITA BELLA,* Independent Fisher59 - OKLAHOMA,(580) 380-7246,Ardmore,Active,RESTAURANT,$243.00 ,All (Beer/Wine/Spirits),(OK) Marshall East (East of 377)
2210,EL TAPATIO CAFE & CANTINA (WF),EL TAPATIO (WF),* Independent Fisher59 - TEXAS,(940) 691-7221,Wichita Falls,Active,RESTAURANT,$240.90 ,Beer/Wine,"(TX) Archer, Baylor, Wichita, Wilbarger"
3056,LAWTON FAIRFIELD INN & SUITES,LAWTON FAIRFIELD INN & SUITES,* Independent Fisher59 - OKLAHOMA,(580) 458-3038,Lawton,Active,HOTEL / MOTEL,$240.20 ,Beer/Wine,(OK) Comanche
3372,TIPSY BEAVER,TIPSY BEAVER,* Independent Fisher59 - OKLAHOMA,(870) 200-1967,EAST,Active,BAR / TAVERN,$239.95 ,All (Beer/Wine/Spirits),(OK) McCurtain
614,MARLOW FOODS MARKET,MARLOW FOODS MARKET,* Independent Fisher59 - OKLAHOMA,(580) 641-0123,Lawton,Active,NEIGHBORHOOD GROC.,$239.80 ,Non Alcohol Only,(OK) Stephens
3138,CJ'S DUSTY BOOTS,CJ'S DUSTY BOOTS,* Independent Fisher59 - OKLAHOMA,(580) 245-8426,EAST,Active,BAR / TAVERN,$235.56 ,All (Beer/Wine/Spirits),(OK) McCurtain
2634,LAS CATRINAS TAQUERIA,LAS CATRINAS TAQUERIA,* Independent Fisher59 - OKLAHOMA,(580) 481-4872,Lawton,Active,RESTAURANT,$234.60 ,Beer/Wine,(OK) Jackson
1243,VINNYS ITALIAN,VINNYS ITALIAN,* Independent Fisher59 - TEXAS,(817) 490-7924,Denton,Active,RESTAURANT,$234.55 ,Beer/Wine,(TX) Denton
2274,CRACKER BARREL OLD COUNTRY STORE #377,CRACKER BARREL #377,* Independent Fisher59 - OKLAHOMA,,Lawton,Active,RESTAURANT,$231.20 ,Beer/Wine,(OK) Comanche
3127,CROWS NEST COUNTRY CLUB,CROWS NEST COUNTRY CLUB,* Independent Fisher59 - OKLAHOMA,(580) 239-2502,EAST,Active,BAR / TAVERN,$231.00 ,All (Beer/Wine/Spirits),(OK) Atoka
3379,CHISHOLM TRAIL SMOKEHOUSE,CHISHOLM TRAIL SMOKEHOUSE,* Independent Fisher59 - TEXAS,,Denton,Active,RESTAURANT,$230.66 ,Beer/Wine,(TX) Montague
2990,MONA'S OLD SCHOOL,MONA'S OLD SCHOOL,* Independent Fisher59 - OKLAHOMA,(580) 483-1800,Lawton,Active,MUSIC / DANCE CLUB,$230.18 ,All (Beer/Wine/Spirits),(OK) Comanche
518,RIB CRIB #63,THE RIB CRIB #63,THE RIB CRIB (OK),(580) 699-8660,Lawton,Active,RESTAURANT,$228.70 ,All (Beer/Wine/Spirits),(OK) Comanche
60863,BOKA FELIZ,BOKA FELIZ,* Independent Fisher59 - TEXAS,(940) 323-9777,Denton,Active,RESTAURANT,$225.60 ,Beer/Wine,(TX) Denton
2935,DIAMONDBACK HARLEY DAVIDSON,DIAMONDBACK HARLEY DAVIDSON,* Independent Fisher59 - OKLAHOMA,(940) 733-6102,Lawton,Active,SPECIAL EVENT,$225.00 ,Beer/Wine,(OK) Comanche
2344,YUYU CHINESE RESTAURANT,YUYU CHINESE RESTAURANT,* Independent Fisher59 - OKLAHOMA,(580) 970-9652,Lawton,Active,RESTAURANT,$217.15 ,All (Beer/Wine/Spirits),(OK) Jackson
1821,SANI LOUNGE BEST WESTERN,SANI LOUNGE BEST WESTERN,* Independent Fisher59 - OKLAHOMA,(580) 795-4876,Ardmore,Active,HOTEL / MOTEL,$216.96 ,All (Beer/Wine/Spirits),(OK) Carter
13743,CATFISH BAY MARINA FUEL DOCK,CATFISH BAY MARINA FUEL DOCK,* Independent Fisher59 - OKLAHOMA,(580) 564-4131,Ardmore,Active,C-STORE / GAS,$215.80 ,Beer/NA,(OK) Marshall East (East of 377)
10024,LAKEVIEW GOLF COURSE,LAKEVIEW GOLF COURSE,* Independent Fisher59 - OKLAHOMA,(580) 220-9820,Ardmore,Active,GOLF / COUNTRY CLUB,$215.50 ,Beer/NA,(OK) Carter
787,THE RIB CRIB #59,THE RIB CRIB #59,THE RIB CRIB (OK),(918) 798-4273,Ardmore,Active,RESTAURANT,$214.20 ,All (Beer/Wine/Spirits),(OK) Carter
1118,DELBERT'S DISCOUNT FOODS,DELBERT'S SUPERMARKET (LAW),DELBERT'S SUPERMARKET (OK),(580) 439-8833,Lawton,Active,SUPERMARKET,$213.74 ,Non Alcohol Only,(OK) Stephens
1970,LITTLE ANTIOCH,LITTLE ANTIOCH,* Independent Fisher59 - OKLAHOMA,(916) 343-7436,Lawton,Active,C-STORE / GAS,$211.73 ,Beer/NA,(OK) Grady
1158,RIVER MART,RIVER MART,* Independent Fisher59 - OKLAHOMA,(580) 847-2524,Ardmore,Active,C-STORE / GAS,$211.10 ,Beer/NA,(OK) Bryan
2940,CHUCK E CHEESE LAWTON,CHUCK E CHEESE LAWTON,* Independent Fisher59 - OKLAHOMA,(580) 536-1921,Lawton,Active,RESTAURANT,$209.00 ,Beer/Wine,(OK) Comanche
1107,DELBERT'S SUPERMARKET,DELBERT'S SUPERMARKET (LAW),DELBERT'S SUPERMARKET (OK),(580) 229-0511,Ardmore,Active,NEIGHBORHOOD GROC.,$208.50 ,Non Alcohol Only,(OK) Carter
2873,FRIENDSHIP INN,FRIENDSHIP INN,* Independent Fisher59 - OKLAHOMA,(580) 649-1807,Lawton,Active,HOTEL / MOTEL,$206.45 ,All (Beer/Wine/Spirits),(OK) Jackson
2079,GIRO PIZZA,GIRO PIZZA,* Independent Fisher59 - TEXAS,(951) 534-8901,Denton,Active,RESTAURANT,$205.20 ,Beer/Wine,(TX) Denton
56934,CVS PHARMACY #7498,CVS (D),CVS (TX),(972) 317-2392,Denton,Active,DRUG STORE,$204.20 ,Beer/Wine,(TX) Denton
6756,CARLITOS MEX REST (ELECTRA),CARLITOS MEX REST (ELECTRA),* Independent Fisher59 - TEXAS,(940) 495-3891,Wichita Falls,Active,RESTAURANT,$202.60 ,Beer/Wine,"(TX) Archer, Baylor, Wichita, Wilbarger"
1963,NAPOLIS 15 - DUNCAN,NAPOLI'S-DUNCAN,* Independent Fisher59 - OKLAHOMA,(469) 662-0709,Lawton,Active,RESTAURANT,$198.40 ,Beer/Wine,(OK) Stephens
3315,ROADHOUSE 77,ROADHOUSE 77,* Independent Fisher59 - OKLAHOMA,(580) 916-1274,Ardmore,Active,RESTAURANT,$197.46 ,All (Beer/Wine/Spirits),(OK) Bryan
1439,CASA MICO,CASA MICO,* Independent Fisher59 - OKLAHOMA,(580) 280-9012,Lawton,Active,RESTAURANT,$197.00 ,All (Beer/Wine/Spirits),(OK) Kiowa
2055,JONNY'S PIZZA-380,JONNY'S PIZZA,* Independent Fisher59 - TEXAS,(469) 900-7102,Denton,Active,RESTAURANT,$196.75 ,Beer/Wine,(TX) Denton
6698,CVS #6224 AP 393207,CVS (LAW),CVS (OK),(405) 222-0305,Lawton,Active,DRUG STORE,$193.93 ,Beer/Wine,(OK) Grady
1742,FLIX BREWHOUSE,FLIX BREWHOUSE,* Independent Fisher59 - TEXAS,(512) 663-9769,Denton,Active,RESTAURANT,$189.55 ,Beer/Wine,(TX) Denton
2963,SAKE PROSPER,SAKE PROSPER,* Independent Fisher59 - TEXAS,(908) 619-9655,Denton,Active,RESTAURANT,$188.10 ,Beer/Wine,(TX) Denton
926,BLUE GINGER JAPANESE BISTRO,BLUE GINGER JAPANESE BISTRO,* Independent Fisher59 - TEXAS,(940) 380-1729,Denton,Active,RESTAURANT,$188.05 ,Beer/Wine,(TX) Denton
573,CVS PHARMACY #7787,CVS (D),CVS (TX),,Denton,Active,DRUG STORE,$186.24 ,Beer/Wine,(TX) Denton
3601,CVS PHARMACY #6841 (JACK),CVS (D),CVS (TX),(940) 766-0174,Wichita Falls,Active,DRUG STORE,$185.55 ,Beer/Wine,"(TX) Archer, Baylor, Wichita, Wilbarger"
2689,NACHO MAMAS MEXICAN GRILL,NACHO MAMAS MEXICAN GRILL,* Independent Fisher59 - OKLAHOMA,(408) 840-6291,Lawton,Active,RESTAURANT,$185.35 ,All (Beer/Wine/Spirits),(OK) Comanche
2739,OLD ICE HOUSE BEER GARDEN,OLD ICE HOUSE BEER GARDEN,* Independent Fisher59 - OKLAHOMA,(580) 931-6280,Ardmore,Active,BAR / TAVERN,$185.15 ,All (Beer/Wine/Spirits),(OK) Bryan
1511,DENTON COUNTY BREWING CO.,DENTON COUNTY BREWING CO.,* Independent Fisher59 - TEXAS,(214) 298-5500,Denton,Active,BAR / TAVERN,$184.00 ,Beer/Wine,(TX) Denton
2786,MOYERS GROCERY,MOYERS GROCERY,* Independent Fisher59 - OKLAHOMA,(325) 998-4155,EAST,Active,C-STORE / GAS,$183.88 ,Beer/NA,(OK) Pushmataha
3200,AGLIO PIZZERIA,AGLIO PIZZERIA,* Independent Fisher59 - TEXAS,(817) 919-9263,Denton,Active,BAR / TAVERN,$183.45 ,Beer/Wine,(TX) Denton
11900,KWICK TAKE,KWICK TAKE,* Independent Fisher59 - OKLAHOMA,(940) 730-3060,Ardmore,Active,C-STORE / GAS,$180.40 ,Non Alcohol Only,(OK) Marshall East (East of 377)
1803,HARELI FRESH MARKET,HARELI FRESH MARKET,* Independent Fisher59 - TEXAS,(612) 845-6641,Denton,Active,SUPERMARKET,$178.70 ,Beer/Wine,(TX) Denton
46854,SPRING CREEK BBQ-LEWIS,SPRING CREEK BBQ (D),SPRING CREEK BBQ (TX),(972) 315-2755,Denton,Active,RESTAURANT,$178.50 ,Beer/Wine,(TX) Denton
3406,STOGIES CIGAR LOUNGE,STOGIES CIGAR LOUNGE,* Independent Fisher59 - TEXAS,(940) 443-0858,Denton,Active,BAR / TAVERN,$175.35 ,Beer/Wine,(TX) Cooke
2619,H-E-B #789 (ON PREM),HEB (TX),HEB (TX),,Denton,Active,RESTAURANT,$175.30 ,Beer/Wine,(TX) Denton
2216,DIRTY DICKS,DIRTY DICKS,* Independent Fisher59 - TEXAS,(940) 808-0160,Denton,Active,BAR / TAVERN,$175.25 ,Beer/Wine,(TX) Denton
1502,THE OFFICE 9-5,THE OFFICE 9-5,* Independent Fisher59 - OKLAHOMA,,Lawton,Active,BAR / TAVERN,$174.57 ,All (Beer/Wine/Spirits),(OK) Bryan
2398,TENDER SMOKEHOUSE - 380,TENDER SMOKEHOUSE_2,* Independent Fisher59 - TEXAS,(817) 907-2158,Denton,Active,RESTAURANT,$173.60 ,Beer/Wine,(TX) Denton
2947,DICINTIO'S PIZZA,DICINTIO'S PIZZA,* Independent Fisher59 - OKLAHOMA,(580) 641-3538,Lawton,Active,RESTAURANT,$173.40 ,Beer/Wine,(OK) Stephens
2293,SHAX'S LIQUOR - LAKE DALLAS,SHAX'S LIQUOR - LAKE DALLAS,SHAX LIQUOR (TX),(940) 497-4542,Denton,Active,LIQUOR / PACKAGE STORE,$172.56 ,All (Beer/Wine/Spirits),(TX) Denton
10587,SOFTBALL COMPLEX,SOFTBALL COMPLEX,* Independent Fisher59 - TEXAS,(940) 613-2833,Wichita Falls,Active,CONCESSIONAIRE,$172.20 ,Beer/Wine,"(TX) Archer, Baylor, Wichita, Wilbarger"
46029,LOS MARIACHIS,LOS MARIACHIS,* Independent Fisher59 - TEXAS,(940) 612-1721,Denton,Active,RESTAURANT,$171.30 ,Beer/Wine,(TX) Cooke
2777,HEALTHY HIPPIE CAFE & BAR,HEALTHY HIPPIE CAFE & BAR,* Independent Fisher59 - OKLAHOMA,(817) 609-1915,Lawton,Active,RESTAURANT,$171.09 ,All (Beer/Wine/Spirits),(OK) Comanche
1330,PARMA PASTA & PIZZA,PARMA PASTA & PIZZA,* Independent Fisher59 - TEXAS,214-404-855,Denton,Active,RESTAURANT,$170.95 ,Beer/Wine,(TX) Denton
2615,CHEBA HUT DENTON,CHEBA HUT DENTON,CHEBA HUT (TX),(903) 413-4050,Denton,Active,RESTAURANT,$170.30 ,Beer/Wine,(TX) Denton
51822,RISING SUN CAFE,RISING SUN CAFE,* Independent Fisher59 - TEXAS,(214) 458-3233,Denton,Active,RESTAURANT,$169.70 ,Beer/Wine,(TX) Denton
2893,KRUSTACEAN'S SEAFOOD,KRUSTACEAN'S SEAFOOD,* Independent Fisher59 - TEXAS,(214) 205-4175,Denton,Active,RESTAURANT,$169.20 ,Beer/Wine,(TX) Denton
46250,CHIPOTLE MEXICAN GRILL - LOOP 288,CHIPOTLE (D),* Independent Fisher59 - TEXAS,(940) 565-0990,Denton,Active,RESTAURANT,$167.75 ,Beer/Wine,(TX) Denton
3119,THREE RIVERS MEAT COMPANY,THREE RIVERS MEAT COMPANY,* Independent Fisher59 - OKLAHOMA,(580) 244-2001,EAST,Active,C-STORE / GAS,$166.50 ,Red Bull Only,(OK) McCurtain
55533,ALFORNO'S ITALIAN KITCHEN,ALFORNO'S ITALIAN KITCHEN,* Independent Fisher59 - TEXAS,(972) 355-1709,Denton,Active,RESTAURANT,$165.85 ,Beer/Wine,(TX) Denton
2602,SKY CAFE,SKY CAFE,* Independent Fisher59 - OKLAHOMA,(580) 919-2915,Lawton,Active,RESTAURANT,$165.60 ,Beer/Wine,(OK) Comanche
3009,MY SUITES,MY SUITES,* Independent Fisher59 - OKLAHOMA,,Lawton,Active,HOTEL / MOTEL,$165.20 ,Beer/Wine,(OK) Comanche
663,ROCK ISLAND GRILL,ROCK ISLAND GRILL,* Independent Fisher59 - OKLAHOMA,(405) 825-3501,Lawton,Active,RESTAURANT,$163.80 ,All (Beer/Wine/Spirits),(OK) Grady
660,FEED LOT,FEED LOT,* Independent Fisher59 - TEXAS,,Wichita Falls,Active,RESTAURANT,$162.86 ,Beer/Wine,"(TX) Archer, Baylor, Wichita, Wilbarger"
332,BEN & JAY PIZZA LAWTON,BEN & JAY PIZZA LAWTON,* Independent Fisher59 - OKLAHOMA,(361) 537-1775,Lawton,Active,RESTAURANT,$160.65 ,All (Beer/Wine/Spirits),(OK) Comanche
2819,HOUSE ACCOUNT TEXAS,HOUSE ACCOUNT TEXAS,* Independent Fisher59 - TEXAS,,Denton,Active,MISCELLANEOUS,$160.20 ,Non Alcohol Only,(TX) House Account
3590786,SAKURA STEAKHOUSE,SAKURA,* Independent Fisher59 - OKLAHOMA,,Lawton,Active,RESTAURANT,$159.20 ,All (Beer/Wine/Spirits),(OK) Jackson
3246,DAVE'S HOT CHICKEN - DENTON,DAVE'S HOT CHICKEN (TX),DAVE'S HOT CHICKEN (TX),(817) 715-5336,Denton,Active,RESTAURANT,$159.10 ,Beer/Wine,(TX) Denton
3318,THE RABBIT HOLE TAVERN,THE RABBIT HOLE TAVERN,* Independent Fisher59 - OKLAHOMA,,Ardmore,Active,BAR / TAVERN,$158.56 ,All (Beer/Wine/Spirits),(OK) Bryan
46375,NEU RANCH HOUSE CATFISH,NEU RANCH HOUSECATFISH LOUI,* Independent Fisher59 - TEXAS,(940) 665-6789,Denton,Active,RESTAURANT,$157.85 ,Beer/Wine,(TX) Cooke
12130,VONNIES,VONNIES,* Independent Fisher59 - OKLAHOMA,(580) 564-7531,Ardmore,Active,BAR / TAVERN,$155.40 ,All (Beer/Wine/Spirits),(OK) Marshall East (East of 377)
6630,VFW #1193,VFW #1193,* Independent Fisher59 - OKLAHOMA,(580) 284-2998,Lawton,Active,PRIVATE CLUB,$152.33 ,All (Beer/Wine/Spirits),(OK) Comanche
2982,PORTILLO'S HOT DOGS (DENTON),PORTILLO'S HOT DOGS,PORTILLO'S HOT DOGS (TX),(815) 823-7044,Denton,Active,RESTAURANT,$151.45 ,Beer/Wine,(TX) Denton
774,CVS #10274 AP 393207,CVS (LAW),CVS (OK),,Lawton,Active,DRUG STORE,$151.40 ,Beer/Wine,(OK) Stephens
2347,HOME2/TRU BY HILTON,HOME2/TRU BY HILTON,* Independent Fisher59 - TEXAS,,Wichita Falls,Active,HOTEL / MOTEL,$148.10 ,Beer/Wine,"(TX) Archer, Baylor, Wichita, Wilbarger"
2392,LAKE TEXOMA LODGE & RESORT RESTAURANT,LAKE TEXOMA LODGE & RESORT RESTAURANT,* Independent Fisher59 - OKLAHOMA,(580) 931-0100,Ardmore,Active,RESTAURANT,$147.56 ,All (Beer/Wine/Spirits),(OK) Bryan
580,PIZZA HUT - PILOT POINT,PIZZA HUT Franchise (D),* Independent Fisher59 - TEXAS,(940) 686-9800,Denton,Active,RESTAURANT,$145.30 ,Beer/Wine,(TX) Denton
56599,RED LOBSTER - DENTON,RED LOBSTER (D),RED LOBSTER (TX),(940) 382-6410,Denton,Active,RESTAURANT,$145.30 ,Beer/Wine,(TX) Denton
4820,CLUB ALTUS,MWR ALTUS AFB (L),MWR ALTUS AFB (OK),(580) 471-7666,Lawton,Active,MILITARY ON-PREMISE,$142.39 ,All (Beer/Wine/Spirits),(OK) Jackson
3170,BIG PAPI DINER,BIG PAPI DINER,* Independent Fisher59 - TEXAS,(812) 630-1887,Wichita Falls,Active,BAR / TAVERN,$140.90 ,Beer/Wine,"(TX) Archer, Baylor, Wichita, Wilbarger"
2658,LAKESIDE GROCERY_3,LAKESIDE GROCERY_3,* Independent Fisher59 - OKLAHOMA,(580) 245-2515,EAST,Active,C-STORE / GAS,$139.90 ,Non Alcohol Only,(OK) McCurtain
1688,(L) DRIVER LOSS,(L) DRIVER LOSS,* Independent Fisher59 - OKLAHOMA,,Lawton,Active,EMPLOYEE,$138.40 ,All (Beer/Wine/Spirits),(OK) Comanche
1956,NAPOLI'S - ARDMORE,NAPOLI'S - ARDMORE,* Independent Fisher59 - OKLAHOMA,(580) 798-5130,Ardmore,Active,RESTAURANT,$136.30 ,All (Beer/Wine/Spirits),(OK) Carter
3004,NATURAL GROCERS,NATURAL GROCERS,NATURAL GROCERS (TX),,Denton,Active,NEIGHBORHOOD GROC.,$135.20 ,Beer/Wine,(TX) Denton
3988,MIA'S ITALIAN BISTRO,MIA'S ITALIAN BISTRO,* Independent Fisher59 - TEXAS,(940) 322-1010,Wichita Falls,Active,RESTAURANT,$134.60 ,Beer/Wine,"(TX) Archer, Baylor, Wichita, Wilbarger"
1351,CHIPOTLE MEXICAN GRILL - RAYZOR RANCH,CHIPOTLE (D),CHIPOTLE (TX),(940) 243-0762,Denton,Active,RESTAURANT,$134.20 ,Beer/Wine,(TX) Denton
1971,GIOVANNIS ITALIAN RESTAURANT,GIOVANNI'S ITALIAN RESTAURANT-ARDMORE,* Independent Fisher59 - OKLAHOMA,(469) 510-1650,Ardmore,Active,RESTAURANT,$133.80 ,Beer/Wine,(OK) Carter
4534,EL NORTENO,EL NORTENO,* Independent Fisher59 - TEXAS,(940) 767-9745,Wichita Falls,Active,RESTAURANT,$131.15 ,Beer/Wine,"(TX) Archer, Baylor, Wichita, Wilbarger"
1096,PIONEER 3 RESTAURANT,PIONEER 3 RESTAURANT,* Independent Fisher59 - TEXAS,(940) 867-2824,Wichita Falls,Active,RESTAURANT,$130.00 ,Beer/Wine,"(TX) Archer, Baylor, Wichita, Wilbarger"
701,EL NORTENO #2,EL NORTENO #2,* Independent Fisher59 - TEXAS,(940) 691-0066,Wichita Falls,Active,RESTAURANT,$127.10 ,Beer/Wine,"(TX) Archer, Baylor, Wichita, Wilbarger"
2978,GOLF FACTORY,GOLF FACTORY,* Independent Fisher59 - TEXAS,(940) 781-8333,Wichita Falls,Active,RESTAURANT,$125.80 ,Beer/Wine,"(TX) Archer, Baylor, Wichita, Wilbarger"
3124,UNION BEAR RESTAURANT,UNION BEAR RESTAURANT,* Independent Fisher59 - TEXAS,(817) 808-9179,Denton,Active,RESTAURANT,$125.80 ,Beer/Wine,(TX) Denton
2493,RED LOBSTER - WF,RED LOBSTER (D),RED LOBSTER (TX),(940) 691-2531,Wichita Falls,Active,RESTAURANT,$123.35 ,Beer/Wine,"(TX) Archer, Baylor, Wichita, Wilbarger"
63578,DENTON CO. IND. HAMB. CO. #2,DENTON CO. IND. HAMB. CO. #2,* Independent Fisher59 - TEXAS,(940) 382-3037,Denton,Active,RESTAURANT,$122.70 ,All (Beer/Wine/Spirits),(TX) Denton
3739623,GROWN FOLKS LOUNGE,GROWN FOLKS LOUNGE,* Independent Fisher59 - OKLAHOMA,(580) 284-1426,Lawton,Active,MUSIC / DANCE CLUB,$117.73 ,All (Beer/Wine/Spirits),(OK) Comanche
3310,BRICKYARD,BRICKYARD,* Independent Fisher59 - OKLAHOMA,(760) 780-7379,EAST,Active,BAR / TAVERN,$115.50 ,All (Beer/Wine/Spirits),(OK) Atoka
51110,BRIDGEVIEW RESORT,BRIDGEVIEW RESORT,* Independent Fisher59 - OKLAHOMA,(580) 564-6106,Ardmore,Active,C-STORE / GAS,$112.75 ,Beer/NA,(OK) Marshall West (377 & west)
3579,LOS ABUELOS BAR,LOS ABUELOS BAR,* Independent Fisher59 - TEXAS,(940) 730-6355,Wichita Falls,Active,BAR / TAVERN,$111.00 ,Beer/Wine,"(TX) Archer, Baylor, Wichita, Wilbarger"
9688,GERRY'S LIQUOR STORE,GERRY'S LIQUOR STORE,* Independent Fisher59 - TEXAS,(254) 206-5964,Wichita Falls,Active,LIQUOR / PACKAGE STORE,$110.70 ,All (Beer/Wine/Spirits),"(TX) Archer, Baylor, Wichita, Wilbarger"
2595,WATERMERE AT FLOWER MOUND,WATERMERE AT FLOWER MOUND,* Independent Fisher59 - TEXAS,(817) 337-7505,Denton,Active,RESTAURANT,$110.15 ,Beer/Wine,(TX) Denton
1808,CINEMARK 14 WICHITA FALLS (PARKER SQUARE),CINEMARK THEATERS (D),CINEMARK THEATERS (TX),,Wichita Falls,Active,RESTAURANT,$107.39 ,Beer/Wine,"(TX) Archer, Baylor, Wichita, Wilbarger"
2525,SAMURAI OF TOKYO,SAMURAI OF TOKYO,* Independent Fisher59 - TEXAS,(940) 696-2626,Wichita Falls,Active,RESTAURANT,$106.25 ,Beer/Wine,"(TX) Archer, Baylor, Wichita, Wilbarger"
2276,CRACKER BARREL #149,CRACKER BARREL #149,CRACKER BARREL RESTAURANTS (TX),(940) 382-5277,Denton,Active,RESTAURANT,$101.70 ,Beer/Wine,(TX) Denton
67338,CHIPOTLE MEXICAN GRILL - LEWISVILLE I35,CHIPOTLE (D),CHIPOTLE (TX),,Denton,Active,RESTAURANT,$100.65 ,Beer/Wine,(TX) Denton
809,MARKET STREET #3565 BAR- FLOWER MOUND,UNITED SUPERMARKET (D),UNITED SUPERMARKET (TX),,Denton,Active,RESTAURANT,$98.15 ,Beer/Wine,(TX) Denton
900,S&B'S BURGER JOINT - LAWTON,S & B BURGER JOINT,* Independent Fisher59 - OKLAHOMA,(580) 919-2677,Lawton,Active,RESTAURANT,$90.75 ,All (Beer/Wine/Spirits),(OK) Comanche
2510,GIUSEPPE'S,GIUSEPPE'S,* Independent Fisher59 - OKLAHOMA,(580) 606-3123,Lawton,Active,RESTAURANT,$90.75 ,Beer/Wine,(OK) Stephens
47689,CVS PHARMACY #1745,CVS (D),CVS (TX),(940) 874-8421,Denton,Active,DRUG STORE,$90.20 ,Beer/Wine,(TX) Denton
49291,TACO OCHO - FLOWER MOUND,TACO OCHO_2,* Independent Fisher59 - TEXAS,(972) 238-8080,Denton,Active,RESTAURANT,$89.25 ,Beer/Wine,(TX) Denton
2278,CRACKER BARREL #600,CRACKER BARREL #600,CRACKER BARREL RESTAURANTS (TX),(940) 612-1827,Denton,Active,RESTAURANT,$88.40 ,Beer/Wine,(TX) Cooke
10014,SURFIN SAND BAR,SURFIN SANDBAR,* Independent Fisher59 - OKLAHOMA,(903) 271-4177,Ardmore,Active,BAR / TAVERN,$87.87 ,All (Beer/Wine/Spirits),(OK) Marshall East (East of 377)
1344,KOMODO LOCO,KOMODO LOCO,* Independent Fisher59 - TEXAS,(940) 300-5117,Denton,Active,RESTAURANT,$85.55 ,Beer/Wine,(TX) Denton
40727,THE RED BARN SALOON,THE RED BARN SALOON,* Independent Fisher59 - OKLAHOMA,(469) 939-6286,Lawton,Active,BAR / TAVERN,$81.56 ,All (Beer/Wine/Spirits),(OK) Bryan
3312,PRESSA ITALIA,PRESSA ITALIA,* Independent Fisher59 - OKLAHOMA,(539) 399-5445,EAST,Active,RESTAURANT,$80.10 ,All (Beer/Wine/Spirits),(OK) McCurtain
2882,ROSATI'S PIZZA - TROPHY CLUB,ROSATI'S PIZZA - TROPHY CLUB,* Independent Fisher59 - TEXAS,(201) 783-7842,Denton,Active,RESTAURANT,$62.20 ,Beer/Wine,(TX) Denton
1612,FOSTER'S SUSHI,FOSTERS,* Independent Fisher59 - TEXAS,(469) 616-5222,Denton,Active,RESTAURANT,$61.85 ,Beer/Wine,(TX) Denton
3910,GENERAL LEE,GENERAL LEES,* Independent Fisher59 - OKLAHOMA,(405) 224-5607,Lawton,Active,BAR / TAVERN,$60.00 ,All (Beer/Wine/Spirits),(OK) Grady
2672,GUTTER CHAOS,GUTTER CHAOS,* Independent Fisher59 - OKLAHOMA,(870) 200-1967,EAST,Active,BAR / TAVERN,$54.38 ,All (Beer/Wine/Spirits),(OK) McCurtain
146,BOSTON BEER COMPANY (60) (D),BOSTON BEER COMPANY (60),* Independent Fisher59 - TEXAS,(732) 789-4559,Denton,Active,SUPPLIER,$42.52 ,All (Beer/Wine/Spirits),(TX) Denton
40006,M M FOOD,M M FOOD,* Independent Fisher59 - OKLAHOMA,(580) 286-5144,EAST,Active,C-STORE / GAS,$42.00 ,Beer/NA,(OK) McCurtain
3388,PRIMAL STEAKHOUSE,PRIMAL STEAKHOUSE,* Independent Fisher59 - TEXAS,(518) 379-5880,Denton,Active,RESTAURANT,$37.85 ,Beer/Wine,(TX) Denton
2279,CRACKER BARREL #631,CRACKER BARREL #631,CRACKER BARREL RESTAURANTS (TX),,Wichita Falls,Active,RESTAURANT,$36.40 ,Beer/Wine,"(TX) Archer, Baylor, Wichita, Wilbarger"
1465,DOLLAR GENERAL #2790 (SW 30TH),DOLLAR GENERAL (OK),DOLLAR GENERAL (OK),(580) 353-3582,Lawton,Active,GENERAL MERCHANDISER,$35.11 ,Beer/NA,(OK) Comanche
2838,HAROLD DEAN SMOKED GOODS,HAROLD DEAN SMOKED GOODS,* Independent Fisher59 - TEXAS,(940) 453-6804,Denton,Active,RESTAURANT,$26.10 ,Beer/Wine,(TX) Denton
380,BRANCH STORE,AAFES (WF),AAFES (TX),(940) 855-4461,Wichita Falls,Active,MILITARY OFF LIQUOR,$20.34 ,All (Beer/Wine/Spirits),"(TX) Archer, Baylor, Wichita, Wilbarger"
1687,(D) DRIVER LOSS,(D) DRIVER LOSS,* Independent Fisher59 - TEXAS,,Denton,Active,EMPLOYEE,$18.60 ,Beer/Wine,(TX) Denton
2609,SLAP BURGER,SLAP BURGER,* Independent Fisher59 - TEXAS,,Denton,Active,RESTAURANT,$17.10 ,Beer/Wine,(TX) Denton
20,MEDICINE PARK MUSIC HALL,MEDICINE PARK MUSIC HALL,* Independent Fisher59 - OKLAHOMA,,Lawton,Active,MUSIC / DANCE CLUB,$0.00 ,All (Beer/Wine/Spirits),(OK) Comanche
32,HARLOW'S,HARLOWS OF LAWTON INC.,* Independent Fisher59 - OKLAHOMA,,Lawton,Active,HOTEL / MOTEL,$0.00 ,ABLE HOLD,(OK) Comanche
100,CAPITAL DISTRIBUTING,CAPITAL DISTRIBUTING,* Independent Fisher59 - OKLAHOMA,(405) 521-1511,Lawton,Active,SUB-DISTRIBUTOR,$0.00 ,Beer/Wine,(OK) Comanche
112,RAHR BREWERY (60) (D),RAHR BREWERY (60),* Independent Fisher59 - TEXAS,(817) 919-5771,Denton,Active,SUPPLIER,$0.00 ,All (Beer/Wine/Spirits),(TX) Denton
113,PABST BREWING,PABST BREWING,* Independent Fisher59 - TEXAS,,Denton,Active,SUPPLIER,$0.00 ,All (Beer/Wine/Spirits),(TX) Denton
118,ANHEUSER BUSCH INC (D),ANHEUSER BUSCH INC,* Independent Fisher59 - TEXAS,(999) 999-9999,Denton,Active,SUPPLIER,$0.00 ,All (Beer/Wine/Spirits),(TX) Denton
124,ANDREWS DISTRIBUTING - IRVING BLVD,ANDREWS DISTRIBUTING - IRVING BLVD,* Independent Fisher59 - TEXAS,(214) 525-9400,Denton,Active,SUB-DISTRIBUTOR,$0.00 ,All (Beer/Wine/Spirits),(TX) Denton County Off Transfers
128,KEG 1 O'NEAL DISTRIBUTING WEATHERFORD,KEG 1 O'NEAL DISTRIBUTING,* Independent Fisher59 - TEXAS,(940) 325-6971,Denton,Active,SUB-DISTRIBUTOR,$0.00 ,Beer/Wine,(TX) Denton County Off Transfers
143,GLAZER'S - WACO,GLAZER'S - WACO,* Independent Fisher59 - TEXAS,(254) 420-2525,Denton,Active,SUB-DISTRIBUTOR,$0.00 ,Beer/Wine,(TX) Denton County Off Transfers
147,HEINEKEN USA (60) (D),HEINEKEN USA (60),* Independent Fisher59 - TEXAS,(214) 548-1845,Denton,Active,SUPPLIER,$0.00 ,All (Beer/Wine/Spirits),(TX) Denton
156,THE GAMBRINUS COMPANY (90) (D),THE GAMBRINUS COMPANY (90),* Independent Fisher59 - TEXAS,(281) 224-1203,Denton,Active,SUPPLIER,$0.00 ,All (Beer/Wine/Spirits),(TX) Denton
157,NORTH AMERICAN BREWER (90) (D),NORTH AMERICAN BREWER (90),* Independent Fisher59 - TEXAS,,Denton,Active,SUPPLIER,$0.00 ,All (Beer/Wine/Spirits),(TX) Denton
159,DIAGEO-GUINNESS USA (60) (D),DIAGEO-GUINNESS USA (60),* Independent Fisher59 - TEXAS,(972) 207-1834,Denton,Active,SUPPLIER,$0.00 ,All (Beer/Wine/Spirits),(TX) Denton
166,ABITA BREWING CO (D),ABITA BREWING CO,* Independent Fisher59 - TEXAS,(504) 722-4731,Denton,Active,SUPPLIER,$0.00 ,All (Beer/Wine/Spirits),(TX) Denton
170,"CROWN IMPORTS, LLC. (D)","CROWN IMPORTS, LLC.",* Independent Fisher59 - TEXAS,,Denton,Active,SUPPLIER,$0.00 ,All (Beer/Wine/Spirits),(TX) Denton
202,(L) FIFO ADJUSTMENT,(L) FIFO Adjustment,* Independent Fisher59 - OKLAHOMA,,Lawton,Active,ADJUSTMENT,$0.00 ,Beer/Wine,(OK) Comanche
214,(WF) FIFO ADJUSTMENT,(WF) FIFO Adjustment,* Independent Fisher59 - TEXAS,567889,Wichita Falls,Active,ADJUSTMENT,$0.00 ,Beer/Wine,"(TX) Archer, Baylor, Wichita, Wilbarger"
215,DEFAULT LOAD LAWTON,Default Load Lawton,* Independent Fisher59 - OKLAHOMA,47624587,Lawton,Active,ADJUSTMENT,$0.00 ,Beer/Wine,(OK) Comanche
224,(D) FIFO ADJUSTMENT,(D) FIFO Adjustment,* Independent Fisher59 - TEXAS,,Denton,Active,ADJUSTMENT,$0.00 ,Beer/Wine,(TX) Denton
225,(D) WAREHOUSE BREAKERS,(D) WAREHOUSE BREAKERS,* Independent Fisher59 - TEXAS,,Denton,Active,ADJUSTMENT,$0.00 ,All (Beer/Wine/Spirits),(TX) Damages
226,(D) DONATIONS,(D) DONATIONS,* Independent Fisher59 - TEXAS,,Denton,Active,ADJUSTMENT,$0.00 ,All (Beer/Wine/Spirits),(TX) Donation
227,(D) INVENTORY ADJUSTMENT,(D) Inventory Adjustment,* Independent Fisher59 - TEXAS,,Denton,Active,ADJUSTMENT,$0.00 ,Beer/Wine,(TX) InvAdj
228,(D) OUT OF DATE,(D) OUT OF DATE,* Independent Fisher59 - TEXAS,(940) 566-6717,Denton,Active,ADJUSTMENT,$0.00 ,All (Beer/Wine/Spirits),(TX) Out of Date
234,DEFAULT LOAD DENTON,Default Load Denton,* Independent Fisher59 - TEXAS,,Denton,Active,ADJUSTMENT,$0.00 ,Beer/Wine,(TX) Denton
250,(L) OUT OF DATE,(L) OUT OF DATE,* Independent Fisher59 - OKLAHOMA,,Lawton,Active,ADJUSTMENT,$0.00 ,All (Beer/Wine/Spirits),(OK) Out Of Date
255,(L) INVENTORY ADJUSTMENT,(L) INVENTORY ADJUSTMENT,* Independent Fisher59 - OKLAHOMA,,Lawton,Active,ADJUSTMENT,$0.00 ,All (Beer/Wine/Spirits),(OK) InvAdj
257,HIDDEN COVE MARINA,HIDDEN COVE PARK MARINA,* Independent Fisher59 - TEXAS,(469) 525-4660,Denton,Active,C-STORE / GAS,$0.00 ,Beer/Wine,(TX) Denton
258,(L) WAREHOUSE BREAKERS,(L) WAREHOUSE BREAKERS,* Independent Fisher59 - OKLAHOMA,9405666717x5928,Lawton,Active,ADJUSTMENT,$0.00 ,All (Beer/Wine/Spirits),(OK) Damages
336,APOGEE STADIUM SUITES,APOGEE STADIUM SUITES,* Independent Fisher59 - TEXAS,(940) 931-6015,Denton,Active,SPECIAL EVENT,$0.00 ,Beer/Wine,(TX) Denton
337,APOGEE STADIUM CLUB,APOGEE STADIUM CLUB,* Independent Fisher59 - TEXAS,(940) 391-6015,Denton,Active,SPECIAL EVENT,$0.00 ,Beer/Wine,(TX) Denton
343,CARTWRIGHT'S RANCH HOUSE,CARTWRIGHT'S RANCH HOUSE,* Independent Fisher59 - TEXAS,(940) 391-3760,Denton,Active,RESTAURANT,$0.00 ,Beer/Wine,(TX) Denton
394,TWISTED OAKS,TWISTED OAKS,* Independent Fisher59 - TEXAS,(940) 872-4000,Denton,Active,GOLF / COUNTRY CLUB,$0.00 ,Beer/Wine,(TX) Montague
419,ROMA'S PIZZA & PASTA,ROMA'S PIZZA & PASTA,* Independent Fisher59 - TEXAS,(972) 294-0042,Denton,Active,RESTAURANT,$0.00 ,Beer/Wine,(TX) Denton
425,HEINEKEN (L),HEINEKEN MEXICAN,* Independent Fisher59 - OKLAHOMA,(405) 550-2339,Lawton,Active,SUPPLIER,$0.00 ,All (Beer/Wine/Spirits),(OK) Comanche
490,(L) DONATIONS,(L) DONATIONS,* Independent Fisher59 - OKLAHOMA,,Lawton,Active,ADJUSTMENT,$0.00 ,All (Beer/Wine/Spirits),(OK) Donation
500,RED BULL NORTH AMERICA (L),REDBULL HOUSE (L),REDBULL HOUSE (OK),,Lawton,Active,SUPPLIER,$0.00 ,Non Alcohol Only,(OK) Comanche
509,OLD TOWN WINE HOUSE,OLD TOWN WINE HOUSE,* Independent Fisher59 - TEXAS,(214) 908-8328,Denton,Active,RESTAURANT,$0.00 ,Beer/Wine,(TX) Denton
540,CHIPOTLE MEXICAN GRILL - UNT,CHIPOTLE (D),* Independent Fisher59 - TEXAS,(214) 999-4477,Denton,Active,RESTAURANT,$0.00 ,Beer/Wine,(TX) Denton
711,KATHY'S CORNER,KATHY'S CORNER,* Independent Fisher59 - TEXAS,(940) 438-2985,Wichita Falls,Active,C-STORE / GAS,$0.00 ,Repeal No Malt Beer,"(TX) Archer, Baylor, Wichita, Wilbarger"
770,HITCHCOCK DISTRIBUTING (L),HITCHCOCK DISTRIBUTING (L),* Independent Fisher59 - OKLAHOMA,(580) 924-3350,Ardmore,Active,SUB-DISTRIBUTOR,$0.00 ,Beer/Wine,(OK) Comanche
804,BURGER TIME MACHINE,BURGER TIME MACHINE,* Independent Fisher59 - TEXAS,(214) 991-8383,Denton,Active,RESTAURANT,$0.00 ,Beer/Wine,(TX) Denton
848,HOSHI JAPANESE STEAK HOUSE,WASABI,* Independent Fisher59 - TEXAS,,Wichita Falls,Active,RESTAURANT,$0.00 ,Beer/Wine,"(TX) Archer, Baylor, Wichita, Wilbarger"
859,VFW #10455 (BURK),VFW #10455 (BURK),* Independent Fisher59 - TEXAS,(605) 545-4261,Wichita Falls,Active,PRIVATE CLUB,$0.00 ,Beer/Wine,"(TX) Archer, Baylor, Wichita, Wilbarger"
878,KIMONO STEAK & SUSHI BAR,KIMONO STEAK & SUSHI BAR,* Independent Fisher59 - OKLAHOMA,(580) 699-2444,Lawton,Active,RESTAURANT,$0.00 ,All (Beer/Wine/Spirits),(OK) Comanche
949,BILL REED (D),BILL REED - ABILENE,* Independent Fisher59 - TEXAS,(325) 692-9149,Denton,Active,SUB-DISTRIBUTOR,$0.00 ,Beer/Wine,(TX) Denton County Off Transfers
988,CORONA RECALL 2014,CORONA RECALL 2014,* Independent Fisher59 - TEXAS,,Denton,Active,ADJUSTMENT,$0.00 ,Beer/Wine,(TX) InvAdj
1013,"PHUSION PROJECTS, INC. (D)","PHUSION PROJECTS, INC. - BILLBACK",* Independent Fisher59 - TEXAS,,Denton,Active,SUPPLIER,$0.00 ,All (Beer/Wine/Spirits),(TX) Denton
1037,EL PUEBLO MEXICAN RESTAURANT,EL PUEBLO,* Independent Fisher59 - OKLAHOMA,(405) 207-9477/1987,Ardmore,Active,RESTAURANT,$0.00 ,Beer/Wine,(OK) Garvin
1103,JOE'S MARKET PLACE,JOE'S MARKET PLACE,* Independent Fisher59 - OKLAHOMA,(580) 444-2697,Lawton,Active,NEIGHBORHOOD GROC.,$0.00 ,Non Alcohol Only,(OK) Stephens
1111,PIZZA HUT - JUSTIN,PIZZA HUT Franchise (D),* Independent Fisher59 - TEXAS,(817) 865-6500,Denton,Active,RESTAURANT,$0.00 ,Beer/Wine,(TX) Denton
1216,CONSTELLATION BRANDS (L),CONSTELLATION BRANDS - BILLBACK (L),* Independent Fisher59 - OKLAHOMA,,Lawton,Active,SUPPLIER,$0.00 ,All (Beer/Wine/Spirits),(OK) Comanche
1245,MILLERCOORS (L),MILLERCOORS - BILLBACK (L),* Independent Fisher59 - OKLAHOMA,(405) 471-3330,Lawton,Active,SUPPLIER,$0.00 ,All (Beer/Wine/Spirits),(OK) Comanche
1343,CAPITAL DISTRIBUTING - AUSTIN,CAPITAL DISTRIBUTING - AUSTIN,* Independent Fisher59 - TEXAS,(512) 837-6550,Denton,Active,SUB-DISTRIBUTOR,$0.00 ,Beer/Wine,(TX) Denton County Off Transfers
1388,CHOCTAW CASINO DURANT GIFT SHOP (ESSENTIALS),CHOCTAW NATION (L),CHOCTAW CASINO (OK),,Ardmore,Active,NON BEER OFF PREMISE,$0.00 ,Non Alcohol Only,(OK) Bryan
1443,SIDEWALK CAFE,SIDEWALK CAFE,* Independent Fisher59 - TEXAS,(940) 591-1999,Denton,Active,RESTAURANT,$0.00 ,Beer/Wine,(TX) Denton
1480,DOLLAR GENERAL #31828 (MED PARK),DOLLAR GENERAL (OK),DOLLAR GENERAL (OK),(580) 529-3075,Lawton,Active,GENERAL MERCHANDISER,$0.00 ,Red Bull Only,(OK) Comanche
1496,ST PADDY'S IN THE PLAZA - LEWISVILLE,ST PADDY'S IN THE PLAZA,* Independent Fisher59 - TEXAS,,Denton,Active,SPECIAL EVENT,$0.00 ,All (Beer/Wine/Spirits),(TX) Denton
1500,BOWLING LANES,MWR ALTUS AFB (L),MWR ALTUS AFB (OK),(580) 481-6704,Lawton,Active,MILITARY ON-PREMISE,$0.00 ,All (Beer/Wine/Spirits),(OK) Jackson
1585,LANI'S LIQUOR STORE,LANI'S LIQUOR STORE,* Independent Fisher59 - OKLAHOMA,(405) 588-3573,Ardmore,Active,LIQUOR / PACKAGE STORE,$0.00 ,All (Beer/Wine/Spirits),(OK) Garvin
1680,Denton to Lawton,MILLER OF DENTON,* Independent Fisher59 - OKLAHOMA,,Lawton,Active,SUB-DISTRIBUTOR,$0.00 ,Beer/Wine,(TX) Denton County Off Transfers
1681,Denton to Wichita Falls,MILLER OF DENTON,* Independent Fisher59 - TEXAS,,Wichita Falls,Active,SUB-DISTRIBUTOR,$0.00 ,Beer/Wine,(TX) Denton County Off Transfers
1682,Lawton to Wichita Falls,SOUTHERN SALES,* Independent Fisher59 - OKLAHOMA,,Lawton,Active,SUB-DISTRIBUTOR,$0.00 ,Beer/Wine,(OK) Lawton Regular Transfers
1683,Lawton to Denton,SOUTHERN SALES,* Independent Fisher59 - OKLAHOMA,,Lawton,Active,SUB-DISTRIBUTOR,$0.00 ,Beer/Wine,(OK) Lawton Regular Transfers
1684,Wichita Falls to Denton,WICHITA BEER,* Independent Fisher59 - TEXAS,,Wichita Falls,Active,SUB-DISTRIBUTOR,$0.00 ,Beer/Wine,"(TX) Archer, Baylor, Wichita, Wilbarger Transfers"
1685,Wichita Falls to Lawton,WICHITA BEER,* Independent Fisher59 - TEXAS,,Wichita Falls,Active,SUB-DISTRIBUTOR,$0.00 ,Beer/Wine,"(TX) Archer, Baylor, Wichita, Wilbarger Transfers"
1809,AMC SIKES SENTER 10,AMC THEATERS (D),AMC THEATERS (TX),,Wichita Falls,Active,RESTAURANT,$0.00 ,Beer/Wine,"(TX) Archer, Baylor, Wichita, Wilbarger"
1824,NAPOLIS ITALIAN RESTAURANT,NAPOLI'S ITALIAN RESTAURANT,* Independent Fisher59 - OKLAHOMA,,Lawton,Active,RESTAURANT,$0.00 ,All (Beer/Wine/Spirits),(OK) Grady
1896,MURPHY USA #7013 (ROUND GROVE ROAD),MURPHY USA (D),MURPHY USA (TX),,Denton,Active,C-STORE / GAS,$0.00 ,Beer/Wine,(TX) Denton
1938,AUSTIN EASTCIDERS (L),AUSTIN EASTCIDERS - BILLBACK (L),* Independent Fisher59 - OKLAHOMA,,Lawton,Active,SUPPLIER,$0.00 ,All (Beer/Wine/Spirits),(OK) Comanche
1944,(A) FIFO ADJUSTMENT,(D) FIFO Adjustment,* Independent Fisher59 - TEXAS,,Denton,Active,ADJUSTMENT,$0.00 ,Beer/Wine,(TX) InvAdj
1964,BOSTON BEER COMPANY (L),BOSTON BEER COMPANY (L),* Independent Fisher59 - OKLAHOMA,,Lawton,Active,SUPPLIER,$0.00 ,All (Beer/Wine/Spirits),(OK) Comanche
1978,NEW BELGIUM BREWING COMPANY (D),NEW BELGIUM BREWING COMPANY,* Independent Fisher59 - TEXAS,,Denton,Active,SUPPLIER,$0.00 ,All (Beer/Wine/Spirits),(TX) Denton
1993,LAKEWOOD BREWING COMPANY (D),Lakewood Brewing Company,* Independent Fisher59 - TEXAS,,Denton,Active,SUPPLIER,$0.00 ,All (Beer/Wine/Spirits),(TX) Denton
2004,MARK ANTHONY (D),MARK ANTHONY (D),* Independent Fisher59 - TEXAS,,Denton,Active,SUPPLIER,$0.00 ,All (Beer/Wine/Spirits),(TX) Denton
2008,FIRESTONE WALKER BREWING (D),FIRESTONE WALKER BREWING,* Independent Fisher59 - TEXAS,,Denton,Active,SUPPLIER,$0.00 ,All (Beer/Wine/Spirits),(TX) Denton
2027,FOUR CORNERS BREWING COMPANY (D),FOUR CORNERS BREWING COMPANY,* Independent Fisher59 - TEXAS,,Denton,Active,SUPPLIER,$0.00 ,All (Beer/Wine/Spirits),(TX) Denton
2042,MANEE THAI CUISINE & BAR,MANEE THAI CUISINE & BAR,* Independent Fisher59 - TEXAS,(469) 388-1270,Denton,Active,RESTAURANT,$0.00 ,Beer/Wine,(TX) Denton
2047,AUSTIN EASTCIDERS (D),AUSTIN EASTCIDERS,* Independent Fisher59 - TEXAS,,Denton,Active,SUPPLIER,$0.00 ,All (Beer/Wine/Spirits),(TX) Denton
2056,DUVEL MOORTGAT USA (D),DUVEL MOORTGAT USA (D),* Independent Fisher59 - TEXAS,,Denton,Active,SUPPLIER,$0.00 ,All (Beer/Wine/Spirits),(TX) Denton
2082,MOUNTAIN FORK BREWING COMPANY,MOUNTAIN FORK BREWING COMPANY,* Independent Fisher59 - OKLAHOMA,(580) 494-3233,EAST,Active,BAR / TAVERN,$0.00 ,All (Beer/Wine/Spirits),(OK) McCurtain
2096,CASA DEL BRO,CASA DEL BRO,* Independent Fisher59 - TEXAS,(469) 382-2081,Denton,Active,RESTAURANT,$0.00 ,Beer/Wine,(TX) Denton
2113,CHIPOTLE MEXICAN GRILL - LAKE DALLAS,CHIPOTLE (D),CHIPOTLE (TX),,Denton,Active,RESTAURANT,$0.00 ,Beer/Wine,(TX) Denton
2131,FAMILY DOLLAR #1495 (FREDERICK),FAMILY DOLLAR (OK),FAMILY DOLLAR (OK),,Lawton,Active,GENERAL MERCHANDISER,$0.00 ,Beer/Wine,(OK) Tillman
2138,FAMILY DOLLAR #4295 (ELGIN),FAMILY DOLLAR (OK),FAMILY DOLLAR (OK),,Lawton,Active,GENERAL MERCHANDISER,$0.00 ,Red Bull Only,(OK) Comanche
2152,VOLCANO KOREAN BBQ,VOLCANO KOREAN BBQ,* Independent Fisher59 - TEXAS,,Wichita Falls,Active,RESTAURANT,$0.00 ,Beer/Wine,"(TX) Archer, Baylor, Wichita, Wilbarger"
2154,DELHI 6,DELHI 6,* Independent Fisher59 - TEXAS,,Denton,Active,RESTAURANT,$0.00 ,Beer/Wine,(TX) Denton
2172,HOMEWOOD SUITES - WF,HOMEWOOD SUITES (WF),* Independent Fisher59 - TEXAS,,Wichita Falls,Active,HOTEL / MOTEL,$0.00 ,Beer/Wine,"(TX) Archer, Baylor, Wichita, Wilbarger"
2177,STATE STREET PIZZA COMPANY,STATE STREET PIZZA COMPANY,* Independent Fisher59 - TEXAS,(972) 405-3003,Denton,Active,RESTAURANT,$0.00 ,Beer/Wine,(TX) Wise
2186,MIDDLEBROOKS BAR & GRILL,MIDDLEBROOKS BAR & GRILL,* Independent Fisher59 - TEXAS,,Denton,Active,RESTAURANT,$0.00 ,TABC HOLD,(TX) Cooke
2214,UNITED BRANDS (L),UNITED BRANDS (L),* Independent Fisher59 - OKLAHOMA,,Lawton,Active,SUPPLIER,$0.00 ,All (Beer/Wine/Spirits),(OK) Comanche
2215,FLURRY'S MARKET LAKESIDE URBAN GROCERY,FLURRY'S MARKET LAKESIDE URBAN GROCERY,* Independent Fisher59 - TEXAS,,Denton,Active,BAR / TAVERN,$0.00 ,Beer/Wine,(TX) Denton
2239,THROTTLE JUNKIES JAVA HOUSE LLC,THROTTLE JUNKIES JAVA HOUSE LLC,* Independent Fisher59 - OKLAHOMA,,Ardmore,Active,NON BEER ON PREMISE,$0.00 ,Non Alcohol Only,(OK) Carter
2258,BIOSTEEL (D),BIO STEEL (D),* Independent Fisher59 - TEXAS,,Denton,Active,SUPPLIER,$0.00 ,Non Alcohol Only,(TX) Denton
2259,KARMA WATER (D),KARMA WATER (D),* Independent Fisher59 - TEXAS,,Denton,Active,SUPPLIER,$0.00 ,Non Alcohol Only,(TX) Denton
2263,ZenWTR (D),zenWTR,* Independent Fisher59 - TEXAS,(972) 955-1878,Denton,Active,SUPPLIER,$0.00 ,Non Alcohol Only,(TX) Denton
2277,CRACKER BARREL #198,CRACKER BARREL #198,CRACKER BARREL RESTAURANTS (TX),(972) 436-6813,Denton,Active,RESTAURANT,$0.00 ,Beer/Wine,(TX) Denton
2287,BIOSTEEL (L),BIOSTEEL (L),* Independent Fisher59 - OKLAHOMA,,Lawton,Active,SUPPLIER,$0.00 ,Non Alcohol Only,(OK) Comanche
2288,KARMA WATER (L),KARMA WATER (L),* Independent Fisher59 - OKLAHOMA,,Lawton,Active,SUPPLIER,$0.00 ,Non Alcohol Only,(OK) Comanche
2289,ZenWTR (L),zenWTR (L),* Independent Fisher59 - OKLAHOMA,,Lawton,Active,SUPPLIER,$0.00 ,Non Alcohol Only,(OK) Comanche
2310,CHIPOTLE MEXICAN GRILL - ROANOKE,CHIPOTLE (D),CHIPOTLE (TX),,Denton,Active,RESTAURANT,$0.00 ,Beer/Wine,(TX) Denton
2311,MUENSTER GERMANFEST,MUENSTER GERMANFEST,* Independent Fisher59 - TEXAS,(940) 759-2227,Denton,Active,SPECIAL EVENT,$0.00 ,Beer/Wine,(TX) Denton
2330,DOUG'S DRIVE INN,DOUGS DRIVE INN,* Independent Fisher59 - OKLAHOMA,(580) 437-2366,Lawton,Active,RESTAURANT,$0.00 ,ABLE HOLD,(OK) Jefferson
2332,ALTSTADT BREWERY (D),ALTSTADT BREWERY (D),* Independent Fisher59 - TEXAS,,Denton,Active,SUPPLIER,$0.00 ,All (Beer/Wine/Spirits),(TX) Denton
2336,GAINESVILLE SUMMER SOUNDS,GAINESVILLE SUMMER SOUNDS,* Independent Fisher59 - TEXAS,(940) 665-2831,Denton,Active,SPECIAL EVENT,$0.00 ,Beer/Wine,(TX) Denton
2363,SHUCK ME - HOCHATOWN,SHUCK ME - HOCHATOWN,* Independent Fisher59 - OKLAHOMA,(580) 494-3474,EAST,Active,RESTAURANT,$0.00 ,All (Beer/Wine/Spirits),(OK) McCurtain
2372,LA TAQUERIA MEXICAN RESTAURANT,LA TAQUERIA MEXICAN RESTAURANT,* Independent Fisher59 - OKLAHOMA,(580) 453-1999,Ardmore,Active,RESTAURANT,$0.00 ,ABLE HOLD,(OK) Carter
2388,LA QUINTA INN & SUITES - LEWISVILLE,LA QUINTA INN & SUITES - LEWISVILLE,* Independent Fisher59 - TEXAS,(469) 240-9051,Denton,Active,HOTEL / MOTEL,$0.00 ,Beer/Wine,(TX) Denton
2394,BARRACRUDA SEAFOOD AND GRILL,BARRACRUDA SEAFOOD AND GRILL,* Independent Fisher59 - TEXAS,(972) 672-2427,Denton,Active,RESTAURANT,$0.00 ,Beer/Wine,(TX) Denton
2409,YUENGLING BREWING CO. (D),YUENGLING BREWERY,* Independent Fisher59 - TEXAS,,Denton,Active,SUPPLIER,$0.00 ,All (Beer/Wine/Spirits),(TX) Denton
2414,CHIPOTLE MEXICAN GRILL - FRISCO 380,CHIPOTLE (D),CHIPOTLE (TX),(972) 347-4938,Denton,Active,RESTAURANT,$0.00 ,Beer/Wine,(TX) Denton
2420,EAGLES LODGE #4070,EAGLES LODGE #4070,* Independent Fisher59 - OKLAHOMA,(405) 641-6554,Lawton,Active,PRIVATE CLUB,$0.00 ,All (Beer/Wine/Spirits),(OK) Grady
2451,MIDNIGHT RODEO,MIDNIGHT RODEO,* Independent Fisher59 - TEXAS,(940) 642-5934,Wichita Falls,Active,BAR / TAVERN,$0.00 ,Beer/Wine,"(TX) Archer, Baylor, Wichita, Wilbarger"
2464,MANHATTAN PROJECT (D),THE MANHATTAN PROJECT (D),* Independent Fisher59 - TEXAS,,Denton,Active,SUPPLIER,$0.00 ,All (Beer/Wine/Spirits),(TX) Denton
2472,WRIGHT DONUT #2,WRIGHT DONUT #2,* Independent Fisher59 - OKLAHOMA,(580) 649-6047,Lawton,Active,NON BEER OFF PREMISE,$0.00 ,Non Alcohol Only,(OK) Comanche
2479,CHIPOTLE MEXICAN GRILL - FRISCO ELDORADO,CHIPOTLE (D),* Independent Fisher59 - TEXAS,,Denton,Active,RESTAURANT,$0.00 ,Beer/Wine,(TX) Denton
2498,EIGHT BREWING (D),EIGHT BREWING (D),* Independent Fisher59 - TEXAS,,Denton,Active,SUPPLIER,$0.00 ,All (Beer/Wine/Spirits),(TX) Denton
2505,MATAS LUNCHBOX,MATA'S LUNCHBOX,* Independent Fisher59 - OKLAHOMA,(580) 760-6518,Ardmore,Active,RESTAURANT,$0.00 ,All (Beer/Wine/Spirits),(OK) Marshall East (East of 377)
2523,TEST CUSTOMER DELETE INVOICE,TEST CUSTOMER DELETE INVOICE,* Independent Fisher59 - TEXAS,,Denton,Active,TRANSFER,$0.00 ,All (Beer/Wine/Spirits),(TX) Denton County Off Transfers
2541,MI CAPRICHO,MI CAPRICHO,* Independent Fisher59 - TEXAS,,Denton,Active,RESTAURANT,$0.00 ,Beer/Wine,(TX) Montague
2566,AI BOTTLING (D),AI BOTTLING (D),* Independent Fisher59 - TEXAS,,Denton,Active,SUPPLIER,$0.00 ,All (Beer/Wine/Spirits),(TX) Denton
2567,AI BOTTLING (L),AI BOTTLING (L),* Independent Fisher59 - OKLAHOMA,,Lawton,Active,SUPPLIER,$0.00 ,All (Beer/Wine/Spirits),(OK) Comanche
2587,WARM SPRINGS CASINO,FT SILL APACHE CASINO (L),FT SILL APACHE CASINO (OK),(954) 610-2996,Lawton,Active,CASINO / GAMING,$0.00 ,All (Beer/Wine/Spirits),(OK) Caddo
2629,HOMESTEAD LIBATIONS/6666 (D),HOMESTEAD LIBATIONS/6666 (D),* Independent Fisher59 - TEXAS,,Denton,Active,SUPPLIER,$0.00 ,All (Beer/Wine/Spirits),(TX) Denton
2663,PAPA POBLANOS MEXICAN CAFE,PAPA POBLANOS MEXICAN CAFE,* Independent Fisher59 - OKLAHOMA,(580) 584-9495,EAST,Active,RESTAURANT,$0.00 ,All (Beer/Wine/Spirits),(OK) McCurtain
2665,MI RANCHITO TEX MEX,MI RANCHITO TEX MEX,* Independent Fisher59 - OKLAHOMA,(580) 584-2003,EAST,Active,RESTAURANT,$0.00 ,All (Beer/Wine/Spirits),(OK) McCurtain
2679,ABENDIGOS GRILL,ABENDIGOS GRILL,* Independent Fisher59 - OKLAHOMA,,EAST,Active,RESTAURANT,$0.00 ,All (Beer/Wine/Spirits),(OK) McCurtain
2686,IDABEL COUNTRY CLUB,IDABEL COUNTRY CLUB,* Independent Fisher59 - OKLAHOMA,(580) 743-7421,EAST,Active,GOLF / COUNTRY CLUB,$0.00 ,All (Beer/Wine/Spirits),(OK) McCurtain
2687,ROMA ITALIAN - DURANT,ROMA ITALIAN - DURANT,* Independent Fisher59 - OKLAHOMA,(214) 205-3216,Ardmore,Active,RESTAURANT,$0.00 ,All (Beer/Wine/Spirits),(OK) Bryan
2699,BOOGIE BURGER,BOOGIE BURGER,* Independent Fisher59 - OKLAHOMA,,EAST,Active,C-STORE / GAS,$0.00 ,Beer/Wine,(OK) McCurtain
2711,LUCKY FOOD KING #7,LUCKY FOOD KING #7,* Independent Fisher59 - OKLAHOMA,(903) 624-9704,Ardmore,Active,C-STORE / GAS,$0.00 ,Beer/Wine,(OK) Bryan
2722,CHILIS GRILL BAR - ATOKA,HOT PEPPER,* Independent Fisher59 - OKLAHOMA,(806) 654-6102,EAST,Active,RESTAURANT,$0.00 ,All (Beer/Wine/Spirits),(OK) Atoka
2731,GOAT'S ARENA SPORTS BAR (NORTHLAKE),GOAT'S ARENA SPORTS BAR (NORTHLAKE),* Independent Fisher59 - TEXAS,(919) 561-1176,Denton,Active,BAR / TAVERN,$0.00 ,Beer/Wine,(TX) Denton
2752,SABER RIVER LLC - REBA'S PLACE,SABER RIVER LLC - REBA'S PLACE,* Independent Fisher59 - OKLAHOMA,(702) 415-0022,EAST,Active,RESTAURANT,$0.00 ,All (Beer/Wine/Spirits),(OK) Atoka
2779,ATOKA COUNTY MEDICAL CENTER,ATOKA COUNTY MEDICAL CENTER,* Independent Fisher59 - OKLAHOMA,(580) 297-2115,EAST,Active,RESTAURANT,$0.00 ,Non Alcohol Only,(OK) Atoka
2787,CHAVEZ RESAURANT,CHAVEZ RESAURANT,* Independent Fisher59 - OKLAHOMA,(580) 954-5160,Lawton,Active,RESTAURANT,$0.00 ,Beer/Wine,(OK) Jackson
2794,OLD HAGS PIZZA & PASTA,OLD HAGS PIZZA & PASTA,* Independent Fisher59 - TEXAS,,Denton,Active,RESTAURANT,$0.00 ,TABC HOLD,(TX) Denton
2798,JONNY'S PIZZA - FRISCO,JONNY'S PIZZA - FRISCO,* Independent Fisher59 - TEXAS,(469) 469-3540,Denton,Active,RESTAURANT,$0.00 ,Beer/Wine,(TX) Denton
2802,COOP ALE WORKS (L),COOP ALE WORKS (L),* Independent Fisher59 - OKLAHOMA,,Lawton,Active,SUPPLIER,$0.00 ,All (Beer/Wine/Spirits),(OK) Comanche
2816,PROST TAPHOUSE,PROST TAPHOUSE,* Independent Fisher59 - TEXAS,(682) 365-7320,Denton,Active,BAR / TAVERN,$0.00 ,Beer/Wine,(TX) Denton
2834,LDF OKLAHOMA,LDF OKLAHOMA,* Independent Fisher59 - OKLAHOMA,,Lawton,Active,SUB-DISTRIBUTOR,$0.00 ,All (Beer/Wine/Spirits),(OK) Comanche
2839,SAZERAC (L),SAZERAC (L),* Independent Fisher59 - OKLAHOMA,,Lawton,Active,SUPPLIER,$0.00 ,All (Beer/Wine/Spirits),(OK) Comanche
2860,BIGFOOT GENERAL STORE,BIGFOOT GENERAL STORE,* Independent Fisher59 - OKLAHOMA,(580) 376-1010,EAST,Active,C-STORE / GAS,$0.00 ,Beer/Wine,(OK) McCurtain
2872,RNDC OKLAHOMA,RNDC OKLAHOMA,* Independent Fisher59 - OKLAHOMA,,Lawton,Active,SUB-DISTRIBUTOR,$0.00 ,All (Beer/Wine/Spirits),(OK) Comanche
2879,THE COUNTY SEAT,THE COUNTY SEAT,* Independent Fisher59 - TEXAS,(501) 749-0871,Denton,Active,BAR / TAVERN,$0.00 ,Beer/Wine,(TX) Wise
2883,FLOWER SHOP WINERY & PIZZERIA,FLOWER SHOP WINERY & PIZZERIA,* Independent Fisher59 - OKLAHOMA,(405) 308-0510,Lawton,Active,BAR / TAVERN,$0.00 ,Beer/Wine,(OK) Grady
2887,RV PARK AT WINSTAR,RV PARK AT WINSTAR,* Independent Fisher59 - OKLAHOMA,(580) 399-9857,Ardmore,Active,HOTEL / MOTEL,$0.00 ,Non Alcohol Only,(OK) Love
2894,CHIPOTLE MEXICAN GRILL - FTW 114,CHIPOTLE (D),CHIPOTLE (TX),,Denton,Active,RESTAURANT,$0.00 ,Beer/Wine,(TX) Denton
2911,CRACKER BARREL #778,CRACKER BARREL #778,CRACKER BARREL RESTAURANTS (TX),,Denton,Active,RESTAURANT,$0.00 ,Beer/Wine,(TX) Denton
2924,AEGIR'S LOUNGE,AEGIR'S LOUNGE,* Independent Fisher59 - OKLAHOMA,(580) 775-5959,Ardmore,Active,BAR / TAVERN,$0.00 ,All (Beer/Wine/Spirits),(OK) Bryan
2927,HOMESTEAD LIBATIONS/6666 (L),HOMESTEAD LIBATIONS/6666 (L),* Independent Fisher59 - OKLAHOMA,,Lawton,Active,SUPPLIER,$0.00 ,All (Beer/Wine/Spirits),(OK) Comanche
2949,ALDI #126 CHICKASHA,ALDI (OK),ALDI (OK),(855) 955-2534,Lawton,Active,SUPERMARKET,$0.00 ,Beer/Wine,(OK) Grady
2952,ALDI #21 ARDMORE,ALDI (OK),ALDI (OK),(855) 955-2534,Ardmore,Active,SUPERMARKET,$0.00 ,Beer/Wine,(OK) Carter
2961,HOMEWOOD SUITES LAWTON,HOMEWOOD SUITES LAWTON,* Independent Fisher59 - OKLAHOMA,(580) 357-9800,Lawton,Active,HOTEL / MOTEL,$0.00 ,Beer/Wine,(OK) Comanche
2966,AMERICAN LIQUOR,AMERICAN LIQUOR,* Independent Fisher59 - TEXAS,(214) 235-5996,Denton,Active,LIQUOR / PACKAGE STORE,$0.00 ,All (Beer/Wine/Spirits),(TX) Denton
2969,NATURAL GROCERS (WICHITA FALLS),NATURAL GROCERS (WICHITA FALLS),NATURAL GROCERS (TX),,Wichita Falls,Active,NEIGHBORHOOD GROC.,$0.00 ,Beer/Wine,"(TX) Archer, Baylor, Wichita, Wilbarger"
2983,7TWENTY8,7TWENTY8,* Independent Fisher59 - OKLAHOMA,,Lawton,Active,BAR / TAVERN,$0.00 ,All (Beer/Wine/Spirits),(OK) Comanche
2992,TWISTED X BREWING (TX),TWISTED X BREWING (TX),* Independent Fisher59 - TEXAS,,Denton,Active,SUPPLIER,$0.00 ,All (Beer/Wine/Spirits),(TX) Denton
2993,SHIPLEY DONUTS,SHIPLEY DONUTS,* Independent Fisher59 - OKLAHOMA,(940) 337-3934,Lawton,Active,RESTAURANT,$0.00 ,Red Bull Only,(OK) Comanche
2994,DESI DISTRICT,DESI DISTRICT,* Independent Fisher59 - TEXAS,(469) 849-6479,Denton,Active,RESTAURANT,$0.00 ,Beer/Wine,(TX) Denton
2997,THE GAMBRINUS COMPANY (90) (L),THE GAMBRINUS COMPANY (OK),* Independent Fisher59 - OKLAHOMA,(281) 224-1203,Lawton,Active,SUPPLIER,$0.00 ,All (Beer/Wine/Spirits),(OK) Comanche
2998,EIGHT BREWING (L),EIGHT BREWING (OK),* Independent Fisher59 - OKLAHOMA,,Lawton,Active,SUPPLIER,$0.00 ,All (Beer/Wine/Spirits),(OK) Comanche
3033,DOMINGO,DOMINGO,* Independent Fisher59 - TEXAS,,Denton,Active,RESTAURANT,$0.00 ,Beer/Wine,(TX) Denton
3044,UNION BEAR BREWING CO. (D),UNION BEAR BREWING CO. (D),* Independent Fisher59 - TEXAS,,Denton,Active,SUPPLIER,$0.00 ,All (Beer/Wine/Spirits),(TX) Denton
3052,HIGHLAND LIQUOR,HIGHLAND LIQUOR,* Independent Fisher59 - TEXAS,,Denton,Active,LIQUOR / PACKAGE STORE,$0.00 ,All (Beer/Wine/Spirits),(TX) Denton
3053,"REBECCA CREEK DISTILLERY, LLC. (D)",REBECCA CREEK DISTILLERY LLC (D),* Independent Fisher59 - TEXAS,,Denton,Active,SUPPLIER,$0.00 ,All (Beer/Wine/Spirits),(TX) Denton
3057,MARCOS MEXICAN RESTAURANT,MARCOS MEXICAN RESTAURANT,* Independent Fisher59 - OKLAHOMA,,EAST,Active,RESTAURANT,$0.00 ,All (Beer/Wine/Spirits),(OK) Pushmataha
3065,DOLLAR GENERAL #30525 (NW 2ND) (POPSHELF),DOLLAR GENERAL (OK),DOLLAR GENERAL (OK),,Lawton,Active,GENERAL MERCHANDISER,$0.00 ,Red Bull Only,(OK) Comanche
3082,375 PARK AVENUE SPIRITS (D),SAZERAC (D),* Independent Fisher59 - TEXAS,,Denton,Active,SUPPLIER,$0.00 ,All (Beer/Wine/Spirits),(TX) Denton
3085,R&K DISTRIBUTORS INC.,R&K DISTRIBUTORS INC.,* Independent Fisher59 - TEXAS,(903) 387-1502,Denton,Active,SUB-DISTRIBUTOR,$0.00 ,All (Beer/Wine/Spirits),(TX) Denton County Off Transfers
3088,HOP WTR (D),HOP WTR (D),* Independent Fisher59 - TEXAS,,Denton,Active,SUPPLIER,$0.00 ,All (Beer/Wine/Spirits),(TX) Denton
3095,FIVE BELOW #5151,FIVE BELOW (OK),FIVE BELOW (OK),,Lawton,Active,GENERAL MERCHANDISER,$0.00 ,Red Bull Only,(OK) Comanche
3103,HOP WTR (L),HOP WTR (L),* Independent Fisher59 - OKLAHOMA,,Lawton,Active,SUPPLIER,$0.00 ,All (Beer/Wine/Spirits),(OK) Comanche
3104,E & J GALLO (L),E & J GALLO (L),* Independent Fisher59 - OKLAHOMA,,Lawton,Active,SUPPLIER,$0.00 ,All (Beer/Wine/Spirits),(OK) Comanche
3105,E & J GALLO (D),E & J GALLO (D),* Independent Fisher59 - TEXAS,,Denton,Active,SUPPLIER,$0.00 ,All (Beer/Wine/Spirits),(TX) Denton
3107,BUNCOMBE CREEK MARINA FUEL DOCK,BUNCOMBE CREEK MARINA FUEL DOCK,* Independent Fisher59 - OKLAHOMA,,Ardmore,Active,C-STORE / GAS,$0.00 ,Beer/NA,(OK) Marshall East (East of 377)
3109,WINE:30 ON OAK ST,WINE:30 ON OAK ST,* Independent Fisher59 - TEXAS,(817) 793-4455,Denton,Active,BAR / TAVERN,$0.00 ,Beer/Wine,(TX) Denton
3117,DEAN CAFE AND CATERING,DEAN CAFE AND CATERING_2,* Independent Fisher59 - TEXAS,,Wichita Falls,Active,RESTAURANT,$0.00 ,Beer/Wine,(TX) Clay
3134,MAS+ NEXT GENERATION BEVERAGE CO. (L),MAS+ NEXT GENERATION BEVERAGE CO. (L),* Independent Fisher59 - OKLAHOMA,,Lawton,Active,SUPPLIER,$0.00 ,All (Beer/Wine/Spirits),(OK) Comanche
3143,YAVE TEQUILA (D),YAVE TEQUILA (D),* Independent Fisher59 - TEXAS,,Denton,Active,SUPPLIER,$0.00 ,All (Beer/Wine/Spirits),(TX) Denton
3149,ATOMIC BRANDS (D),ATOMIC BRANDS (D),* Independent Fisher59 - TEXAS,,Denton,Active,SUPPLIER,$0.00 ,All (Beer/Wine/Spirits),(TX) Denton
3154,DIX CONEY ISLAND,DIX CONEY ISLAND,* Independent Fisher59 - TEXAS,(214) 892-1043,Denton,Active,RESTAURANT,$0.00 ,Beer/Wine,(TX) Denton
3168,RETREAT BAR,WINSTAR/TRADITIONS ON PREMISE (L),WINSTAR/TRADITIONS ON PREMISE (OK),(580) 272-8996,Ardmore,Active,BAR / TAVERN,$0.00 ,All (Beer/Wine/Spirits),(OK) Murray
3181,THE GARDEN'S CAFE BY THINK ABILITY,THE GARDEN'S CAFE BY THINK ABILITY,* Independent Fisher59 - OKLAHOMA,(580) 721-1725,Lawton,Active,RESTAURANT,$0.00 ,Beer/Wine,(OK) Stephens
3182,URBAN AIR ARDMORE,URBAN AIR ARDMORE,* Independent Fisher59 - OKLAHOMA,(972) 533-5163,Ardmore,Active,BAR / TAVERN,$0.00 ,Beer/Wine,(OK) Carter
3193,SHAKEN BEVERAGE COMPANY (D),SHAKEN BEVERAGE COMPANY (D),* Independent Fisher59 - TEXAS,,Denton,Active,SUPPLIER,$0.00 ,All (Beer/Wine/Spirits),(TX) Denton
3196,THE SPOT CHILL-N-LOUNGE,THE SPOT CHILL-N-LOUNGE,* Independent Fisher59 - TEXAS,,Wichita Falls,Active,BAR / TAVERN,$0.00 ,Beer/Wine,"(TX) Archer, Baylor, Wichita, Wilbarger"
3198,ROWDY SWANSON MEMORIAL BULLRIDING,ROWDY SWANSON MEMORIAL BULLRIDING,* Independent Fisher59 - OKLAHOMA,(580) 656-0450,Lawton,Active,SPECIAL EVENT,$0.00 ,All (Beer/Wine/Spirits),(OK) Stephens
3202,SHIBUI WHISKY COMPANY (L),SHIBUI WHISKY COMPANY (L),* Independent Fisher59 - OKLAHOMA,,Lawton,Active,SUPPLIER,$0.00 ,All (Beer/Wine/Spirits),(OK) Comanche
3203,FEDERAL DISTILLING (L),FEDERAL DISTILLING (L),* Independent Fisher59 - OKLAHOMA,,Lawton,Active,SUPPLIER,$0.00 ,All (Beer/Wine/Spirits),(OK) Comanche
3204,NAPOLIS (WICHITA FALLS),NAPOLIS (WICHITA FALLS),* Independent Fisher59 - TEXAS,(940) 692-1702,Wichita Falls,Active,RESTAURANT,$0.00 ,Beer/Wine,"(TX) Archer, Baylor, Wichita, Wilbarger"
3212,GARAGE BEER (D),GARAGE BEER (D),* Independent Fisher59 - TEXAS,,Denton,Active,SUPPLIER,$0.00 ,Beer/Wine,(TX) Denton
3213,GARAGE BEER (L),GARAGE BEER (L),* Independent Fisher59 - OKLAHOMA,,Lawton,Active,SUPPLIER,$0.00 ,Beer/Wine,(OK) Comanche
3219,ATOMIC BRANDS (L),ATOMIC BRANDS (L),* Independent Fisher59 - OKLAHOMA,,Lawton,Active,SUPPLIER,$0.00 ,All (Beer/Wine/Spirits),(OK) Comanche
3223,TIVOLI BREWING COMPANY (D),TIVOLI BREWING COMPANY (D),* Independent Fisher59 - TEXAS,,Denton,Active,SUPPLIER,$0.00 ,Beer/Wine,(TX) Denton
3236,MARGARITA HUT DENTON,MARGARITA HUT DENTON,* Independent Fisher59 - TEXAS,(817) 880-5384,Denton,Active,BAR / TAVERN,$0.00 ,Beer/Wine,(TX) Denton
3237,CAPITAL REYES DISTRIBUTING LLC,CAPITAL REYES DISTRIBUTING LLC,* Independent Fisher59 - TEXAS,(757) 449-9936,Denton,Active,SUB-DISTRIBUTOR,$0.00 ,All (Beer/Wine/Spirits),(TX) Denton County Off Transfers
3249,SPORTZVR,SPORTZVR,* Independent Fisher59 - TEXAS,(469) 583-4261,Denton,Active,SPORTS BAR,$0.00 ,Beer/Wine,(TX) Denton
3255,BERO BREWING (D),BERO BREWING (D),* Independent Fisher59 - TEXAS,,Denton,Active,SUPPLIER,$0.00 ,All (Beer/Wine/Spirits),(TX) Denton
3256,BERO BREWING (L),BERO BREWING (L),* Independent Fisher59 - OKLAHOMA,,Lawton,Active,SUPPLIER,$0.00 ,All (Beer/Wine/Spirits),(OK) Comanche
3266,TRAVEL CENTERS OF AMERICA (DECATUR),TRAVEL CENTERS OF AMERICA (DECATUR),* Independent Fisher59 - TEXAS,,Denton,Active,C-STORE / GAS,$0.00 ,Beer/Wine,(TX) Wise
3272,FUN NOODLE BAR,FUN NOODLE BAR,* Independent Fisher59 - TEXAS,(646) 600-3396,Wichita Falls,Active,RESTAURANT,$0.00 ,Beer/Wine,"(TX) Archer, Baylor, Wichita, Wilbarger"
3274,HAPPY DAD LLC (D),HAPPY DAD LLC,* Independent Fisher59 - TEXAS,,Denton,Active,SUPPLIER,$0.00 ,All (Beer/Wine/Spirits),"(TX) Archer, Baylor, Wichita, Wilbarger"
3276,PARADISE C MART,PARADISE C MART,* Independent Fisher59 - TEXAS,,Denton,Active,C-STORE / GAS,$0.00 ,Beer/Wine,(TX) Cooke
3278,BLUE ROOSTER,BLUE ROOSTER,* Independent Fisher59 - OKLAHOMA,(903) 715-5612,Ardmore,Active,RESTAURANT,$0.00 ,All (Beer/Wine/Spirits),(OK) McCurtain
3281,NEW BELGIUM BREWING COMPANY (L),NEW BELGIUM BREWING COMPANY (L),* Independent Fisher59 - OKLAHOMA,,Lawton,Active,SUPPLIER,$0.00 ,All (Beer/Wine/Spirits),(OK) Comanche
3282,DIRTY BOOTS,DIRTY BOOTS,* Independent Fisher59 - OKLAHOMA,(817) 822-0445,Lawton,Active,BAR / TAVERN,$0.00 ,Beer/Wine,(OK) Greer
3283,BEAN-52 COFFEE,BEAN-52 COFFEE,* Independent Fisher59 - TEXAS,,Wichita Falls,Active,BAR / TAVERN,$0.00 ,Beer/Wine,"(TX) Archer, Baylor, Wichita, Wilbarger"
3284,THE PICKLR DENTON,THE PICKLR DENTON,* Independent Fisher59 - TEXAS,(940) 289-8222,Denton,Active,RESTAURANT,$0.00 ,Beer/Wine,(TX) Denton
3292,THE 1845,THE 1845,* Independent Fisher59 - TEXAS,(903) 744-0335,Denton,Active,BAR / TAVERN,$0.00 ,Beer/Wine,(TX) Denton
3293,HERITAGE HALL,HERITAGE HALL,* Independent Fisher59 - OKLAHOMA,(580) 220-9611,Ardmore,Active,SPECIAL EVENT,$0.00 ,All (Beer/Wine/Spirits),(OK) Carter
3297,TRU BY HILTON (THE COLONY),TRU BY HILTON (THE COLONY),* Independent Fisher59 - TEXAS,(909) 643-4634,Denton,Active,BAR / TAVERN,$0.00 ,Beer/Wine,(TX) Denton
3299,THE TAP (ANTLERS),THE TAP (ANTLERS),* Independent Fisher59 - OKLAHOMA,(580) 298-7754,EAST,Active,BAR / TAVERN,$0.00 ,All (Beer/Wine/Spirits),(OK) Pushmataha
3300,BROWN-FORMAN CORP. (L),BROWN-FORMAN CORP. (L),* Independent Fisher59 - OKLAHOMA,,Lawton,Active,SUPPLIER,$0.00 ,All (Beer/Wine/Spirits),(OK) Comanche
3303,"PHUSION PROJECTS, INC. (L)","PHUSION PROJECTS, INC. (L)",* Independent Fisher59 - OKLAHOMA,,Lawton,Active,SUPPLIER,$0.00 ,All (Beer/Wine/Spirits),(OK) Comanche
3305,CHIPOTLE MEXICAN GRILL - CROSS ROADS,CHIPOTLE (D),CHIPOTLE (TX),,Denton,Active,RESTAURANT,$0.00 ,Beer/Wine,(TX) Denton
3313,ROMA ITALIAN RESTAURANT - BROKEN BOW,ROMA ITALIAN RESTAURANT - BROKEN BOW,* Independent Fisher59 - OKLAHOMA,(580) 584-7662,EAST,Active,RESTAURANT,$0.00 ,All (Beer/Wine/Spirits),(OK) McCurtain
3314,SCOTTY DOGGS HIDEOUT,SCOTTY DOGGS HIDEOUT,* Independent Fisher59 - OKLAHOMA,,EAST,Active,BAR / TAVERN,$0.00 ,All (Beer/Wine/Spirits),(OK) McCurtain
3316,THE CROWN PUB,THE CROWN PUB,* Independent Fisher59 - OKLAHOMA,(580) 760-6655,Ardmore,Active,BAR / TAVERN,$0.00 ,All (Beer/Wine/Spirits),(OK) Bryan
3319,GUACAMOLE BROTHERS RESTAURANT,GUACAMOLE BROTHERS RESTAURANT,* Independent Fisher59 - OKLAHOMA,(580) 612-4822,EAST,Active,RESTAURANT,$0.00 ,All (Beer/Wine/Spirits),(OK) McCurtain
3324,STONECLOUD BREWING (L),STONECLOUD BREWING (L),* Independent Fisher59 - OKLAHOMA,(405) 269-3811,Lawton,Active,SUPPLIER,$0.00 ,All (Beer/Wine/Spirits),(OK) Comanche
3327,ARMOR BREWING COMPANY (D),ARMOR BREWING COMPANY (D),* Independent Fisher59 - TEXAS,,Denton,Active,SUPPLIER,$0.00 ,All (Beer/Wine/Spirits),(TX) Denton
3328,POSSUM HILL GENERAL STORE,POSSUM HILL GENERAL STORE,* Independent Fisher59 - OKLAHOMA,(580) 306-6520,EAST,Active,C-STORE / GAS,$0.00 ,Red Bull Only,(OK) McCurtain
3329,A&B BEVERAGE COMPANY LLC,A&B BEVERAGE COMPANY LLC,* Independent Fisher59 - TEXAS,(918) 682-6332,Denton,Active,SUB-DISTRIBUTOR,$0.00 ,Non Alcohol Only,(TX) Denton
3338,HOME2 SUITES,HOME2 SUITES,* Independent Fisher59 - TEXAS,(940) 208-0911,Denton,Active,HOTEL / MOTEL,$0.00 ,Beer/Wine,(TX) Denton
3341,HATCH EARLY MOOD FOOD,HATCH EARLY MOOD FOOD,* Independent Fisher59 - OKLAHOMA,(405) 823-7703,Lawton,Active,RESTAURANT,$0.00 ,All (Beer/Wine/Spirits),(OK) Comanche
3342,MUTTS ON TAP,MUTTS ON TAP,* Independent Fisher59 - TEXAS,(972) 804-2999,Denton,Active,BAR / TAVERN,$0.00 ,Beer/Wine,(TX) Denton
3346,WILD REVIVAL (D),WILD REVIVAL (D),* Independent Fisher59 - TEXAS,,Denton,Active,SUPPLIER,$0.00 ,All (Beer/Wine/Spirits),(TX) Denton
3349,CASA BLANCA ARENA,CASA BLANCA ARENA,* Independent Fisher59 - TEXAS,(952) 750-3522,Denton,Active,SPECIAL EVENT,$0.00 ,Beer/Wine,(TX) Denton
3351,OLD TOWN DISTRICT OPEN STREETS,OLD TOWN DISTRICT OPEN STREETS,* Independent Fisher59 - OKLAHOMA,(405) 820-9081,Lawton,Active,SPECIAL EVENT,$0.00 ,All (Beer/Wine/Spirits),(OK) Grady
3356,CHOCTAW DURANT EVENT CENTER,DURANT CHOCTAW EVENT CENTER,* Independent Fisher59 - OKLAHOMA,,Ardmore,Active,CASINO / GAMING,$0.00 ,All (Beer/Wine/Spirits),(OK) Bryan
3361,AMERICAN SPIRITS EXCHANGE (TURNER STILLHOUSE) (D),AMERICAN SPIRITS EXCHANGE (D),* Independent Fisher59 - TEXAS,,Denton,Active,SUPPLIER,$0.00 ,All (Beer/Wine/Spirits),(TX) Denton
3368,RED RIVER LODGE,RED RIVER LODGE,* Independent Fisher59 - OKLAHOMA,,Ardmore,Active,BAR / TAVERN,$0.00 ,All (Beer/Wine/Spirits),(OK) Bryan
3370,THEY YUENGLING COMPANY (L),YUENGLING BREWING CO. (L),* Independent Fisher59 - OKLAHOMA,,Lawton,Active,SUPPLIER,$0.00 ,All (Beer/Wine/Spirits),(OK) Comanche
3373,STORM FIGHTING CHAMPIONSHIP 1,STORM FIGHTING CHAMPIONSHIP 1,* Independent Fisher59 - OKLAHOMA,(806) 535-2679,Lawton,Active,SPECIAL EVENT,$0.00 ,All (Beer/Wine/Spirits),(OK) Jackson
3374,CAFE NO SE,CAFE NO SE,* Independent Fisher59 - TEXAS,5158020100x346,Denton,Active,SUPPLIER,$0.00 ,Non Alcohol Only,(TX) Denton
3378,OKOLAHOMA SODA COMPANY (L),OKOLAHOMA SODA COMPANY (L),* Independent Fisher59 - OKLAHOMA,(405) 308-0108,Lawton,Active,SUPPLIER,$0.00 ,Non Alcohol Only,(OK) Comanche
3381,PINSPIRATION,PINSPIRATION,* Independent Fisher59 - OKLAHOMA,(580) 280-4444,Lawton,Active,GENERAL MERCHANDISER,$0.00 ,All (Beer/Wine/Spirits),(OK) Comanche
3383,TILRAY BRANDS (D),TILRAY BRANDS (D),* Independent Fisher59 - TEXAS,,Denton,Active,SUPPLIER,$0.00 ,All (Beer/Wine/Spirits),(TX) Denton
3384,BOWIE TEX MEX,BOWIE TEX MEX,* Independent Fisher59 - TEXAS,,Denton,Active,RESTAURANT,$0.00 ,Beer/Wine,(TX) Montague
3386,LOFTED SPIRITS (D),LOFTED SPIRITS (D),* Independent Fisher59 - TEXAS,(502) 388-6467,Denton,Active,SUPPLIER,$0.00 ,All (Beer/Wine/Spirits),(TX) Denton
3392,CROSSFIT WARFARE,CROSSFIT WARFARE,* Independent Fisher59 - TEXAS,(940) 782-3616,Denton,Active,NON BEER ON PREMISE,$0.00 ,Non Alcohol Only,(TX) Denton
3394,EAGLE ROCK BAR,EAGLE ROCK BAR,* Independent Fisher59 - OKLAHOMA,(580) 236-2267,Ardmore,Active,BAR / TAVERN,$0.00 ,Beer/Wine,(OK) McCurtain
3396,CLIMBING KITES (D),CLIMBING KITES (D),* Independent Fisher59 - TEXAS,,Denton,Active,SUPPLIER,$0.00 ,All (Beer/Wine/Spirits),(TX) Denton
3397,CLIMBING KITES (L),CLIMBING KITES (L),* Independent Fisher59 - OKLAHOMA,,Lawton,Active,SUPPLIER,$0.00 ,All (Beer/Wine/Spirits),(OK) Comanche
3398,LA GUADALUPANA TAQUERIA,LA GUADALUPANA TAQUERIA,* Independent Fisher59 - TEXAS,(972) 214-6603,Denton,Active,RESTAURANT,$0.00 ,Beer/Wine,(TX) Denton
3401,SHORTGRASS ARTS CHARITY,SHORTGRASS ARTS CHARITY,* Independent Fisher59 - OKLAHOMA,,Lawton,Active,SPECIAL EVENT,$0.00 ,All (Beer/Wine/Spirits),(OK) Jackson
3402,CRESCENT CANNA (D),CRESCENT CANNA (D),* Independent Fisher59 - TEXAS,,Denton,Active,SUPPLIER,$0.00 ,All (Beer/Wine/Spirits),(TX) Denton
3403,MISS DONUTS,MISS DONUTS,* Independent Fisher59 - OKLAHOMA,,Lawton,Active,RESTAURANT,$0.00 ,Red Bull Only,(OK) Comanche
3407,CORE GROWTH LLC (D),CORE GROWTH LLC (D),* Independent Fisher59 - TEXAS,,Denton,Active,SUPPLIER,$0.00 ,All (Beer/Wine/Spirits),(TX) Denton
3409,CORE GROWTH LLC (L),CORE GROWTH LLC (L),* Independent Fisher59 - OKLAHOMA,,Lawton,Active,SUPPLIER,$0.00 ,All (Beer/Wine/Spirits),(OK) Comanche
3421,PORTILLO'S HOT DOGS (FRISCO),PORTILLO'S HOT DOGS,PORTILLO'S HOT DOGS (TX),(815) 823-7044,Denton,Active,RESTAURANT,$0.00 ,Beer/Wine,(TX) Denton
3426,SHARK CLUB SPORTS BAR & GRILL,SHARK CLUB SPORTS BAR & GRILL,* Independent Fisher59 - TEXAS,(945) 385-0946,Denton,Active,RESTAURANT,$0.00 ,Beer/Wine,(TX) Denton
3427,EZ GO DONUTS,EZ GO DONUTS,* Independent Fisher59 - OKLAHOMA,,Lawton,Active,GENERAL MERCHANDISER,$0.00 ,Red Bull Only,(OK) Jackson
3428,TOKYO HOUSE,TOKYO HOUSE,* Independent Fisher59 - TEXAS,(469) 212-3751,Denton,Active,RESTAURANT,$0.00 ,Beer/Wine,(TX) Denton
3429,DOLLAR SAVER #37,DOLLAR SAVER #37,* Independent Fisher59 - TEXAS,,Wichita Falls,Active,C-STORE / GAS,$0.00 ,Beer/Wine,"(TX) Archer, Baylor, Wichita, Wilbarger"
3430,VERNON TRAVEL CENTER,VERNON TRAVEL CENTER,* Independent Fisher59 - TEXAS,(469) 748-6026,Wichita Falls,Active,C-STORE / GAS,$0.00 ,Beer/Wine,"(TX) Archer, Baylor, Wichita, Wilbarger"
3431,ACE FUEL STOP #4,ACE FUEL STOP #4,* Independent Fisher59 - OKLAHOMA,(580) 222-6894,Ardmore,Active,C-STORE / GAS,$0.00 ,Red Bull Only,(OK) Johnston
3650,JUNCTION,JUNCTION,* Independent Fisher59 - OKLAHOMA,,Lawton,Active,RESTAURANT,$0.00 ,Beer/Wine,(OK) Comanche
3657,KAY YEAGER COLISEUM,KAY YEAGER,* Independent Fisher59 - TEXAS,(940) 851-9631,Wichita Falls,Active,CONCESSIONAIRE,$0.00 ,Beer/Wine,"(TX) Archer, Baylor, Wichita, Wilbarger"
3680,MUTTI'S GERMAN RESTAURANT,MUTTI'S,* Independent Fisher59 - OKLAHOMA,(580) 353-3928,Lawton,Active,RESTAURANT,$0.00 ,All (Beer/Wine/Spirits),(OK) Comanche
3763,TOMMY'S BAR,TOMMY'S BAR,* Independent Fisher59 - OKLAHOMA,(580) 851-0882,EAST,Active,BAR / TAVERN,$0.00 ,All (Beer/Wine/Spirits),(OK) Choctaw
4406,EDUARDO'S OF DUNCAN,EDUARDOS SOUTH OF THE BORDER,* Independent Fisher59 - OKLAHOMA,(580) 255-0781,Lawton,Active,RESTAURANT,$0.00 ,All (Beer/Wine/Spirits),(OK) Stephens
5101,MASKAT SHRINE TEMPLE,MASKAT SHRINE TEMPLE,* Independent Fisher59 - TEXAS,(940) 766-4511,Wichita Falls,Active,PRIVATE CLUB,$0.00 ,Beer/Wine,"(TX) Archer, Baylor, Wichita, Wilbarger"
6180,MAGNUM DONUTS,MAGNUM DONUTS,* Independent Fisher59 - OKLAHOMA,,Lawton,Active,GENERAL MERCHANDISER,$0.00 ,Red Bull Only,(OK) Greer
6640,VFW #04876,VFW #04876,* Independent Fisher59 - OKLAHOMA,(405) 517-5552,Lawton,Active,PRIVATE CLUB,$0.00 ,All (Beer/Wine/Spirits),(OK) Jackson
11260,BOB'S PIG SHOP,BOBS PIG SHOP,* Independent Fisher59 - OKLAHOMA,(405) 238-2332,Ardmore,Active,RESTAURANT,$0.00 ,Beer/Wine,(OK) Garvin
12016,WINSTAR-RED RIVER GRILL,WINSTAR-RED RIVER GRILL,CHICKASAW NATION (OK),(903) 651-1557,Ardmore,Active,RESTAURANT,$0.00 ,Non Alcohol Only,(OK) Love
12022,WINSTAR CLUBHOUSE BEVERAGE,WINSTAR/TRADITIONS ON PREMISE (L),WINSTAR/TRADITIONS ON PREMISE (OK),(405) 596-0843,Ardmore,Active,GOLF / COUNTRY CLUB,$0.00 ,All (Beer/Wine/Spirits),(OK) Love
13222,ALBERTA CREEK RESORT & MARINA,ALBERTA CREEK RESORT,* Independent Fisher59 - OKLAHOMA,(580) 564-2561,Ardmore,Active,C-STORE / GAS,$0.00 ,Beer/Wine,(OK) Marshall East (East of 377)
32011,COTTON PATCH CAFE - WF,COTTON PATCH CAF (D),* Independent Fisher59 - TEXAS,(817) 865-6504,Wichita Falls,Active,RESTAURANT,$0.00 ,Beer/Wine,"(TX) Archer, Baylor, Wichita, Wilbarger"
40313,CHILI'S - DURANT,BRINKER INTL (LAW),BRINKER INTL (CHILI'S) (OK),(806) 654-6102,Lawton,Active,RESTAURANT,$0.00 ,All (Beer/Wine/Spirits),(OK) Bryan
40832,THE BOAT YARD,THE BOAT YARD,* Independent Fisher59 - OKLAHOMA,(580) 768-8163,Ardmore,Active,BAR / TAVERN,$0.00 ,All (Beer/Wine/Spirits),(OK) Bryan
41042,A-1 CONVENIENCE STORE,A-1 CONVENIENCE STORE,* Independent Fisher59 - OKLAHOMA,(580) 286-6500,EAST,Active,C-STORE / GAS,$0.00 ,Beer/NA,(OK) McCurtain
45879,CROOKED CRUST,CROOKED CRUST,* Independent Fisher59 - TEXAS,(940) 565-5999,Denton,Active,RESTAURANT,$0.00 ,Beer/Wine,(TX) Denton
46722,WING TOWN,WING TOWN,* Independent Fisher59 - TEXAS,(214) 235-1543,Denton,Active,RESTAURANT,$0.00 ,Beer/Wine,(TX) Denton
46995,WING PIT,WING PIT,* Independent Fisher59 - TEXAS,(940) 384-9464,Denton,Active,RESTAURANT,$0.00 ,Beer/Wine,(TX) Denton
47563,RED LOBSTER - LEWISVILLE,RED LOBSTER (D),RED LOBSTER (TX),(972) 315-6271,Denton,Active,RESTAURANT,$0.00 ,Beer/Wine,(TX) Denton
49207,RE-LOAD RT 91,RE-LOAD RT 91,* Independent Fisher59 - OKLAHOMA,(580) 355-8396,Ardmore,Active,SPECIAL-OFF,$0.00 ,Beer/Wine,(OK) Carter
49263,RE-LOAD RT 90,RE-LOAD RT 90,* Independent Fisher59 - OKLAHOMA,(580) 355-8396,Ardmore,Active,SPECIAL-OFF,$0.00 ,Beer/Wine,(OK) Carter
49294,(L) ARDMORE ADJUSTMENTS,(L) ARDMORE ADJUSTMENTS,* Independent Fisher59 - OKLAHOMA,,Lawton,Active,ADJUSTMENT,$0.00 ,All (Beer/Wine/Spirits),(OK) InvAdj
49297,FAMILY DOLLAR #5223 (MAPLE),FAMILY DOLLAR (TX),FAMILY DOLLAR (TX),(940) 483-9998,Denton,Active,GENERAL MERCHANDISER,$0.00 ,Beer/Wine,(TX) Denton
49310,BEARDED MONK,BEARDED MONK,* Independent Fisher59 - TEXAS,(940) 999-7230,Denton,Active,BAR / TAVERN,$0.00 ,Beer/Wine,(TX) Denton
49327,(D) DELIVERY BREAKERS,(D) DELIVERY BREAKERS,* Independent Fisher59 - TEXAS,9405666717x5927,Denton,Active,ADJUSTMENT,$0.00 ,Beer/Wine,(TX) Damages
49328,(D) REPACK,(D) REPACK - CLOSED,* Independent Fisher59 - TEXAS,,Denton,Active,ADJUSTMENT,$0.00 ,All (Beer/Wine/Spirits),(TX) Damages
49329,(L) DELIVERY BREAKERS,(L) DELIVERY BREAKERS,* Independent Fisher59 - OKLAHOMA,9405666717x5927,Lawton,Active,ADJUSTMENT,$0.00 ,All (Beer/Wine/Spirits),(OK) Damages
49330,(L) REPACK,(L) REPACK,* Independent Fisher59 - OKLAHOMA,(580) 355-8396,Lawton,Active,ADJUSTMENT,$0.00 ,All (Beer/Wine/Spirits),(OK) Damages
49345,ROBSON RANCH PRO SHOP,ROBSON COMMUNITIES,* Independent Fisher59 - TEXAS,(940) 395-0146,Denton,Active,GOLF / COUNTRY CLUB,$0.00 ,Beer/Wine,(TX) Denton
49371,Default Load Wichita Falls,Default Load Wichita Falls,* Independent Fisher59 - TEXAS,47624587,Wichita Falls,Active,ADJUSTMENT,$0.00 ,Beer/Wine,"(TX) Archer, Baylor, Wichita, Wilbarger"
49734,CAFE INDIA,CAFE INDIA,* Independent Fisher59 - TEXAS,(586) 381-1719,Denton,Active,RESTAURANT,$0.00 ,Beer/Wine,(TX) Denton
50141,NAPOLIS ITALIAN RESTAURANT DENTON,NAPOLIS ITALIAN RESTAURANT,* Independent Fisher59 - TEXAS,(940) 382-3344,Denton,Active,RESTAURANT,$0.00 ,Beer/Wine,(TX) Denton
50252,7-ELEVEN GROCERY #029404,711 (Denton),711 (TX),(972) 353-4309,Denton,Active,C-STORE / GAS,$0.00 ,Non Alcohol Only,(TX) Denton
50295,BAYOU MARKET,BAYOU MARKET,* Independent Fisher59 - TEXAS,(972) 434-8500,Denton,Active,NON BEER OFF PREMISE,$0.00 ,Non Alcohol Only,(TX) Denton
53207,CASEY'S #4485,CASEY'S (D),CASEY'S (TX),(940) 382-5679,Denton,Active,C-STORE / GAS,$0.00 ,Beer/Wine,(TX) Denton
53259,J SUSHI,J SUSHI,* Independent Fisher59 - TEXAS,(214) 518-9888,Denton,Active,RESTAURANT,$0.00 ,Beer/Wine,(TX) Denton
53306,OMTECH SOLUTIONS,OMTECH SOLUTIONS,* Independent Fisher59 - TEXAS,(940) 612-5145,Denton,Active,C-STORE / GAS,$0.00 ,TABC HOLD,(TX) Cooke
53546,KNJ BEVERAGE,KNJ BEVERAGE,* Independent Fisher59 - TEXAS,(940) 442-6070,Denton,Active,C-STORE / GAS,$0.00 ,Beer/Wine,(TX) Denton
54551,COTTON PATCH CAFE - FM,COTTON PATCH CAF (D),* Independent Fisher59 - TEXAS,(972) 355-8780,Denton,Active,RESTAURANT,$0.00 ,Beer/Wine,(TX) Denton
57141,WORLD MARKET#205-FLOWER MOUND,COST PLUS (D),COST PLUS WORLD MARKET (TX),(972) 539-3355,Denton,Active,GENERAL MERCHANDISER,$0.00 ,Beer/Wine,(TX) Denton
61655,WING STOP - HIGHLAND VILLAGE,WING STOP - HIGHLAND VILLAGE,WING STOP (TX),(469) 952-1784,Denton,Active,RESTAURANT,$0.00 ,Beer/Wine,(TX) Denton
66400,NAPOLI'S RESTURANT,NAPOLI'S RESTURANT,* Independent Fisher59 - OKLAHOMA,(405) 201-9447,Lawton,Active,RESTAURANT,$0.00 ,All (Beer/Wine/Spirits),(OK) Garvin
67339,CHIPOTLE MEXICAN GRILL - LEWISVILLE MAIN,CHIPOTLE (D),CHIPOTLE (TX),,Denton,Active,RESTAURANT,$0.00 ,Beer/Wine,(TX) Denton
88881,ON HOLD,ON HOLD,* Independent Fisher59 - TEXAS,(940) 566-6717,Denton,Active,SPECIAL-OFF,$0.00 ,Beer/Wine,(TX) Denton
100019,TrayM New Customer 100019,TrayM New Customer 100019,SUNBELT (OK),,Lawton,Active,*,$0.00 ,Beer/Wine,(OK) Comanche
990003,MILLER OF DENTON,MILLER OF DENTON,* Independent Fisher59 - TEXAS,(940) 566-6717,Denton,Active,SUB-DISTRIBUTOR,$0.00 ,Beer/Wine,(TX) Cooke
990004,SOUTHERN SALES / LAWTON,SOUTHERN SALES / LAWTON,* Independent Fisher59 - TEXAS,(580) 355-8396,Wichita Falls,Active,SUB-DISTRIBUTOR,$0.00 ,Beer/Wine,"(TX) Archer, Baylor, Wichita, Wilbarger Transfers"
990005,SOUTHERN SALES / ARDMORE,SOUTHERN SALES / ARDMORE,* Independent Fisher59 - TEXAS,(580) 226-2312,Wichita Falls,Active,SUB-DISTRIBUTOR,$0.00 ,Beer/Wine,(TX) Clay
46284,ROHMERS RESTAURANT,ROHMERS RESTAURANT,* Independent Fisher59 - TEXAS,,Denton,Active,RESTAURANT,($4.00),Beer/Wine,(TX) Cooke
2286,FRISCO BASE CAMP,FRISCO BASE CAMP,* Independent Fisher59 - TEXAS,(303) 717-0581,Denton,Active,RESTAURANT,($32.60),Beer/Wine,(TX) Denton
